{"type":"FeatureCollection","name":"absecon_road_centerlines","metadata":{"source":"NJOGIS NG911 Road Centerlines (Tran_road)","url":"https://services2.arcgis.com/XVOqAjTOJ5P6ngMu/arcgis/rest/services/Tran_road/FeatureServer/0","query_url":"https://services2.arcgis.com/XVOqAjTOJ5P6ngMu/arcgis/rest/services/Tran_road/FeatureServer/0/query","retrieved_at_utc":"2026-09-04T20:04:53.633939+00:00","source_last_edit_date":1785341586960,"out_sr":4326,"query_envelope_wgs84":[-74.5313776,39.3858405,-74.4601181,39.4503344],"spatial_relationship":"esriSpatialRelIntersects","boundary_file":"absecon_boundary.geojson","boundary_sha256":"b6980203443327a4ced55b48f814e2329c48ff7c194160941c9420d143a397ed","fields":["OBJECTID","PRIMENAME","ELEVTYP_F","ELEVTYP_T"],"feature_count":1722,"complete_objectid_inventory_verified":true,"municipal_clipping":"Envelope selection only; clip against the actual municipal boundary in the application."},"features":[{"type":"Feature","id":643,"properties":{"OBJECTID":643,"PRIMENAME":"McConnell Drive","ELEVTYP_F":0,"ELEVTYP_T":0},"geometry":{"type":"LineString","coordinates":[[-74.5054269411612,39.4066701711452],[-74.5046800004747,39.4075184171713]]}},{"type":"Feature","id":1281,"properties":{"OBJECTID":1281,"PRIMENAME":"Stuart Place","ELEVTYP_F":0,"ELEVTYP_T":0},"geometry":{"type":"LineString","coordinates":[[-74.5040355385543,39.4113837955102],[-74.5040391159585,39.4114369507958],[-74.5040642516271,39.4115227242606],[-74.504094413501,39.4116123682868],[-74.5041798318289,39.4117838589735],[-74.5042495777963,39.4119489860025],[-74.5042753069546,39.4120099044734],[-74.5043255752425,39.4121151162456],[-74.5043758417937,39.4122087130582],[-74.5044264973921,39.4122821850242],[-74.5044570303563,39.4123148550311]]}},{"type":"Feature","id":1439,"properties":{"OBJECTID":1439,"PRIMENAME":"Oyster Bay Road","ELEVTYP_F":0,"ELEVTYP_T":0},"geometry":{"type":"LineString","coordinates":[[-74.5135399432712,39.4177922872355],[-74.5129155656857,39.4181211324904],[-74.5128585080116,39.4181472602307],[-74.512798298656,39.4181687131343],[-74.5127245921168,39.4181915015698],[-74.5122727002685,39.4183312129685],[-74.512056698521,39.4183979920949],[-74.5116803429888,39.4185093496412],[-74.5111911748516,39.4186550400833],[-74.5111512550045,39.4186625394795],[-74.5111102925789,39.4186648881837],[-74.5110693873947,39.4186620239348],[-74.5110296300022,39.4186540231976],[-74.5109920877453,39.4186410993622],[-74.5109577664334,39.418623599144],[-74.5107606363996,39.4185040894134],[-74.5107267021053,39.4184724555288],[-74.5107001210257,39.4184368421215],[-74.5106816528443,39.4183982643288],[-74.5106718238181,39.4183578246865],[-74.5106709151602,39.4183166797988],[-74.5106789525843,39.4182760043077],[-74.5106957063015,39.418236957563],[-74.5107637032892,39.4181171655171],[-74.511175285312,39.4173920586612],[-74.511341303319,39.4170862972767],[-74.5113643921092,39.4170579837529],[-74.5113932498389,39.4170330575714],[-74.5114270718081,39.417012220531],[-74.5114649046487,39.4169960546386],[-74.51150568581,39.4169850185033],[-74.5115482702635,39.4169794185079],[-74.5115914630207,39.4169794142114],[-74.5116136510078,39.4169823269896]]}},{"type":"Feature","id":1528,"properties":{"OBJECTID":1528,"PRIMENAME":"Cedarcrest Avenue","ELEVTYP_F":0,"ELEVTYP_T":0},"geometry":{"type":"LineString","coordinates":[[-74.5009913756507,39.4081336155007],[-74.5003404899779,39.4078655341788]]}},{"type":"Feature","id":1553,"properties":{"OBJECTID":1553,"PRIMENAME":"Oxford Avenue","ELEVTYP_F":0,"ELEVTYP_T":0},"geometry":{"type":"LineString","coordinates":[[-74.5172440783461,39.4020133263889],[-74.5171869029692,39.4020769792979]]}},{"type":"Feature","id":1742,"properties":{"OBJECTID":1742,"PRIMENAME":"South Marshall Avenue","ELEVTYP_F":0,"ELEVTYP_T":0},"geometry":{"type":"LineString","coordinates":[[-74.4813254415729,39.4450644110289],[-74.4816560919627,39.4443604280723]]}},{"type":"Feature","id":1930,"properties":{"OBJECTID":1930,"PRIMENAME":"North Main Street","ELEVTYP_F":0,"ELEVTYP_T":0},"geometry":{"type":"LineString","coordinates":[[-74.518525101321,39.3962623278586],[-74.5181585595544,39.3966759637062]]}},{"type":"Feature","id":1942,"properties":{"OBJECTID":1942,"PRIMENAME":"Price Lane","ELEVTYP_F":0,"ELEVTYP_T":0},"geometry":{"type":"LineString","coordinates":[[-74.4818763955738,39.4409144163886],[-74.4822493140455,39.4401537407367],[-74.4824128926703,39.4397885418214]]}},{"type":"Feature","id":2639,"properties":{"OBJECTID":2639,"PRIMENAME":"Cedarcrest Avenue","ELEVTYP_F":0,"ELEVTYP_T":0},"geometry":{"type":"LineString","coordinates":[[-74.5017198493952,39.4083864270516],[-74.501061702325,39.4081230169401],[-74.5009913756507,39.4081336155007]]}},{"type":"Feature","id":3209,"properties":{"OBJECTID":3209,"PRIMENAME":"Mill Road","ELEVTYP_F":0,"ELEVTYP_T":0},"geometry":{"type":"LineString","coordinates":[[-74.5249614295469,39.4155755698795],[-74.524946081274,39.4157215128535]]}},{"type":"Feature","id":3476,"properties":{"OBJECTID":3476,"PRIMENAME":"Chalfonte Avenue","ELEVTYP_F":0,"ELEVTYP_T":0},"geometry":{"type":"LineString","coordinates":[[-74.5311967589274,39.4008568897661],[-74.5313895332392,39.4005550354519],[-74.531643373984,39.400143942691]]}},{"type":"Feature","id":3589,"properties":{"OBJECTID":3589,"PRIMENAME":"East Belmar Avenue","ELEVTYP_F":0,"ELEVTYP_T":0},"geometry":{"type":"LineString","coordinates":[[-74.4724518119177,39.4462231989805],[-74.4719441600466,39.4460762415409],[-74.4711623422144,39.4458513205729],[-74.4706292702465,39.4457020441413]]}},{"type":"Feature","id":3642,"properties":{"OBJECTID":3642,"PRIMENAME":"Frankfurt Court","ELEVTYP_F":0,"ELEVTYP_T":0},"geometry":{"type":"LineString","coordinates":[[-74.5168782958251,39.3888483399261],[-74.5175620806554,39.3877016783833],[-74.5176375213001,39.3875765477998]]}},{"type":"Feature","id":4093,"properties":{"OBJECTID":4093,"PRIMENAME":"East Brown Avenue","ELEVTYP_F":0,"ELEVTYP_T":0},"geometry":{"type":"LineString","coordinates":[[-74.4777244965901,39.442493616864],[-74.4780993570537,39.4425993118821],[-74.4785182660574,39.4427202535142]]}},{"type":"Feature","id":4194,"properties":{"OBJECTID":4194,"PRIMENAME":"Atlantic City Expressway","ELEVTYP_F":0,"ELEVTYP_T":0},"geometry":{"type":"LineString","coordinates":[[-74.5241887150825,39.4020025069498],[-74.5236876065445,39.4017416906125],[-74.5225557399282,39.4011366361259],[-74.52169835152,39.4006878847504],[-74.5213330537454,39.4004925185077],[-74.521076703528,39.4003554179111],[-74.5206458101841,39.4001326688319]]}},{"type":"Feature","id":4426,"properties":{"OBJECTID":4426,"PRIMENAME":"Loraine Avenue","ELEVTYP_F":0,"ELEVTYP_T":0},"geometry":{"type":"LineString","coordinates":[[-74.5134436858764,39.3986774732717],[-74.5129024131688,39.3984651854004],[-74.5122236900471,39.3982000062223],[-74.5112119389309,39.3978047012037]]}},{"type":"Feature","id":5155,"properties":{"OBJECTID":5155,"PRIMENAME":"East Magnolia Avenue","ELEVTYP_F":0,"ELEVTYP_T":0},"geometry":{"type":"LineString","coordinates":[[-74.5223064094301,39.4474112581538],[-74.5217262488226,39.4470045756409],[-74.5207682681414,39.4463369030221],[-74.5200191386702,39.445811574657]]}},{"type":"Feature","id":5394,"properties":{"OBJECTID":5394,"PRIMENAME":"Oyster Bay Road","ELEVTYP_F":0,"ELEVTYP_T":0},"geometry":{"type":"LineString","coordinates":[[-74.5154361323262,39.4156129740038],[-74.5154219083105,39.4156387108766],[-74.5149348725551,39.4165200199516],[-74.514926682478,39.4165348391784],[-74.5145504071506,39.4171963818819],[-74.514525329802,39.4172339096767],[-74.5144943986562,39.4172687096696],[-74.5144581002015,39.4173002359104],[-74.5143791046515,39.4173657501366],[-74.514100382398,39.4175840527955],[-74.5140630735567,39.4176114623744],[-74.5140220058455,39.4176354214266],[-74.5139777064611,39.4176556209102],[-74.5139307455822,39.4176718013227],[-74.5138236038574,39.4177032997946],[-74.5135399432712,39.4177922872355]]}},{"type":"Feature","id":5500,"properties":{"OBJECTID":5500,"PRIMENAME":"Larchmont Drive","ELEVTYP_F":0,"ELEVTYP_T":0},"geometry":{"type":"LineString","coordinates":[[-74.5049626644056,39.4117166698282],[-74.5042826711286,39.4114696429844],[-74.5040355385543,39.4113837955102]]}},{"type":"Feature","id":5625,"properties":{"OBJECTID":5625,"PRIMENAME":"North Main Street","ELEVTYP_F":0,"ELEVTYP_T":0},"geometry":{"type":"LineString","coordinates":[[-74.5058151650519,39.4105171343739],[-74.5056939138047,39.4106529434621],[-74.5055285642669,39.4108375419529]]}},{"type":"Feature","id":6022,"properties":{"OBJECTID":6022,"PRIMENAME":"West New Jersey Avenue","ELEVTYP_F":0,"ELEVTYP_T":0},"geometry":{"type":"LineString","coordinates":[[-74.5274203698099,39.3923924615267],[-74.5274306304229,39.392390125123],[-74.5274501980247,39.3923901205079],[-74.5274782961891,39.392396016848],[-74.5275049804906,39.3924052636082],[-74.5275458575239,39.3924210693648],[-74.5277840379497,39.3925118940103],[-74.5279730209513,39.3925802684421],[-74.5284283611828,39.3927450089222],[-74.5284896928207,39.3927653674178],[-74.5285149978049,39.3927765077747],[-74.5285243791878,39.3927874061117],[-74.5285268942105,39.3927941327039]]}},{"type":"Feature","id":6057,"properties":{"OBJECTID":6057,"PRIMENAME":"Lenox Avenue","ELEVTYP_F":0,"ELEVTYP_T":0},"geometry":{"type":"LineString","coordinates":[[-74.5214672581932,39.3897871090476],[-74.5214670302407,39.3897857479732],[-74.5214759344867,39.3897446993443],[-74.5214930458887,39.3896987335052],[-74.5215135202579,39.3896561720847],[-74.5215203744162,39.3896229761488],[-74.5215125453492,39.3895926925288],[-74.521494436486,39.3895733835149]]}},{"type":"Feature","id":6072,"properties":{"OBJECTID":6072,"PRIMENAME":"Martin Luther King Jr Avenue","ELEVTYP_F":0,"ELEVTYP_T":0},"geometry":{"type":"LineString","coordinates":[[-74.5259247708662,39.3947917125193],[-74.5256101650987,39.3946439566075]]}},{"type":"Feature","id":6318,"properties":{"OBJECTID":6318,"PRIMENAME":"Franklin Avenue","ELEVTYP_F":0,"ELEVTYP_T":0},"geometry":{"type":"LineString","coordinates":[[-74.5187329206148,39.3921212390766],[-74.5186612492084,39.3921908251486],[-74.5185784676328,39.3922696389921],[-74.5185070177604,39.3923747544705],[-74.5184260109725,39.3925025050354],[-74.5183866853355,39.3925645253527],[-74.5183502179732,39.3926225195093]]}},{"type":"Feature","id":6632,"properties":{"OBJECTID":6632,"PRIMENAME":"Sawmill Road","ELEVTYP_F":0,"ELEVTYP_T":0},"geometry":{"type":"LineString","coordinates":[[-74.524834730887,39.4165356598976],[-74.5248344355107,39.4165378155772],[-74.5247301744802,39.4174230620007]]}},{"type":"Feature","id":6744,"properties":{"OBJECTID":6744,"PRIMENAME":"Pleasant Acres Road","ELEVTYP_F":0,"ELEVTYP_T":0},"geometry":{"type":"LineString","coordinates":[[-74.5185546792769,39.4047026035518],[-74.5181903064828,39.404552392782],[-74.51817888177,39.4045424334905],[-74.5181684964528,39.4045331406297],[-74.5181605056029,39.4045201288802],[-74.5181589038585,39.4045046389253],[-74.5181596987037,39.4044891476953],[-74.5181652837608,39.4044711785097],[-74.5183598853554,39.4042036995986],[-74.5186565333896,39.4037959490167],[-74.5186853002015,39.4037564081596],[-74.5186954516841,39.4037424548929]]}},{"type":"Feature","id":7141,"properties":{"OBJECTID":7141,"PRIMENAME":"East Leeds Avenue","ELEVTYP_F":0,"ELEVTYP_T":0},"geometry":{"type":"LineString","coordinates":[[-74.5054269411612,39.4066701711452],[-74.5045909776887,39.4063106914698]]}},{"type":"Feature","id":8161,"properties":{"OBJECTID":8161,"PRIMENAME":"Old Turnpike","ELEVTYP_F":0,"ELEVTYP_T":0},"geometry":{"type":"LineString","coordinates":[[-74.5187329206148,39.3921212390766],[-74.5183194386762,39.3919684266462],[-74.518023839938,39.391859155656],[-74.517458648866,39.3916502272109]]}},{"type":"Feature","id":8330,"properties":{"OBJECTID":8330,"PRIMENAME":"North 2nd Street","ELEVTYP_F":0,"ELEVTYP_T":0},"geometry":{"type":"LineString","coordinates":[[-74.5229462521339,39.3973862269559],[-74.5226904155428,39.3978056914184],[-74.5225733412105,39.3979935723275],[-74.522518690505,39.3980662876947],[-74.5224601446131,39.3981359833923],[-74.5222844609922,39.3983086913524],[-74.5219487649068,39.3986420228274],[-74.5218803531015,39.3987393693561]]}},{"type":"Feature","id":8552,"properties":{"OBJECTID":8552,"PRIMENAME":"Oneida Avenue","ELEVTYP_F":0,"ELEVTYP_T":0},"geometry":{"type":"LineString","coordinates":[[-74.5311967589274,39.4008568897661],[-74.5328484785073,39.4014812088732],[-74.5331424803014,39.401592242272]]}},{"type":"Feature","id":8579,"properties":{"OBJECTID":8579,"PRIMENAME":"New Jersey Avenue","ELEVTYP_F":0,"ELEVTYP_T":0},"geometry":{"type":"LineString","coordinates":[[-74.5165717652032,39.4380245909457],[-74.5169878148532,39.4383126852539],[-74.5170857363354,39.4383819710665]]}},{"type":"Feature","id":8742,"properties":{"OBJECTID":8742,"PRIMENAME":"Kline Avenue","ELEVTYP_F":0,"ELEVTYP_T":0},"geometry":{"type":"LineString","coordinates":[[-74.5176320879035,39.4097032344128],[-74.5179855876678,39.4092231861274]]}},{"type":"Feature","id":9582,"properties":{"OBJECTID":9582,"PRIMENAME":"Raveling Avenue","ELEVTYP_F":0,"ELEVTYP_T":0},"geometry":{"type":"LineString","coordinates":[[-74.5307804564032,39.38810400007],[-74.5309095418836,39.3879606423129],[-74.5310305376715,39.3878454844776],[-74.5312022532457,39.3876909405212],[-74.5313388511752,39.3875757781749],[-74.5314012785569,39.3875212319878],[-74.5314481045231,39.3874757511866],[-74.5315027402337,39.3874060789235],[-74.5316198043873,39.3872878741043]]}},{"type":"Feature","id":9990,"properties":{"OBJECTID":9990,"PRIMENAME":"North Franklin Boulevard","ELEVTYP_F":0,"ELEVTYP_T":0},"geometry":{"type":"LineString","coordinates":[[-74.5040000264943,39.4093359533246],[-74.5039500531602,39.4093924884695]]}},{"type":"Feature","id":10548,"properties":{"OBJECTID":10548,"PRIMENAME":"South Main Street","ELEVTYP_F":0,"ELEVTYP_T":0},"geometry":{"type":"LineString","coordinates":[[-74.5233534951092,39.3908331289139],[-74.5231646832051,39.3910506497908]]}},{"type":"Feature","id":10612,"properties":{"OBJECTID":10612,"PRIMENAME":"Brookville Terrace","ELEVTYP_F":0,"ELEVTYP_T":0},"geometry":{"type":"LineString","coordinates":[[-74.5194108236282,39.3933671073973],[-74.5195085791455,39.3934036240744],[-74.5200534663675,39.3936071609895]]}},{"type":"Feature","id":10695,"properties":{"OBJECTID":10695,"PRIMENAME":"Broad Street","ELEVTYP_F":0,"ELEVTYP_T":0},"geometry":{"type":"LineString","coordinates":[[-74.5306252605525,39.385664384018],[-74.53062295646,39.3857364310649],[-74.5306305332747,39.3858269258123],[-74.5306305741108,39.385920333045],[-74.5306230661934,39.3859874936872],[-74.530608020743,39.3860488082809],[-74.5305817258488,39.3861159468355],[-74.5305441429601,39.3861831153714],[-74.5304954244017,39.3862696442256]]}},{"type":"Feature","id":11031,"properties":{"OBJECTID":11031,"PRIMENAME":"Chestnut Street","ELEVTYP_F":0,"ELEVTYP_T":0},"geometry":{"type":"LineString","coordinates":[[-74.526001842174,39.3906911930454],[-74.5259430337419,39.3907877157117]]}},{"type":"Feature","id":11240,"properties":{"OBJECTID":11240,"PRIMENAME":"Holly Brook Road","ELEVTYP_F":0,"ELEVTYP_T":0},"geometry":{"type":"LineString","coordinates":[[-74.489983912267,39.4413387193207],[-74.4898047724573,39.4413408449553],[-74.4894739004938,39.4413317552733],[-74.4892091737526,39.441331731021],[-74.4890223511908,39.4413196599771],[-74.4888588301848,39.4412985036259],[-74.4886914509206,39.4412713329483],[-74.4885357581399,39.4412350750399],[-74.4883489096482,39.4411716872027],[-74.4882049083581,39.4411052830438],[-74.4880219598586,39.4410116661249],[-74.4878623857645,39.4408999840693],[-74.4876833453666,39.4407460181155],[-74.4875315684139,39.4406041624224],[-74.487356429092,39.44042002147],[-74.4872436326295,39.4403126539434]]}},{"type":"Feature","id":11445,"properties":{"OBJECTID":11445,"PRIMENAME":"Ansley Boulevard","ELEVTYP_F":0,"ELEVTYP_T":0},"geometry":{"type":"LineString","coordinates":[[-74.5237932895471,39.3872864985805],[-74.5234303104035,39.3871160389571],[-74.5232265053073,39.3870097127076]]}},{"type":"Feature","id":11491,"properties":{"OBJECTID":11491,"PRIMENAME":"Atlantic City Expressway","ELEVTYP_F":0,"ELEVTYP_T":0},"geometry":{"type":"LineString","coordinates":[[-74.5124676293705,39.3950453871287],[-74.5123659353431,39.3949261197852],[-74.5121901712455,39.3947332563156],[-74.512040133551,39.3945370677477],[-74.5119265905626,39.3944018551964],[-74.511920077354,39.3943940855255],[-74.5118958837784,39.3943524645339],[-74.5118214973948,39.394224496638],[-74.5116113883685,39.393885291966],[-74.5114227934463,39.393536145307],[-74.5112684257572,39.3932335341778],[-74.5109339984422,39.3925784514348],[-74.5106703365253,39.3920330972221],[-74.5105996066762,39.3918867967812],[-74.5103509892443,39.3914012763699],[-74.5100937362773,39.390879185258],[-74.5097465626411,39.3902673169624],[-74.5096050936592,39.3899946298205],[-74.5094550297358,39.389741904133],[-74.5093049680562,39.3894891782408],[-74.5091635461832,39.3892763463234],[-74.5090349383359,39.3891034342161],[-74.5088977705841,39.3889471622907],[-74.5086106228414,39.3885847016674],[-74.5084005938698,39.3883519120018],[-74.5081948495242,39.3881358162716],[-74.5079334079503,39.3878763970439],[-74.5078517510923,39.3877985180488],[-74.5077276686352,39.3876801785428],[-74.5074447909182,39.3874341581993],[-74.5070976558765,39.3871614808567],[-74.5067676166081,39.3869087624221],[-74.5065233186321,39.3867458215552],[-74.506321909458,39.3866128053118],[-74.5061804770307,39.3865196804239],[-74.5059533798425,39.386373403239],[-74.5057218967276,39.3862403874838],[-74.5054261953765,39.3860840911547],[-74.5051733425842,39.3859411087824],[-74.5049290194404,39.3858147642782],[-74.5047104925305,39.3857149685645],[-74.5045048112103,39.3856219261833],[-74.5042390852018,39.3855021974689],[-74.5039048231096,39.385365832584],[-74.5037119878978,39.3852860770508],[-74.503364815404,39.3851596496115],[-74.5030176788491,39.3850300088591],[-74.5026149224499,39.3848803533272],[-74.5022034999981,39.3847307226853],[-74.5016678187087,39.384551137936],[-74.500403634778,39.3840756011439],[-74.4997822349285,39.3838461735709],[-74.4983080930116,39.3832907695269],[-74.4974425132007,39.3829615757584],[-74.4969496672912,39.3827786479933],[-74.4964912157413,39.3825890469048],[-74.4955569793554,39.3822464933385],[-74.4950856194326,39.3820702307461],[-74.4945842961198,39.3818872925765],[-74.4940529369776,39.3817076999088],[-74.4935515835821,39.3815181129293],[-74.4929902650144,39.3813152305909],[-74.4925189193304,39.3811356074751],[-74.4920775407746,39.3809560115122],[-74.4915290746188,39.3807531238807],[-74.4910320148468,39.3805701706762],[-74.490376431481,39.3803240242756],[-74.4895366077879,39.380011357508],[-74.4885511092634,39.3796454597745],[-74.4875913072164,39.3792695898889],[-74.4869143091363,39.3790200994686],[-74.4863874528233,39.3788243558822],[-74.4863269236762,39.3788020439099]]}},{"type":"Feature","id":11798,"properties":{"OBJECTID":11798,"PRIMENAME":"East Forestbrook Drive","ELEVTYP_F":0,"ELEVTYP_T":0},"geometry":{"type":"LineString","coordinates":[[-74.4908777521034,39.4452940437812],[-74.490672328788,39.4452707995551],[-74.490489356985,39.4452526634189],[-74.4903570237092,39.4452375515736],[-74.4902246544744,39.4452224395747],[-74.4901156599493,39.4451982962261],[-74.4900183162971,39.4451650926635],[-74.4899249404715,39.4451228291518],[-74.4898509360881,39.4450775477864],[-74.4897419558096,39.4449507718367],[-74.4895743794058,39.4447588647567]]}},{"type":"Feature","id":12353,"properties":{"OBJECTID":12353,"PRIMENAME":"North Franklin Boulevard","ELEVTYP_F":0,"ELEVTYP_T":0},"geometry":{"type":"LineString","coordinates":[[-74.5127050853273,39.3996293093796],[-74.5124884427273,39.3998783915083],[-74.512270241812,39.4001353256914],[-74.5121235102091,39.4002987900655],[-74.512021158809,39.4004019309729]]}},{"type":"Feature","id":12508,"properties":{"OBJECTID":12508,"PRIMENAME":"East Mulberry Avenue","ELEVTYP_F":0,"ELEVTYP_T":0},"geometry":{"type":"LineString","coordinates":[[-74.5140651132124,39.3979867301266],[-74.5144452593867,39.3981858530657]]}},{"type":"Feature","id":12540,"properties":{"OBJECTID":12540,"PRIMENAME":"2nd Street","ELEVTYP_F":0,"ELEVTYP_T":0},"geometry":{"type":"LineString","coordinates":[[-74.5198288610711,39.4006948357249],[-74.519794836861,39.4006453369678],[-74.5197608166573,39.4006057506403],[-74.5196927478002,39.4005529904165],[-74.5196245886409,39.4005173688536]]}},{"type":"Feature","id":12911,"properties":{"OBJECTID":12911,"PRIMENAME":"North Main Street","ELEVTYP_F":0,"ELEVTYP_T":0},"geometry":{"type":"LineString","coordinates":[[-74.5216216666176,39.3927927104304],[-74.5213491484048,39.393095881505]]}},{"type":"Feature","id":13110,"properties":{"OBJECTID":13110,"PRIMENAME":"Franklin Avenue","ELEVTYP_F":0,"ELEVTYP_T":0},"geometry":{"type":"LineString","coordinates":[[-74.5134436858764,39.3986774732717],[-74.5133461778739,39.3987981282389],[-74.5132220364644,39.3989995639197],[-74.5131016403059,39.3991659911076],[-74.5129624502329,39.3993294836421],[-74.512793185294,39.3995280403942],[-74.5127050853273,39.3996293093796]]}},{"type":"Feature","id":13151,"properties":{"OBJECTID":13151,"PRIMENAME":"Unnamed Segment","ELEVTYP_F":0,"ELEVTYP_T":0},"geometry":{"type":"LineString","coordinates":[[-74.4923799311899,39.4151226124266],[-74.4924987307132,39.4151177125801]]}},{"type":"Feature","id":14020,"properties":{"OBJECTID":14020,"PRIMENAME":"Chalfonte Avenue","ELEVTYP_F":0,"ELEVTYP_T":0},"geometry":{"type":"LineString","coordinates":[[-74.5307723042302,39.4015213686686],[-74.5311967589274,39.4008568897661]]}},{"type":"Feature","id":14103,"properties":{"OBJECTID":14103,"PRIMENAME":"Woodland Avenue","ELEVTYP_F":0,"ELEVTYP_T":0},"geometry":{"type":"LineString","coordinates":[[-74.5208748181897,39.3981402052612],[-74.5211650901315,39.3983123324477],[-74.5215677812375,39.3985604110032],[-74.5218803531015,39.3987393693561]]}},{"type":"Feature","id":14506,"properties":{"OBJECTID":14506,"PRIMENAME":"Crestview Avenue","ELEVTYP_F":0,"ELEVTYP_T":0},"geometry":{"type":"LineString","coordinates":[[-74.5177325735777,39.4488165189339],[-74.5180086377618,39.448999170533],[-74.5183150610666,39.4492131445721],[-74.5189008849256,39.4496175928372],[-74.5191534758446,39.4498002455059],[-74.5193623922095,39.4499524562024]]}},{"type":"Feature","id":14564,"properties":{"OBJECTID":14564,"PRIMENAME":"Lenox Avenue","ELEVTYP_F":0,"ELEVTYP_T":0},"geometry":{"type":"LineString","coordinates":[[-74.521494436486,39.3895733835149],[-74.5214812909019,39.3895593658119],[-74.5213992962999,39.3895260493311],[-74.5206045226654,39.3892406438749]]}},{"type":"Feature","id":15548,"properties":{"OBJECTID":15548,"PRIMENAME":"Theresa Court","ELEVTYP_F":0,"ELEVTYP_T":0},"geometry":{"type":"LineString","coordinates":[[-74.5206014225005,39.4417374550321],[-74.5208482272916,39.4419325759289]]}},{"type":"Feature","id":15953,"properties":{"OBJECTID":15953,"PRIMENAME":"East Adams Avenue","ELEVTYP_F":0,"ELEVTYP_T":0},"geometry":{"type":"LineString","coordinates":[[-74.5183555376085,39.3950951755602],[-74.5186795002289,39.3952161254268],[-74.5192484087013,39.3954504291559]]}},{"type":"Feature","id":16105,"properties":{"OBJECTID":16105,"PRIMENAME":"Bay Drive","ELEVTYP_F":0,"ELEVTYP_T":0},"geometry":{"type":"LineString","coordinates":[[-74.5166607054816,39.3859545004142],[-74.5160591232069,39.3857359477537],[-74.5158578535428,39.3856658782634]]}},{"type":"Feature","id":16279,"properties":{"OBJECTID":16279,"PRIMENAME":"South Seaview Avenue","ELEVTYP_F":0,"ELEVTYP_T":0},"geometry":{"type":"LineString","coordinates":[[-74.4907501680406,39.4460529267643],[-74.4906468934644,39.446667280508],[-74.4905739689103,39.4470855530464],[-74.4904451296771,39.4478245214595],[-74.4902681343788,39.448836436698],[-74.4902415524549,39.4489903264452]]}},{"type":"Feature","id":16282,"properties":{"OBJECTID":16282,"PRIMENAME":"Franklin Avenue","ELEVTYP_F":0,"ELEVTYP_T":0},"geometry":{"type":"LineString","coordinates":[[-74.5110964699105,39.4013933101251],[-74.511017423027,39.4014812882863],[-74.5107916743569,39.4017411308359],[-74.5105860214041,39.4019700276179]]}},{"type":"Feature","id":16689,"properties":{"OBJECTID":16689,"PRIMENAME":"East Reading Avenue","ELEVTYP_F":0,"ELEVTYP_T":0},"geometry":{"type":"LineString","coordinates":[[-74.5115565966362,39.4008774121854],[-74.511798396937,39.40098037676],[-74.5124223618949,39.4012256086553],[-74.5131559113012,39.4015329586585],[-74.5136434487861,39.4017335825466]]}},{"type":"Feature","id":16975,"properties":{"OBJECTID":16975,"PRIMENAME":"East Ocean Avenue","ELEVTYP_F":0,"ELEVTYP_T":0},"geometry":{"type":"LineString","coordinates":[[-74.4647979605977,39.444761278625],[-74.4647687819517,39.444751800618],[-74.4646299617826,39.4446908880645],[-74.4644971706107,39.4446159463779],[-74.4642647978741,39.4444777975225],[-74.4640263696097,39.4443396184024],[-74.463238666923,39.4438759095628],[-74.4623927193475,39.4433840950995],[-74.4623242397035,39.4433442811444],[-74.461772005128,39.4430140760568]]}},{"type":"Feature","id":17235,"properties":{"OBJECTID":17235,"PRIMENAME":"Larchmont Avenue","ELEVTYP_F":0,"ELEVTYP_T":0},"geometry":{"type":"LineString","coordinates":[[-74.5017375504872,39.4099635276632],[-74.5015619938294,39.4099754189408],[-74.5014916308057,39.4099987857678],[-74.5014105081106,39.4100386256487],[-74.5013537359977,39.4100610310706],[-74.5013440026365,39.4100648749055],[-74.5012692848047,39.4100866490302],[-74.5011828174565,39.4101007078585],[-74.5010904021633,39.4101094942847],[-74.5010140919577,39.4101175949876],[-74.5009183506834,39.4101134493934],[-74.5007960972757,39.4101031541306],[-74.5006365752195,39.4100784172932],[-74.5005142869402,39.4100495336862],[-74.500397343821,39.4100062352992],[-74.4998842675521,39.4098165108211],[-74.4996104578763,39.4097113524089]]}},{"type":"Feature","id":18388,"properties":{"OBJECTID":18388,"PRIMENAME":"Cedarcrest Avenue","ELEVTYP_F":0,"ELEVTYP_T":0},"geometry":{"type":"LineString","coordinates":[[-74.5025163601018,39.4088024056816],[-74.5032765265974,39.409105808423]]}},{"type":"Feature","id":18995,"properties":{"OBJECTID":18995,"PRIMENAME":"Ambassador Avenue","ELEVTYP_F":0,"ELEVTYP_T":0},"geometry":{"type":"LineString","coordinates":[[-74.5086103952281,39.4330499456474],[-74.5087031127335,39.4329655105159],[-74.5087149017447,39.4329547739178],[-74.5088456726362,39.4328098769264],[-74.5089808708034,39.4326722822154]]}},{"type":"Feature","id":19471,"properties":{"OBJECTID":19471,"PRIMENAME":"Libby Lane","ELEVTYP_F":0,"ELEVTYP_T":0},"geometry":{"type":"LineString","coordinates":[[-74.4724518119177,39.4462231989805],[-74.4725237964439,39.4460669899985],[-74.4727413245574,39.4456433894371],[-74.4727679024169,39.4455955669762]]}},{"type":"Feature","id":19917,"properties":{"OBJECTID":19917,"PRIMENAME":"FR US 30 WB to MICHIGAN AVE","ELEVTYP_F":0,"ELEVTYP_T":0},"geometry":{"type":"LineString","coordinates":[[-74.5080450894339,39.4298568621842],[-74.5081624072383,39.4300488016345],[-74.5082060360213,39.4301421780738],[-74.5082100137806,39.4302459354045],[-74.5081867638098,39.4303445330762],[-74.5081387301585,39.430429870919],[-74.5080102301414,39.4305994507063]]}},{"type":"Feature","id":20071,"properties":{"OBJECTID":20071,"PRIMENAME":"South Franklin Boulevard","ELEVTYP_F":0,"ELEVTYP_T":0},"geometry":{"type":"LineString","coordinates":[[-74.520891061402,39.3887647424238],[-74.5206045226654,39.3892406438749]]}},{"type":"Feature","id":20144,"properties":{"OBJECTID":20144,"PRIMENAME":"South 8th Avenue","ELEVTYP_F":0,"ELEVTYP_T":0},"geometry":{"type":"LineString","coordinates":[[-74.5206014225005,39.4417374550321],[-74.5212366304019,39.4411871078096]]}},{"type":"Feature","id":20493,"properties":{"OBJECTID":20493,"PRIMENAME":"Holly Brook Road","ELEVTYP_F":0,"ELEVTYP_T":0},"geometry":{"type":"LineString","coordinates":[[-74.491556213808,39.4414849119027],[-74.4913501663036,39.4414496431727],[-74.491210014481,39.4414345317067],[-74.4909375357853,39.4414103766468],[-74.4905832952493,39.4413801456898],[-74.490057813621,39.4413378473822],[-74.489983912267,39.4413387193207]]}},{"type":"Feature","id":20721,"properties":{"OBJECTID":20721,"PRIMENAME":"West Delilah Road","ELEVTYP_F":0,"ELEVTYP_T":0},"geometry":{"type":"LineString","coordinates":[[-74.5256521412071,39.4102180342532],[-74.5254300806262,39.4101309637531],[-74.5247247304939,39.4098039445405],[-74.5244952368906,39.4097097619975],[-74.5234726952625,39.4092780544637],[-74.5232027433934,39.4091655651135],[-74.5221992760942,39.4087359251938],[-74.5221700561229,39.4087234141205],[-74.5214561177471,39.4084141494724]]}},{"type":"Feature","id":20989,"properties":{"OBJECTID":20989,"PRIMENAME":"Linden Avenue","ELEVTYP_F":0,"ELEVTYP_T":0},"geometry":{"type":"LineString","coordinates":[[-74.5198083665324,39.3975534252511],[-74.5197287143097,39.3975773533276],[-74.5196580872038,39.3976031751161],[-74.5195675063833,39.3976487134114],[-74.5195362412295,39.3976739817104],[-74.5195048831923,39.397699325684],[-74.5193816290041,39.3978346254026],[-74.5193378647813,39.3978834931864],[-74.518984692718,39.3982778394863]]}},{"type":"Feature","id":21142,"properties":{"OBJECTID":21142,"PRIMENAME":"Unnamed Segment","ELEVTYP_F":0,"ELEVTYP_T":0},"geometry":{"type":"LineString","coordinates":[[-74.5134585235031,39.4347792074342],[-74.5133077617081,39.4346786020306],[-74.5128332518173,39.4343619491437],[-74.5127729537021,39.4343109552915],[-74.5127619816746,39.4342514569744],[-74.5127893729167,39.4341877017748],[-74.5129887492868,39.4340178882235],[-74.5130052823263,39.4339844235233],[-74.5130079709492,39.4339502658544],[-74.5129962786984,39.4339164602037],[-74.5129680206939,39.433883642774],[-74.5128219031256,39.4337879545656]]}},{"type":"Feature","id":21765,"properties":{"OBJECTID":21765,"PRIMENAME":"Alden Place","ELEVTYP_F":0,"ELEVTYP_T":0},"geometry":{"type":"LineString","coordinates":[[-74.5045819416005,39.4104622802264],[-74.5046520562128,39.4104313610207],[-74.5047224189862,39.4103962692481],[-74.5048479961192,39.410361174243],[-74.5052641302691,39.4103090988069],[-74.5053152705608,39.4103026989854],[-74.5057172407671,39.4102403264087],[-74.5059118097438,39.4102360973241],[-74.5060691310427,39.4102326760816]]}},{"type":"Feature","id":21967,"properties":{"OBJECTID":21967,"PRIMENAME":"Sawmill Road","ELEVTYP_F":0,"ELEVTYP_T":0},"geometry":{"type":"LineString","coordinates":[[-74.5247113728027,39.4175826978032],[-74.5246583980629,39.4180323356228],[-74.5245832932819,39.4185661876068]]}},{"type":"Feature","id":22089,"properties":{"OBJECTID":22089,"PRIMENAME":"North Franklin Boulevard","ELEVTYP_F":0,"ELEVTYP_T":0},"geometry":{"type":"LineString","coordinates":[[-74.5014732814153,39.4126599516576],[-74.5012133073152,39.4130755628646],[-74.5007678224116,39.4137928955618]]}},{"type":"Feature","id":22231,"properties":{"OBJECTID":22231,"PRIMENAME":"East Cornell Avenue","ELEVTYP_F":0,"ELEVTYP_T":0},"geometry":{"type":"LineString","coordinates":[[-74.4755116871484,39.4441813526031],[-74.4750564093993,39.4440534733609],[-74.4747077022198,39.443951360323],[-74.4743055396504,39.4438335930091],[-74.4739134047445,39.4437187604465],[-74.4738988258817,39.443714491003],[-74.4738185561279,39.4436911900718],[-74.4737792559885,39.4436734166078],[-74.4737497679256,39.4436505387287],[-74.473741201157,39.4436405703803]]}},{"type":"Feature","id":22279,"properties":{"OBJECTID":22279,"PRIMENAME":"Atlantic Avenue","ELEVTYP_F":0,"ELEVTYP_T":0},"geometry":{"type":"LineString","coordinates":[[-74.5076638627584,39.4034288579479],[-74.5072837460996,39.4032668882696],[-74.5069169743913,39.4031131814196],[-74.5068663979622,39.4030837515784],[-74.5068284214655,39.4030608545003],[-74.5068157841944,39.4030281551905],[-74.5068157819648,39.4030052558765],[-74.5068199904589,39.4029758498151],[-74.5068326563739,39.4029333185563],[-74.5068874321287,39.4028417207691],[-74.5070686775104,39.4025833442547]]}},{"type":"Feature","id":22442,"properties":{"OBJECTID":22442,"PRIMENAME":"West Reading Avenue","ELEVTYP_F":0,"ELEVTYP_T":0},"geometry":{"type":"LineString","coordinates":[[-74.5235043261749,39.4056341972168],[-74.5235993597874,39.4056751311663],[-74.523776452557,39.405753592847],[-74.5239071851433,39.4058385991165],[-74.5241096086785,39.4059857241602],[-74.5245228488757,39.4062865337571],[-74.52489817799,39.4065611843809],[-74.5252313103959,39.4068064083199],[-74.5255138532442,39.4070090857929],[-74.5256825486933,39.4071399064347],[-74.5257801915113,39.4072192067922]]}},{"type":"Feature","id":23217,"properties":{"OBJECTID":23217,"PRIMENAME":"North 1st Street","ELEVTYP_F":0,"ELEVTYP_T":0},"geometry":{"type":"LineString","coordinates":[[-74.5237737216442,39.392391945963],[-74.5230891917159,39.393471786416]]}},{"type":"Feature","id":23328,"properties":{"OBJECTID":23328,"PRIMENAME":"Delaware Avenue","ELEVTYP_F":0,"ELEVTYP_T":0},"geometry":{"type":"LineString","coordinates":[[-74.5012301884345,39.4289422591959],[-74.5014847456894,39.4291180048081]]}},{"type":"Feature","id":25291,"properties":{"OBJECTID":25291,"PRIMENAME":"Pitney Road","ELEVTYP_F":0,"ELEVTYP_T":0},"geometry":{"type":"LineString","coordinates":[[-74.4994324610672,39.4316725837345],[-74.4994136946961,39.4317799651388],[-74.4993565470765,39.4321234177062]]}},{"type":"Feature","id":25931,"properties":{"OBJECTID":25931,"PRIMENAME":"Lyons Court","ELEVTYP_F":0,"ELEVTYP_T":0},"geometry":{"type":"LineString","coordinates":[[-74.5192346947513,39.3881649088692],[-74.519392042737,39.3879025348978],[-74.5199661443328,39.3869417864234]]}},{"type":"Feature","id":27254,"properties":{"OBJECTID":27254,"PRIMENAME":"West Reading Avenue","ELEVTYP_F":0,"ELEVTYP_T":0},"geometry":{"type":"LineString","coordinates":[[-74.5186954516841,39.4037424548929],[-74.5188164711088,39.40378970051],[-74.5190475668133,39.4038799170462],[-74.5192803120944,39.4039707769226],[-74.5201040215234,39.4042923358074],[-74.5201484435088,39.4043100252944],[-74.5206705327129,39.4045179380753],[-74.5213436162067,39.4047859756078],[-74.5220435345936,39.4050474778359],[-74.5222058931907,39.4050987089373]]}},{"type":"Feature","id":28989,"properties":{"OBJECTID":28989,"PRIMENAME":"Cedarcrest Avenue","ELEVTYP_F":0,"ELEVTYP_T":0},"geometry":{"type":"LineString","coordinates":[[-74.5039500531602,39.4093924884695],[-74.5059181358233,39.4102048427787],[-74.5059478661764,39.4102103217408],[-74.5060691310427,39.4102326760816]]}},{"type":"Feature","id":29706,"properties":{"OBJECTID":29706,"PRIMENAME":"Blenheim Avenue","ELEVTYP_F":0,"ELEVTYP_T":0},"geometry":{"type":"LineString","coordinates":[[-74.5181113918304,39.4438777259023],[-74.5174626507046,39.4434406657711]]}},{"type":"Feature","id":29868,"properties":{"OBJECTID":29868,"PRIMENAME":"South 2nd Street","ELEVTYP_F":0,"ELEVTYP_T":0},"geometry":{"type":"LineString","coordinates":[[-74.5252982637123,39.3917905724018],[-74.5250050516626,39.3922685604439],[-74.5248618274801,39.3925020391749],[-74.5247324715554,39.392714153092],[-74.524716300849,39.3927406681094]]}},{"type":"Feature","id":29935,"properties":{"OBJECTID":29935,"PRIMENAME":"Belmont Avenue","ELEVTYP_F":0,"ELEVTYP_T":0},"geometry":{"type":"LineString","coordinates":[[-74.5296704178266,39.3993944319594],[-74.5294889212956,39.399679723859],[-74.5292250596774,39.400103857205]]}},{"type":"Feature","id":34291,"properties":{"OBJECTID":34291,"PRIMENAME":"Plum Street","ELEVTYP_F":0,"ELEVTYP_T":0},"geometry":{"type":"LineString","coordinates":[[-74.5262039905629,39.4199762648891],[-74.526186611037,39.4199968953303],[-74.5261067330375,39.4200479274127],[-74.5259563409035,39.4201026549655]]}},{"type":"Feature","id":35325,"properties":{"OBJECTID":35325,"PRIMENAME":"North Main Street","ELEVTYP_F":0,"ELEVTYP_T":0},"geometry":{"type":"LineString","coordinates":[[-74.5097289854648,39.4061274599937],[-74.5093801407104,39.4065224500223],[-74.5091252100169,39.406807167123]]}},{"type":"Feature","id":36999,"properties":{"OBJECTID":36999,"PRIMENAME":"Unnamed Segment","ELEVTYP_F":0,"ELEVTYP_T":0},"geometry":{"type":"LineString","coordinates":[[-74.5229462521339,39.3973862269559],[-74.5223887777923,39.3971758059888],[-74.5218404183489,39.3969613900703]]}},{"type":"Feature","id":37043,"properties":{"OBJECTID":37043,"PRIMENAME":"Fire Road","ELEVTYP_F":0,"ELEVTYP_T":0},"geometry":{"type":"LineString","coordinates":[[-74.534718627249,39.4141091488444],[-74.5343855371866,39.4143769208765],[-74.5333196182225,39.4152226987391],[-74.5326356894233,39.415779188637],[-74.5321128374329,39.4161916478833],[-74.5319177480476,39.416345543066],[-74.5314753887913,39.4166944951536],[-74.5309229098373,39.4171356592182],[-74.5301641069952,39.4177415650091],[-74.529607511887,39.4181772226269],[-74.5288905062669,39.4187548395341]]}},{"type":"Feature","id":39716,"properties":{"OBJECTID":39716,"PRIMENAME":"Atlantic City Expressway","ELEVTYP_F":0,"ELEVTYP_T":0},"geometry":{"type":"LineString","coordinates":[[-74.5336511214664,39.4057431113836],[-74.5336425555979,39.4057431138611],[-74.5334968072353,39.4057364836735],[-74.5332739018163,39.4057265532373],[-74.533098137933,39.4057133147363],[-74.5329309388177,39.4057000726449],[-74.532776587991,39.4056868555196],[-74.5326265892024,39.4056735531943],[-74.5324207721361,39.4056470055296],[-74.5321678769851,39.4056071818877],[-74.531850632918,39.4055540308412],[-74.5315205333657,39.4054810035005],[-74.5312204482874,39.4054112352831],[-74.530933206391,39.4053314963959],[-74.5306674124446,39.4052483731364],[-74.5303629993949,39.4051520806109],[-74.5301229312399,39.4050590108313],[-74.5298785423401,39.4049560013065],[-74.529664170462,39.4048629239744],[-74.5293640232081,39.4047200066941],[-74.5291749221985,39.4046258780448],[-74.5289567233698,39.4045172597137],[-74.5289077591972,39.4044916656709]]}},{"type":"Feature","id":44614,"properties":{"OBJECTID":44614,"PRIMENAME":"South Hampden Court","ELEVTYP_F":0,"ELEVTYP_T":0},"geometry":{"type":"LineString","coordinates":[[-74.5180010899205,39.3902266025419],[-74.5182003531243,39.3898878688414],[-74.5183223079244,39.3896805510266]]}},{"type":"Feature","id":44675,"properties":{"OBJECTID":44675,"PRIMENAME":"South 8th Avenue","ELEVTYP_F":0,"ELEVTYP_T":0},"geometry":{"type":"LineString","coordinates":[[-74.5088376014842,39.4518674644903],[-74.509987119272,39.450875731579],[-74.5112258382816,39.4498150361571],[-74.5118027958675,39.4493050331134],[-74.5129082899507,39.4483632190902],[-74.5133924576032,39.4479470641327],[-74.5146471802376,39.4468612895648],[-74.5147855832587,39.446745009883],[-74.5149860922871,39.4465765515307],[-74.5155065247646,39.4461228503869],[-74.5156611159411,39.4459902072255],[-74.5163416358565,39.4454062903225],[-74.5174187866296,39.4444769569542],[-74.5175628454817,39.4443523109782]]}},{"type":"Feature","id":46231,"properties":{"OBJECTID":46231,"PRIMENAME":"FR ACE WB TO US 9 NB","ELEVTYP_F":0,"ELEVTYP_T":0},"geometry":{"type":"LineString","coordinates":[[-74.5235939507655,39.4023317510423],[-74.5236525408518,39.4023892878536],[-74.5236798832662,39.4024498784165],[-74.5236994414099,39.4025165392689],[-74.5237014424221,39.4026344287643],[-74.5236648610956,39.4027734003999],[-74.5236014932815,39.4029483393173]]}},{"type":"Feature","id":48049,"properties":{"OBJECTID":48049,"PRIMENAME":"Unnamed Segment","ELEVTYP_F":0,"ELEVTYP_T":0},"geometry":{"type":"LineString","coordinates":[[-74.5141925820089,39.4341391733429],[-74.5134585235031,39.4347792074342]]}},{"type":"Feature","id":49896,"properties":{"OBJECTID":49896,"PRIMENAME":"East Leeds Avenue","ELEVTYP_F":0,"ELEVTYP_T":0},"geometry":{"type":"LineString","coordinates":[[-74.5082201596521,39.4078234279666],[-74.508114685611,39.4078089928101],[-74.5080253856628,39.4077826136061],[-74.5077149378286,39.4076506787851],[-74.5066517188623,39.4071954600252],[-74.5064349998836,39.4071025868798]]}},{"type":"Feature","id":50428,"properties":{"OBJECTID":50428,"PRIMENAME":"East Washington Avenue","ELEVTYP_F":0,"ELEVTYP_T":0},"geometry":{"type":"LineString","coordinates":[[-74.5180010899205,39.3902266025419],[-74.5181393859765,39.3902809725691],[-74.5187913737214,39.3905248764406]]}},{"type":"Feature","id":51238,"properties":{"OBJECTID":51238,"PRIMENAME":"Ansley Boulevard","ELEVTYP_F":0,"ELEVTYP_T":0},"geometry":{"type":"LineString","coordinates":[[-74.5251599228143,39.3879244875626],[-74.5250332730572,39.3878543151187],[-74.5248914704984,39.3877930079024]]}},{"type":"Feature","id":51586,"properties":{"OBJECTID":51586,"PRIMENAME":"South Marshall Avenue","ELEVTYP_F":0,"ELEVTYP_T":0},"geometry":{"type":"LineString","coordinates":[[-74.4816560919627,39.4443604280723],[-74.4817733698912,39.4441107033424],[-74.4819700766872,39.4437155004433]]}},{"type":"Feature","id":52438,"properties":{"OBJECTID":52438,"PRIMENAME":"Belmont Avenue","ELEVTYP_F":0,"ELEVTYP_T":0},"geometry":{"type":"LineString","coordinates":[[-74.5278774308468,39.4021398980398],[-74.5273706795093,39.4028735198154]]}},{"type":"Feature","id":52467,"properties":{"OBJECTID":52467,"PRIMENAME":"Toledo Avenue","ELEVTYP_F":0,"ELEVTYP_T":0},"geometry":{"type":"LineString","coordinates":[[-74.5127428592642,39.386089642539],[-74.5127388878367,39.3860437631394],[-74.5127428436819,39.3860039777226],[-74.5127664682253,39.3859427743941],[-74.5133459831587,39.3849634695306],[-74.5133577926652,39.3849236831842],[-74.5133659860378,39.3848403243717]]}},{"type":"Feature","id":52749,"properties":{"OBJECTID":52749,"PRIMENAME":"West Adams Avenue","ELEVTYP_F":0,"ELEVTYP_T":0},"geometry":{"type":"LineString","coordinates":[[-74.5243372633203,39.3973616054591],[-74.5247637447413,39.3975204893313],[-74.5252941761118,39.3977186664673]]}},{"type":"Feature","id":53242,"properties":{"OBJECTID":53242,"PRIMENAME":"Unnamed Segment","ELEVTYP_F":0,"ELEVTYP_T":0},"geometry":{"type":"LineString","coordinates":[[-74.5148766772083,39.4135720249629],[-74.5144243718947,39.4143010130812]]}},{"type":"Feature","id":53392,"properties":{"OBJECTID":53392,"PRIMENAME":"Mill Road","ELEVTYP_F":0,"ELEVTYP_T":0},"geometry":{"type":"LineString","coordinates":[[-74.5251939378047,39.4136978329349],[-74.5251379131158,39.4141069998322]]}},{"type":"Feature","id":53403,"properties":{"OBJECTID":53403,"PRIMENAME":"Broad Street","ELEVTYP_F":0,"ELEVTYP_T":0},"geometry":{"type":"LineString","coordinates":[[-74.5304954244017,39.3862696442256],[-74.5304915351174,39.3862765364079],[-74.5303244920658,39.386550408752],[-74.5303223506731,39.3865539197495],[-74.5301181890685,39.3868836649071],[-74.5300855222908,39.38693642453]]}},{"type":"Feature","id":54008,"properties":{"OBJECTID":54008,"PRIMENAME":"2nd Avenue","ELEVTYP_F":0,"ELEVTYP_T":0},"geometry":{"type":"LineString","coordinates":[[-74.524116899385,39.3937235914852],[-74.5240088445839,39.3939007741462]]}},{"type":"Feature","id":54463,"properties":{"OBJECTID":54463,"PRIMENAME":"Martin Terrace","ELEVTYP_F":0,"ELEVTYP_T":0},"geometry":{"type":"LineString","coordinates":[[-74.5196245886409,39.4005173688536],[-74.5194971203407,39.4004507479485],[-74.5187699041709,39.400064884081],[-74.5178442404313,39.3995676817083]]}},{"type":"Feature","id":54586,"properties":{"OBJECTID":54586,"PRIMENAME":"North Franklin Boulevard","ELEVTYP_F":0,"ELEVTYP_T":0},"geometry":{"type":"LineString","coordinates":[[-74.5030248618679,39.4104379500601],[-74.5027943121523,39.4106978308653],[-74.5027670950303,39.4107284182432],[-74.5025877220019,39.4109300353369],[-74.5024359568894,39.411139366939],[-74.5022673076436,39.411391201195],[-74.5021834252567,39.4115252186784]]}},{"type":"Feature","id":55421,"properties":{"OBJECTID":55421,"PRIMENAME":"South Main Street","ELEVTYP_F":0,"ELEVTYP_T":0},"geometry":{"type":"LineString","coordinates":[[-74.5241447559175,39.389929205961],[-74.5240705307816,39.3900111243384]]}},{"type":"Feature","id":56308,"properties":{"OBJECTID":56308,"PRIMENAME":"Martin Luther King Avenue","ELEVTYP_F":0,"ELEVTYP_T":0},"geometry":{"type":"LineString","coordinates":[[-74.5280552016982,39.3957919279989],[-74.5270188032318,39.3952983119161],[-74.5269519105578,39.3952677415252]]}},{"type":"Feature","id":57126,"properties":{"OBJECTID":57126,"PRIMENAME":"South Mill Road","ELEVTYP_F":0,"ELEVTYP_T":0},"geometry":{"type":"LineString","coordinates":[[-74.522081182548,39.4299254975979],[-74.5218837018443,39.4299429149341],[-74.5216198766357,39.4299693495721],[-74.5215225841276,39.4299801564839],[-74.5213752230253,39.4299965250506],[-74.5213220287972,39.4300024341459],[-74.5206496838586,39.4300751778588],[-74.5205248189769,39.4300897487622],[-74.5197798066009,39.430176676118],[-74.5197433230633,39.4301809322855],[-74.5192030666333,39.4302401646843],[-74.5190199594228,39.4302602375453],[-74.5187963521294,39.4302902560841]]}},{"type":"Feature","id":57318,"properties":{"OBJECTID":57318,"PRIMENAME":"Cherry Street","ELEVTYP_F":0,"ELEVTYP_T":0},"geometry":{"type":"LineString","coordinates":[[-74.500433683766,39.4253549632269],[-74.5004478794902,39.4253645837123],[-74.5004657582531,39.4253692236603],[-74.5004919555717,39.4253738365465],[-74.5005205606242,39.4253747696498],[-74.500559891937,39.4253692232433],[-74.5006194736114,39.4253507169136],[-74.5007112351802,39.4253174669735],[-74.5010689365604,39.4251907532544]]}},{"type":"Feature","id":60505,"properties":{"OBJECTID":60505,"PRIMENAME":"East Brown Avenue","ELEVTYP_F":0,"ELEVTYP_T":0},"geometry":{"type":"LineString","coordinates":[[-74.470888362456,39.4404747512222],[-74.4710060376627,39.4405403190129],[-74.4710374053636,39.4405551845759],[-74.4711147247244,39.4405918266115],[-74.4712596000777,39.4406433709794],[-74.4715373220698,39.4407253415444],[-74.4718813607362,39.440823746324],[-74.4721651040909,39.4409033828777],[-74.4727597107593,39.441079107013],[-74.4728268742232,39.4410984069859],[-74.4739580368722,39.4414234372982],[-74.4746766920106,39.4416242367947],[-74.4747126237725,39.4416342758869],[-74.4751291858752,39.4417490506669],[-74.4762399725706,39.4420676118952],[-74.4764843486355,39.442138365106],[-74.4772270204889,39.4423533826627],[-74.4777244965901,39.442493616864]]}},{"type":"Feature","id":60777,"properties":{"OBJECTID":60777,"PRIMENAME":"Mill Road","ELEVTYP_F":0,"ELEVTYP_T":0},"geometry":{"type":"LineString","coordinates":[[-74.5266863502393,39.4026531198798],[-74.5266987420133,39.4026664336085],[-74.5267150959714,39.4026749145184],[-74.5267469511254,39.4026844340922],[-74.5269388978061,39.4027427897668],[-74.5271571775256,39.402809870464],[-74.5273641670636,39.4028711324177],[-74.5273706795093,39.4028735198154]]}},{"type":"Feature","id":60922,"properties":{"OBJECTID":60922,"PRIMENAME":"Pleasant Acres Road","ELEVTYP_F":0,"ELEVTYP_T":0},"geometry":{"type":"LineString","coordinates":[[-74.516149070012,39.4061426170917],[-74.5161494937127,39.4061420765513],[-74.5163146100109,39.405931553066],[-74.5164061484747,39.4058398420911],[-74.5164358973792,39.40581003754],[-74.5165623434486,39.4057625536137]]}},{"type":"Feature","id":60945,"properties":{"OBJECTID":60945,"PRIMENAME":"Yale Avenue","ELEVTYP_F":0,"ELEVTYP_T":0},"geometry":{"type":"LineString","coordinates":[[-74.4801406266375,39.4431842792086],[-74.4804490240635,39.4425425938671]]}},{"type":"Feature","id":61055,"properties":{"OBJECTID":61055,"PRIMENAME":"Chatham Avenue","ELEVTYP_F":0,"ELEVTYP_T":0},"geometry":{"type":"LineString","coordinates":[[-74.5110964699105,39.4013933101251],[-74.5120093128735,39.4017652827392],[-74.5120683507717,39.4018045399395],[-74.5121256187044,39.4018474761745],[-74.5122044781437,39.4019020791225],[-74.5122945908573,39.4019555818477],[-74.5124368007869,39.4020211055677],[-74.512571931162,39.4020768003142],[-74.5126423648704,39.402117209017],[-74.5127014754475,39.4021630822851],[-74.5127423221267,39.4021969318025],[-74.5127887947421,39.4022264144942],[-74.5128789063095,39.4022689900216],[-74.5129521006812,39.402305032037],[-74.5130807917764,39.4023628690164]]}},{"type":"Feature","id":61191,"properties":{"OBJECTID":61191,"PRIMENAME":"Prospect Avenue","ELEVTYP_F":0,"ELEVTYP_T":0},"geometry":{"type":"LineString","coordinates":[[-74.5250724009501,39.3871468050951],[-74.5250616883025,39.387168634821],[-74.5250452640922,39.3872516953255],[-74.52499183621,39.387548814072],[-74.5249630706126,39.3876510688692],[-74.5249428258849,39.3876952955504],[-74.5249090826806,39.3877690066774],[-74.5248914704984,39.3877930079024]]}},{"type":"Feature","id":61212,"properties":{"OBJECTID":61212,"PRIMENAME":"East Cresson Avenue","ELEVTYP_F":0,"ELEVTYP_T":0},"geometry":{"type":"LineString","coordinates":[[-74.4996649946685,39.4483528707065],[-74.4996182829272,39.4483649511387],[-74.499548199174,39.4483589101511],[-74.499388590248,39.4483408160365],[-74.4992372468858,39.4483257277134],[-74.498843537646,39.4482864758906],[-74.4984036298317,39.4482381745157],[-74.4980610387467,39.4482049479591],[-74.4966347244863,39.4480528890202]]}},{"type":"Feature","id":61336,"properties":{"OBJECTID":61336,"PRIMENAME":"South 8th Avenue","ELEVTYP_F":0,"ELEVTYP_T":0},"geometry":{"type":"LineString","coordinates":[[-74.5183826051136,39.4446727372621],[-74.5177259171319,39.4442112701285]]}},{"type":"Feature","id":61440,"properties":{"OBJECTID":61440,"PRIMENAME":"East Elm Avenue","ELEVTYP_F":0,"ELEVTYP_T":0},"geometry":{"type":"LineString","coordinates":[[-74.499887713736,39.4470388663395],[-74.4998743269852,39.4470264011081],[-74.4998440493585,39.4470097075167],[-74.4997973397764,39.4469976538916],[-74.499622151248,39.4469795051168],[-74.4993499884857,39.446952279156],[-74.4981739728048,39.446834631684],[-74.4977729928501,39.4467833090467],[-74.497294141545,39.4467229500578],[-74.4968691168114,39.446686312126]]}},{"type":"Feature","id":61486,"properties":{"OBJECTID":61486,"PRIMENAME":"West Delilah Road","ELEVTYP_F":0,"ELEVTYP_T":0},"geometry":{"type":"LineString","coordinates":[[-74.5176491151871,39.4067841506943],[-74.5174118917922,39.4066825299858],[-74.5172138489096,39.4065978786233]]}},{"type":"Feature","id":62296,"properties":{"OBJECTID":62296,"PRIMENAME":"South Edgeley Avenue","ELEVTYP_F":0,"ELEVTYP_T":0},"geometry":{"type":"LineString","coordinates":[[-74.5237932895471,39.3872864985805],[-74.5234585503806,39.3878682616593]]}},{"type":"Feature","id":62357,"properties":{"OBJECTID":62357,"PRIMENAME":"7th Avenue","ELEVTYP_F":0,"ELEVTYP_T":0},"geometry":{"type":"LineString","coordinates":[[-74.5003174695184,39.4122321059506],[-74.5002730478676,39.4123037125857],[-74.4996261882171,39.4133597705849]]}},{"type":"Feature","id":62397,"properties":{"OBJECTID":62397,"PRIMENAME":"North Main Street","ELEVTYP_F":0,"ELEVTYP_T":0},"geometry":{"type":"LineString","coordinates":[[-74.5091252100169,39.406807167123],[-74.5087897339139,39.4071818646126]]}},{"type":"Feature","id":62691,"properties":{"OBJECTID":62691,"PRIMENAME":"Marvin J Maxwell Lane","ELEVTYP_F":0,"ELEVTYP_T":0},"geometry":{"type":"LineString","coordinates":[[-74.5137747679028,39.4063403883066],[-74.513226138621,39.4060996584537],[-74.5131136176339,39.4060529402586]]}},{"type":"Feature","id":62825,"properties":{"OBJECTID":62825,"PRIMENAME":"Martin Luther King Jr Avenue","ELEVTYP_F":0,"ELEVTYP_T":0},"geometry":{"type":"LineString","coordinates":[[-74.5243948286913,39.3940808087969],[-74.5240088445839,39.3939007741462]]}},{"type":"Feature","id":63212,"properties":{"OBJECTID":63212,"PRIMENAME":"East Pleasant Avenue","ELEVTYP_F":0,"ELEVTYP_T":0},"geometry":{"type":"LineString","coordinates":[[-74.5177167565429,39.3923857772376],[-74.5183502179732,39.3926225195093]]}},{"type":"Feature","id":63406,"properties":{"OBJECTID":63406,"PRIMENAME":"North Main Street","ELEVTYP_F":0,"ELEVTYP_T":0},"geometry":{"type":"LineString","coordinates":[[-74.5181585595544,39.3966759637062],[-74.5178373322661,39.3970383852296]]}},{"type":"Feature","id":63475,"properties":{"OBJECTID":63475,"PRIMENAME":"East Wright Street","ELEVTYP_F":0,"ELEVTYP_T":0},"geometry":{"type":"LineString","coordinates":[[-74.5241318273167,39.386758877512],[-74.5239634863006,39.3866807701265],[-74.5237448218459,39.3865747775312],[-74.5236393630722,39.3865202435174],[-74.5235534695494,39.3864596916702],[-74.5234948906905,39.3863991063212],[-74.5234050561481,39.3862961073963],[-74.5233425464134,39.386223415031],[-74.5232644320214,39.3861446570249],[-74.5231941400315,39.3860780339608],[-74.5231121406926,39.3860204743839],[-74.5230262512159,39.3859689824448],[-74.5229286172461,39.3859266089105],[-74.5227802458385,39.3858842173143],[-74.5227620912311,39.3858794447957],[-74.5226315936019,39.3858451477546]]}},{"type":"Feature","id":63643,"properties":{"OBJECTID":63643,"PRIMENAME":"Abbey Lane","ELEVTYP_F":0,"ELEVTYP_T":0},"geometry":{"type":"LineString","coordinates":[[-74.5242137207846,39.3935648280049],[-74.5254723581976,39.3940269277571]]}},{"type":"Feature","id":63662,"properties":{"OBJECTID":63662,"PRIMENAME":"Brook Lane","ELEVTYP_F":0,"ELEVTYP_T":0},"geometry":{"type":"LineString","coordinates":[[-74.488013224077,39.4423168795977],[-74.4884265806315,39.4423578914988],[-74.4898513092428,39.4425059317554],[-74.4902911746616,39.4425572858915],[-74.4909451341868,39.4426176875134],[-74.4913434301587,39.4426631306038]]}},{"type":"Feature","id":63826,"properties":{"OBJECTID":63826,"PRIMENAME":"South 8th Avenue","ELEVTYP_F":0,"ELEVTYP_T":0},"geometry":{"type":"LineString","coordinates":[[-74.5177259171319,39.4442112701285],[-74.5181113918304,39.4438777259023]]}},{"type":"Feature","id":64203,"properties":{"OBJECTID":64203,"PRIMENAME":"East Pennsylvania Avenue","ELEVTYP_F":0,"ELEVTYP_T":0},"geometry":{"type":"LineString","coordinates":[[-74.479495358797,39.4445310105465],[-74.4803211665086,39.4447684581246]]}},{"type":"Feature","id":64257,"properties":{"OBJECTID":64257,"PRIMENAME":"East Pennsylvania Avenue","ELEVTYP_F":0,"ELEVTYP_T":0},"geometry":{"type":"LineString","coordinates":[[-74.4770819877158,39.4438356945939],[-74.4773433711039,39.4439107019896]]}},{"type":"Feature","id":64603,"properties":{"OBJECTID":64603,"PRIMENAME":"Mallard Court","ELEVTYP_F":0,"ELEVTYP_T":0},"geometry":{"type":"LineString","coordinates":[[-74.5130463194039,39.410628840206],[-74.5129675746317,39.4107546081559],[-74.5128952817678,39.4108568914312],[-74.5128655229332,39.4109030770342],[-74.5128570344915,39.4109360806488],[-74.5128607570441,39.4109591867045],[-74.5128612871745,39.4109624655644],[-74.5128995887543,39.4109888476095],[-74.5129888622416,39.4110284297155],[-74.5137502267653,39.4113186670125],[-74.5147880263034,39.4117342308698]]}},{"type":"Feature","id":64767,"properties":{"OBJECTID":64767,"PRIMENAME":"6th Avenue","ELEVTYP_F":0,"ELEVTYP_T":0},"geometry":{"type":"LineString","coordinates":[[-74.5246842909609,39.445366489936],[-74.5240730769214,39.4458836481737],[-74.523548664345,39.4463404917115],[-74.5234957024366,39.446386161986]]}},{"type":"Feature","id":64786,"properties":{"OBJECTID":64786,"PRIMENAME":"Angela Court","ELEVTYP_F":0,"ELEVTYP_T":0},"geometry":{"type":"LineString","coordinates":[[-74.5167085035489,39.4437657497965],[-74.516630649641,39.4438291302023],[-74.5165902162865,39.4438604638849],[-74.5165363617937,39.443886555024],[-74.5164925972978,39.4439022387043],[-74.5164353757315,39.443917896346],[-74.5163815168586,39.4439257291659],[-74.5163142015415,39.4439361995803],[-74.5161997539705,39.4439440407997],[-74.5159641296444,39.4439597238246],[-74.5154861521483,39.4439937241688],[-74.5151531210687,39.4440127424205],[-74.5150283563541,39.4440198676977]]}},{"type":"Feature","id":66059,"properties":{"OBJECTID":66059,"PRIMENAME":"West Adams Avenue","ELEVTYP_F":0,"ELEVTYP_T":0},"geometry":{"type":"LineString","coordinates":[[-74.5209912392794,39.3961094145957],[-74.5215185011804,39.3963093120864],[-74.5216162874564,39.3963458657027]]}},{"type":"Feature","id":66236,"properties":{"OBJECTID":66236,"PRIMENAME":"Spruce Avenue","ELEVTYP_F":0,"ELEVTYP_T":0},"geometry":{"type":"LineString","coordinates":[[-74.5293282219645,39.4036561297381],[-74.5296261253702,39.4037785112045],[-74.5300438890924,39.4039564864915],[-74.5306197359867,39.404189882104],[-74.5310450427822,39.4043678517973],[-74.5312708785837,39.4044524397512],[-74.5313753371544,39.404492004611]]}},{"type":"Feature","id":66359,"properties":{"OBJECTID":66359,"PRIMENAME":"Manor Drive","ELEVTYP_F":0,"ELEVTYP_T":0},"geometry":{"type":"LineString","coordinates":[[-74.512975507529,39.4137636980988],[-74.5128819022582,39.4137295050751],[-74.5128422322051,39.4137150146669],[-74.5126527988553,39.4136826750391],[-74.5119355695871,39.4136016868311]]}},{"type":"Feature","id":66835,"properties":{"OBJECTID":66835,"PRIMENAME":"East Redwood Avenue","ELEVTYP_F":0,"ELEVTYP_T":0},"geometry":{"type":"LineString","coordinates":[[-74.4998687635992,39.4106747462329],[-74.4995310279678,39.4105539370292]]}},{"type":"Feature","id":67743,"properties":{"OBJECTID":67743,"PRIMENAME":"West Reading Avenue","ELEVTYP_F":0,"ELEVTYP_T":0},"geometry":{"type":"LineString","coordinates":[[-74.5136434487861,39.4017335825466],[-74.514188821104,39.40195800197],[-74.5150741854044,39.4023111189555],[-74.5153092335627,39.4024034800344]]}},{"type":"Feature","id":68073,"properties":{"OBJECTID":68073,"PRIMENAME":"South Main Street","ELEVTYP_F":0,"ELEVTYP_T":0},"geometry":{"type":"LineString","coordinates":[[-74.5236456503519,39.3904966030405],[-74.5235609451441,39.3905941873119]]}},{"type":"Feature","id":68462,"properties":{"OBJECTID":68462,"PRIMENAME":"Cheltenham Avenue","ELEVTYP_F":0,"ELEVTYP_T":0},"geometry":{"type":"LineString","coordinates":[[-74.5188353979464,39.442232482068],[-74.5187070985025,39.4423411749184],[-74.5183656782709,39.4426407848425]]}},{"type":"Feature","id":68967,"properties":{"OBJECTID":68967,"PRIMENAME":"East Waveland Avenue","ELEVTYP_F":0,"ELEVTYP_T":0},"geometry":{"type":"LineString","coordinates":[[-74.5294534177582,39.4448214420857],[-74.5295501900091,39.4448861875105],[-74.529870054068,39.4451053443545],[-74.5300754719004,39.4452514420401],[-74.5302438348697,39.4453636394197],[-74.5304862672994,39.4455279849844],[-74.5309307564293,39.4458332087734]]}},{"type":"Feature","id":69201,"properties":{"OBJECTID":69201,"PRIMENAME":"East Ocean Avenue","ELEVTYP_F":0,"ELEVTYP_T":0},"geometry":{"type":"LineString","coordinates":[[-74.4703263969466,39.4463485633905],[-74.470096489627,39.446284092174],[-74.4693961889384,39.4460732380981],[-74.4684837578265,39.445814547881]]}},{"type":"Feature","id":69408,"properties":{"OBJECTID":69408,"PRIMENAME":"Tunis Avenue","ELEVTYP_F":0,"ELEVTYP_T":0},"geometry":{"type":"LineString","coordinates":[[-74.5248914704984,39.3877930079024],[-74.5248643090208,39.3878299971763],[-74.5247819996811,39.3879066741762],[-74.5246626480356,39.3879929678657],[-74.5244979744965,39.3880952233452],[-74.5244033051299,39.3881431822991],[-74.5243621602678,39.3881591712086],[-74.5242921726745,39.3881623701895],[-74.5242262844362,39.388146404542],[-74.5236745189194,39.3879452610948],[-74.5234585503806,39.3878682616593]]}},{"type":"Feature","id":69702,"properties":{"OBJECTID":69702,"PRIMENAME":"Iowa Avenue","ELEVTYP_F":0,"ELEVTYP_T":0},"geometry":{"type":"LineString","coordinates":[[-74.5045909776887,39.4063106914698],[-74.5042106828629,39.4068417694678],[-74.504113749864,39.4069758429681],[-74.5040789415105,39.4070212230174],[-74.5040083574758,39.4071132397364],[-74.5039052161707,39.4072291296735],[-74.5037638424774,39.4073879773233],[-74.5031272953312,39.4080911570678],[-74.5027309770027,39.408529428054],[-74.5025633961945,39.4087426040022]]}},{"type":"Feature","id":70198,"properties":{"OBJECTID":70198,"PRIMENAME":"North Main Street","ELEVTYP_F":0,"ELEVTYP_T":0},"geometry":{"type":"LineString","coordinates":[[-74.5192484087013,39.3954504291559],[-74.5192065586083,39.3954971950174],[-74.5185252777422,39.3962621350584],[-74.518525101321,39.3962623278586]]}},{"type":"Feature","id":71233,"properties":{"OBJECTID":71233,"PRIMENAME":"South Franklin Boulevard","ELEVTYP_F":0,"ELEVTYP_T":0},"geometry":{"type":"LineString","coordinates":[[-74.5217900131049,39.3872738761775],[-74.5216272296091,39.3875427339232]]}},{"type":"Feature","id":71559,"properties":{"OBJECTID":71559,"PRIMENAME":"Mill Road","ELEVTYP_F":0,"ELEVTYP_T":0},"geometry":{"type":"LineString","coordinates":[[-74.5258076419576,39.4090715383476],[-74.5257640431909,39.4094064779282],[-74.5256521412071,39.4102180342532]]}},{"type":"Feature","id":71605,"properties":{"OBJECTID":71605,"PRIMENAME":"West Reading Avenue","ELEVTYP_F":0,"ELEVTYP_T":0},"geometry":{"type":"LineString","coordinates":[[-74.516479953892,39.4028641502176],[-74.5167500947214,39.4029716242797],[-74.5176510439236,39.4033300530018]]}},{"type":"Feature","id":71765,"properties":{"OBJECTID":71765,"PRIMENAME":"Chestnut Street","ELEVTYP_F":0,"ELEVTYP_T":0},"geometry":{"type":"LineString","coordinates":[[-74.5259430337419,39.3907877157117],[-74.5257079027762,39.3911735330974],[-74.5255817149263,39.3913526328094]]}},{"type":"Feature","id":71888,"properties":{"OBJECTID":71888,"PRIMENAME":"Pleasant Acres Road","ELEVTYP_F":0,"ELEVTYP_T":0},"geometry":{"type":"LineString","coordinates":[[-74.5173681349793,39.405005812299],[-74.5175646820472,39.4050788820278],[-74.5181910948061,39.405311755855]]}},{"type":"Feature","id":72058,"properties":{"OBJECTID":72058,"PRIMENAME":"South 8th Avenue","ELEVTYP_F":0,"ELEVTYP_T":0},"geometry":{"type":"LineString","coordinates":[[-74.5194979514962,39.4426877365231],[-74.5188353979464,39.442232482068]]}},{"type":"Feature","id":72136,"properties":{"OBJECTID":72136,"PRIMENAME":"Laurel Circle","ELEVTYP_F":0,"ELEVTYP_T":0},"geometry":{"type":"LineString","coordinates":[[-74.4928422165766,39.4199532220359],[-74.4931259169836,39.4194965558322]]}},{"type":"Feature","id":72478,"properties":{"OBJECTID":72478,"PRIMENAME":"North 4th Street","ELEVTYP_F":0,"ELEVTYP_T":0},"geometry":{"type":"LineString","coordinates":[[-74.5269519105578,39.3952677415252],[-74.5270159172672,39.3952447723862],[-74.5270432571946,39.3952084140794],[-74.5271720162834,39.3949902687411],[-74.52756863186,39.3943654289042]]}},{"type":"Feature","id":73232,"properties":{"OBJECTID":73232,"PRIMENAME":"West Reading Avenue","ELEVTYP_F":0,"ELEVTYP_T":0},"geometry":{"type":"LineString","coordinates":[[-74.5222058931907,39.4050987089373],[-74.5224061255636,39.4051618753652],[-74.5233337381457,39.4055607179567],[-74.5235043261749,39.4056341972168]]}},{"type":"Feature","id":73730,"properties":{"OBJECTID":73730,"PRIMENAME":"Seneca Avenue","ELEVTYP_F":0,"ELEVTYP_T":0},"geometry":{"type":"LineString","coordinates":[[-74.5327274443438,39.4023134500113],[-74.5311830825067,39.4016936586157],[-74.5307723042302,39.4015213686686]]}},{"type":"Feature","id":74381,"properties":{"OBJECTID":74381,"PRIMENAME":"East Adams Avenue","ELEVTYP_F":0,"ELEVTYP_T":0},"geometry":{"type":"LineString","coordinates":[[-74.5170818858235,39.3946214140641],[-74.5173166619422,39.3947073458143],[-74.5183555376085,39.3950951755602]]}},{"type":"Feature","id":74754,"properties":{"OBJECTID":74754,"PRIMENAME":"West Merion Avenue","ELEVTYP_F":0,"ELEVTYP_T":0},"geometry":{"type":"LineString","coordinates":[[-74.518984692718,39.3982778394863],[-74.519160635299,39.3983728922798],[-74.5194613563265,39.3985348411049],[-74.5207071805595,39.399205741878],[-74.5211409073887,39.3994407465848]]}},{"type":"Feature","id":74828,"properties":{"OBJECTID":74828,"PRIMENAME":"Old Shore Road","ELEVTYP_F":0,"ELEVTYP_T":0},"geometry":{"type":"LineString","coordinates":[[-74.4779801557443,39.4433008263469],[-74.4778340028161,39.443445988111],[-74.4775770147072,39.4436964504296],[-74.4773433711039,39.4439107019896]]}},{"type":"Feature","id":75067,"properties":{"OBJECTID":75067,"PRIMENAME":"East Magnolia Avenue","ELEVTYP_F":0,"ELEVTYP_T":0},"geometry":{"type":"LineString","coordinates":[[-74.5190323249112,39.4451250578061],[-74.5186035113994,39.4448279670317],[-74.5183826051136,39.4446727372621]]}},{"type":"Feature","id":75432,"properties":{"OBJECTID":75432,"PRIMENAME":"Black Horse Pike","ELEVTYP_F":0,"ELEVTYP_T":0},"geometry":{"type":"LineString","coordinates":[[-74.5135670479782,39.3862425646957],[-74.5135913208677,39.3862475865564],[-74.5137641698306,39.3862796907654],[-74.5139397809788,39.3863196187843],[-74.51419164663,39.3863883675449],[-74.5143560148213,39.3864473015026]]}},{"type":"Feature","id":75897,"properties":{"OBJECTID":75897,"PRIMENAME":"Old Turnpike","ELEVTYP_F":0,"ELEVTYP_T":0},"geometry":{"type":"LineString","coordinates":[[-74.5213491484048,39.393095881505],[-74.5209678985334,39.3929526670634],[-74.5206577984647,39.3928361773405],[-74.5200648946023,39.3926134508683],[-74.5199089696048,39.3925558189516]]}},{"type":"Feature","id":76285,"properties":{"OBJECTID":76285,"PRIMENAME":"South Main Street","ELEVTYP_F":0,"ELEVTYP_T":0},"geometry":{"type":"LineString","coordinates":[[-74.527638062213,39.3860286845197],[-74.5275734821998,39.3861009111263],[-74.5270305649097,39.3867113163064]]}},{"type":"Feature","id":76440,"properties":{"OBJECTID":76440,"PRIMENAME":"7th Avenue","ELEVTYP_F":0,"ELEVTYP_T":0},"geometry":{"type":"LineString","coordinates":[[-74.5236168503883,39.4427199755445],[-74.5238403648542,39.4425150779221],[-74.5244292800869,39.4420008357707]]}},{"type":"Feature","id":76442,"properties":{"OBJECTID":76442,"PRIMENAME":"Blenheim Avenue","ELEVTYP_F":0,"ELEVTYP_T":0},"geometry":{"type":"LineString","coordinates":[[-74.5174626507046,39.4434406657711],[-74.5172565588146,39.4433018495219],[-74.51670107709,39.442918256036]]}},{"type":"Feature","id":77034,"properties":{"OBJECTID":77034,"PRIMENAME":"East Washington Avenue","ELEVTYP_F":0,"ELEVTYP_T":0},"geometry":{"type":"LineString","coordinates":[[-74.5211432917853,39.3912825217408],[-74.5221451199731,39.3917639785804],[-74.5224313896365,39.3918875330692]]}},{"type":"Feature","id":77475,"properties":{"OBJECTID":77475,"PRIMENAME":"Sharswood Avenue","ELEVTYP_F":0,"ELEVTYP_T":0},"geometry":{"type":"LineString","coordinates":[[-74.4822407643737,39.4431479095083],[-74.4822407751039,39.4431056540326],[-74.4822213090127,39.4430664159533],[-74.4821823971364,39.4430452962233],[-74.4821084301915,39.4430181033266],[-74.481649112458,39.44288824587],[-74.4804490240635,39.4425425938671]]}},{"type":"Feature","id":77499,"properties":{"OBJECTID":77499,"PRIMENAME":"Holy Spirit Drive","ELEVTYP_F":0,"ELEVTYP_T":0},"geometry":{"type":"LineString","coordinates":[[-74.5094060170593,39.418832026214],[-74.5098048654252,39.4189180692726],[-74.5100208801967,39.4189646708937]]}},{"type":"Feature","id":77748,"properties":{"OBJECTID":77748,"PRIMENAME":"Sunset Court","ELEVTYP_F":0,"ELEVTYP_T":0},"geometry":{"type":"LineString","coordinates":[[-74.5176320879035,39.4097032344128],[-74.5186172185729,39.4101176741218]]}},{"type":"Feature","id":77927,"properties":{"OBJECTID":77927,"PRIMENAME":"Ansley Boulevard","ELEVTYP_F":0,"ELEVTYP_T":0},"geometry":{"type":"LineString","coordinates":[[-74.5248914704984,39.3877930079024],[-74.5248375738887,39.3877697083788],[-74.5245403081398,39.387635509116],[-74.5238404625435,39.387308646036],[-74.5237932895471,39.3872864985805]]}},{"type":"Feature","id":79347,"properties":{"OBJECTID":79347,"PRIMENAME":"East Dickinson Avenue","ELEVTYP_F":0,"ELEVTYP_T":0},"geometry":{"type":"LineString","coordinates":[[-74.4816560919627,39.4443604280723],[-74.4808274501893,39.4441256252193],[-74.4798292098349,39.4438341171491]]}},{"type":"Feature","id":79803,"properties":{"OBJECTID":79803,"PRIMENAME":"Mallard Place","ELEVTYP_F":0,"ELEVTYP_T":0},"geometry":{"type":"LineString","coordinates":[[-74.5137032168854,39.4103157522336],[-74.5140688693149,39.4097230664743],[-74.5141465158971,39.4095972069094]]}},{"type":"Feature","id":80008,"properties":{"OBJECTID":80008,"PRIMENAME":"Magnolia Place","ELEVTYP_F":0,"ELEVTYP_T":0},"geometry":{"type":"LineString","coordinates":[[-74.5059689079296,39.4087288057755],[-74.5060616776737,39.4087647970311],[-74.506169502448,39.408812268138]]}},{"type":"Feature","id":80403,"properties":{"OBJECTID":80403,"PRIMENAME":"Black Horse Pike","ELEVTYP_F":0,"ELEVTYP_T":0},"geometry":{"type":"LineString","coordinates":[[-74.516836591833,39.3872858180025],[-74.5163791950186,39.3871227636366],[-74.5160442685774,39.3870001620336]]}},{"type":"Feature","id":81398,"properties":{"OBJECTID":81398,"PRIMENAME":"Prospect Avenue","ELEVTYP_F":0,"ELEVTYP_T":0},"geometry":{"type":"LineString","coordinates":[[-74.5264156101198,39.38557145918],[-74.5261819370489,39.3859529221419],[-74.5261399405469,39.3860214801939],[-74.5260022462393,39.3862501148031],[-74.5259754687497,39.3862675838023],[-74.5259503859194,39.3862752498506],[-74.5258951936723,39.386287041082]]}},{"type":"Feature","id":81890,"properties":{"OBJECTID":81890,"PRIMENAME":"Martin Luther King Jr Avenue","ELEVTYP_F":0,"ELEVTYP_T":0},"geometry":{"type":"LineString","coordinates":[[-74.5280552016982,39.3957919279989],[-74.5284987427932,39.3960020642757],[-74.5294415281515,39.3964487157123],[-74.5296493943585,39.3965471919679],[-74.5297895254121,39.3966206302511]]}},{"type":"Feature","id":81987,"properties":{"OBJECTID":81987,"PRIMENAME":"North Chester Avenue","ELEVTYP_F":0,"ELEVTYP_T":0},"geometry":{"type":"LineString","coordinates":[[-74.5187913737214,39.3905248764406],[-74.5184272115179,39.3911217855162]]}},{"type":"Feature","id":82101,"properties":{"OBJECTID":82101,"PRIMENAME":"Lafayette Avenue","ELEVTYP_F":0,"ELEVTYP_T":0},"geometry":{"type":"LineString","coordinates":[[-74.4755116871484,39.4441813526031],[-74.4758390628362,39.4434789230512]]}},{"type":"Feature","id":82107,"properties":{"OBJECTID":82107,"PRIMENAME":"Saint James Avenue","ELEVTYP_F":0,"ELEVTYP_T":0},"geometry":{"type":"LineString","coordinates":[[-74.5109403595959,39.4339657220471],[-74.5108350397853,39.4340576016162]]}},{"type":"Feature","id":82549,"properties":{"OBJECTID":82549,"PRIMENAME":"Franklin Avenue","ELEVTYP_F":0,"ELEVTYP_T":0},"geometry":{"type":"LineString","coordinates":[[-74.5178875299584,39.3933657319376],[-74.5176287868506,39.3937847860523]]}},{"type":"Feature","id":82909,"properties":{"OBJECTID":82909,"PRIMENAME":"Nevada Avenue","ELEVTYP_F":0,"ELEVTYP_T":0},"geometry":{"type":"LineString","coordinates":[[-74.4973651581425,39.412478635915],[-74.4973738647422,39.4124948622505],[-74.4973925884096,39.4125127643008],[-74.4974200902001,39.4125289919528],[-74.4974596621095,39.4125494482247],[-74.4975641136692,39.4125886857692],[-74.4977125607305,39.4126466769787],[-74.4984640761201,39.4129319344206]]}},{"type":"Feature","id":83009,"properties":{"OBJECTID":83009,"PRIMENAME":"Elkton Avenue","ELEVTYP_F":0,"ELEVTYP_T":0},"geometry":{"type":"LineString","coordinates":[[-74.5155321977326,39.4110378096332],[-74.5160380222851,39.4102495204529]]}},{"type":"Feature","id":83147,"properties":{"OBJECTID":83147,"PRIMENAME":"North Main Street","ELEVTYP_F":1,"ELEVTYP_T":1},"geometry":{"type":"LineString","coordinates":[[-74.5168561515702,39.3981372050947],[-74.516753729397,39.3982516039549]]}},{"type":"Feature","id":83306,"properties":{"OBJECTID":83306,"PRIMENAME":"Washington Avenue","ELEVTYP_F":0,"ELEVTYP_T":0},"geometry":{"type":"LineString","coordinates":[[-74.4709375818656,39.4450786704544],[-74.4709233783908,39.4450850373377],[-74.4709099174653,39.4450966200166],[-74.4709001738432,39.445109384568],[-74.4708889767515,39.4451250322045],[-74.4708732406642,39.4451569047503],[-74.4707731070347,39.4453830930457],[-74.4706292702465,39.4457020441413]]}},{"type":"Feature","id":83538,"properties":{"OBJECTID":83538,"PRIMENAME":"Chalfonte Avenue","ELEVTYP_F":0,"ELEVTYP_T":0},"geometry":{"type":"LineString","coordinates":[[-74.5298245558005,39.402930108589],[-74.5300170323084,39.4026486022699],[-74.53029852582,39.4022308602265]]}},{"type":"Feature","id":83550,"properties":{"OBJECTID":83550,"PRIMENAME":"Oyster Bay Road","ELEVTYP_F":0,"ELEVTYP_T":0},"geometry":{"type":"LineString","coordinates":[[-74.5116136510078,39.4169823269896],[-74.5116340493245,39.4169850057344],[-74.5116748341339,39.416996033756],[-74.5121464372989,39.4171590961755],[-74.5126805701629,39.4173369599445],[-74.5132126193466,39.4175177824244],[-74.5133386713537,39.4175957800872],[-74.5135399432712,39.4177922872355]]}},{"type":"Feature","id":83571,"properties":{"OBJECTID":83571,"PRIMENAME":"East California Avenue","ELEVTYP_F":0,"ELEVTYP_T":0},"geometry":{"type":"LineString","coordinates":[[-74.4991618471344,39.411801366165],[-74.4999189160067,39.4120845820819],[-74.5003174695184,39.4122321059506]]}},{"type":"Feature","id":83857,"properties":{"OBJECTID":83857,"PRIMENAME":"East Delilah Road","ELEVTYP_F":0,"ELEVTYP_T":0},"geometry":{"type":"LineString","coordinates":[[-74.5074042320798,39.4024020547641],[-74.5072315034324,39.4023292645235],[-74.5070931719134,39.4022709694588]]}},{"type":"Feature","id":84321,"properties":{"OBJECTID":84321,"PRIMENAME":"McConnell Drive","ELEVTYP_F":0,"ELEVTYP_T":0},"geometry":{"type":"LineString","coordinates":[[-74.5041007243521,39.4081748969138],[-74.5033206956392,39.4090550947138]]}},{"type":"Feature","id":84613,"properties":{"OBJECTID":84613,"PRIMENAME":"Collins Avenue","ELEVTYP_F":0,"ELEVTYP_T":0},"geometry":{"type":"LineString","coordinates":[[-74.5163575726372,39.3954428814116],[-74.5161141967081,39.3953558508483],[-74.5151418600505,39.3949863886904],[-74.514376491198,39.3946956386022],[-74.5141375669159,39.3946088925008],[-74.5138259065383,39.3944957384869],[-74.5137868362355,39.3944775675942],[-74.5137399792846,39.3944533288892],[-74.5137204405926,39.3944260665493],[-74.5137133259275,39.3944011628497]]}},{"type":"Feature","id":84712,"properties":{"OBJECTID":84712,"PRIMENAME":"South Franklin Boulevard","ELEVTYP_F":0,"ELEVTYP_T":0},"geometry":{"type":"LineString","coordinates":[[-74.5220019500808,39.3869155553149],[-74.5222250270373,39.3869902770714],[-74.522365015225,39.3870350040655],[-74.5224432500869,39.3870477840416],[-74.5225214480865,39.3870541394274],[-74.5226779097846,39.387050923787],[-74.5228714123055,39.3870349056191],[-74.5230607784187,39.3870252863709],[-74.5232265053073,39.3870097127076]]}},{"type":"Feature","id":85505,"properties":{"OBJECTID":85505,"PRIMENAME":"East Brown Avenue","ELEVTYP_F":0,"ELEVTYP_T":0},"geometry":{"type":"LineString","coordinates":[[-74.4801406266375,39.4431842792086],[-74.4805293025298,39.4432972724015],[-74.4818906904649,39.4436930564723],[-74.4819700766872,39.4437155004433]]}},{"type":"Feature","id":85555,"properties":{"OBJECTID":85555,"PRIMENAME":"Princeton Avenue","ELEVTYP_F":0,"ELEVTYP_T":0},"geometry":{"type":"LineString","coordinates":[[-74.5087897339139,39.4071818646126],[-74.5076340294905,39.4066813315636],[-74.5069571852407,39.406386875562]]}},{"type":"Feature","id":85863,"properties":{"OBJECTID":85863,"PRIMENAME":"Iowa Avenue","ELEVTYP_F":0,"ELEVTYP_T":0},"geometry":{"type":"LineString","coordinates":[[-74.506376086589,39.4037802965703],[-74.5058926303826,39.4044800792532]]}},{"type":"Feature","id":86085,"properties":{"OBJECTID":86085,"PRIMENAME":"South Mill Road","ELEVTYP_F":0,"ELEVTYP_T":0},"geometry":{"type":"LineString","coordinates":[[-74.5115980408616,39.4318666449155],[-74.5113009937737,39.4318881726182],[-74.5111551249359,39.431898647675]]}},{"type":"Feature","id":86407,"properties":{"OBJECTID":86407,"PRIMENAME":"West Bayview Avenue","ELEVTYP_F":0,"ELEVTYP_T":0},"geometry":{"type":"LineString","coordinates":[[-74.5296282701912,39.3876853931571],[-74.5291263918987,39.3875030437258],[-74.5281944395578,39.387150180978]]}},{"type":"Feature","id":86642,"properties":{"OBJECTID":86642,"PRIMENAME":"Pacific Avenue","ELEVTYP_F":0,"ELEVTYP_T":0},"geometry":{"type":"LineString","coordinates":[[-74.506376086589,39.4037802965703],[-74.5071734138326,39.4041229623892]]}},{"type":"Feature","id":86850,"properties":{"OBJECTID":86850,"PRIMENAME":"Black Horse Pike","ELEVTYP_F":0,"ELEVTYP_T":0},"geometry":{"type":"LineString","coordinates":[[-74.5200379449457,39.3884592726782],[-74.5200252587863,39.3884547050772],[-74.5197359876295,39.388350541243],[-74.5192346947513,39.3881649088692]]}},{"type":"Feature","id":86907,"properties":{"OBJECTID":86907,"PRIMENAME":"Linden Avenue","ELEVTYP_F":1,"ELEVTYP_T":0},"geometry":{"type":"LineString","coordinates":[[-74.5182896226099,39.3990642236634],[-74.5179702954078,39.3994282926766],[-74.5179300565318,39.3994727886739],[-74.5178442404313,39.3995676817083]]}},{"type":"Feature","id":86944,"properties":{"OBJECTID":86944,"PRIMENAME":"South 8th Avenue","ELEVTYP_F":0,"ELEVTYP_T":0},"geometry":{"type":"LineString","coordinates":[[-74.5194979514962,39.4426877365231],[-74.5197460844779,39.4424756200467]]}},{"type":"Feature","id":87040,"properties":{"OBJECTID":87040,"PRIMENAME":"Loraine Avenue","ELEVTYP_F":0,"ELEVTYP_T":0},"geometry":{"type":"LineString","coordinates":[[-74.5156177984389,39.399526734307],[-74.5143863733949,39.39904717285],[-74.5134436858764,39.3986774732717]]}},{"type":"Feature","id":87085,"properties":{"OBJECTID":87085,"PRIMENAME":"North 2nd Street","ELEVTYP_F":0,"ELEVTYP_T":0},"geometry":{"type":"LineString","coordinates":[[-74.5232160694353,39.3969438363529],[-74.5229462521339,39.3973862269559]]}},{"type":"Feature","id":87427,"properties":{"OBJECTID":87427,"PRIMENAME":"Arbor Court","ELEVTYP_F":0,"ELEVTYP_T":0},"geometry":{"type":"LineString","coordinates":[[-74.4911515150573,39.443689241732],[-74.4901664892614,39.4435955644618]]}},{"type":"Feature","id":87634,"properties":{"OBJECTID":87634,"PRIMENAME":"Libby Lane","ELEVTYP_F":0,"ELEVTYP_T":0},"geometry":{"type":"LineString","coordinates":[[-74.4721543728892,39.4468675830277],[-74.47221863119,39.4467293288744],[-74.4724518119177,39.4462231989805]]}},{"type":"Feature","id":87761,"properties":{"OBJECTID":87761,"PRIMENAME":"East Bartlett Avenue","ELEVTYP_F":0,"ELEVTYP_T":0},"geometry":{"type":"LineString","coordinates":[[-74.4718498400959,39.4475230569288],[-74.471973771636,39.4475602077616],[-74.4722182759395,39.4476234437496],[-74.4724356160537,39.4476937287249],[-74.4725442838503,39.4477335660086],[-74.4726468980107,39.447768706818],[-74.4727767083703,39.44780852183],[-74.4729578262503,39.4478670734837],[-74.4732168736667,39.4479654544064]]}},{"type":"Feature","id":87941,"properties":{"OBJECTID":87941,"PRIMENAME":"South Seaview Avenue","ELEVTYP_F":0,"ELEVTYP_T":0},"geometry":{"type":"LineString","coordinates":[[-74.4902415524549,39.4489903264452],[-74.4900840421278,39.4499031805221],[-74.4898787118169,39.4511042945907],[-74.4896556945054,39.4523602631134],[-74.4895720018519,39.4528652045756]]}},{"type":"Feature","id":88303,"properties":{"OBJECTID":88303,"PRIMENAME":"Naples Avenue","ELEVTYP_F":0,"ELEVTYP_T":0},"geometry":{"type":"LineString","coordinates":[[-74.5104930265296,39.3848047056473],[-74.510432718906,39.3849218960049],[-74.5102106825368,39.3853005424085],[-74.5098372408567,39.3859037964526],[-74.5097968823511,39.3859873495865],[-74.5097896339363,39.3860275747737],[-74.5097953006554,39.3860657666558],[-74.5098149128347,39.3861396779094]]}},{"type":"Feature","id":88717,"properties":{"OBJECTID":88717,"PRIMENAME":"West Washington Avenue","ELEVTYP_F":0,"ELEVTYP_T":0},"geometry":{"type":"LineString","coordinates":[[-74.5237737216442,39.392391945963],[-74.524716300849,39.3927406681094]]}},{"type":"Feature","id":89446,"properties":{"OBJECTID":89446,"PRIMENAME":"West Adams Avenue","ELEVTYP_F":0,"ELEVTYP_T":0},"geometry":{"type":"LineString","coordinates":[[-74.5252941761118,39.3977186664673],[-74.5254559580145,39.397779090432]]}},{"type":"Feature","id":89701,"properties":{"OBJECTID":89701,"PRIMENAME":"McConnell Drive","ELEVTYP_F":0,"ELEVTYP_T":0},"geometry":{"type":"LineString","coordinates":[[-74.5033206956392,39.4090550947138],[-74.5032765265974,39.409105808423]]}},{"type":"Feature","id":89720,"properties":{"OBJECTID":89720,"PRIMENAME":"West Leeds Avenue","ELEVTYP_F":0,"ELEVTYP_T":0},"geometry":{"type":"LineString","coordinates":[[-74.5164237358522,39.4113898997599],[-74.5155321977326,39.4110378096332]]}},{"type":"Feature","id":89951,"properties":{"OBJECTID":89951,"PRIMENAME":"West Delilah Road","ELEVTYP_F":0,"ELEVTYP_T":0},"geometry":{"type":"LineString","coordinates":[[-74.516149070012,39.4061426170917],[-74.5148068262116,39.4055652190785],[-74.5146089243927,39.405480856008],[-74.5139619088471,39.4052050385231]]}},{"type":"Feature","id":90094,"properties":{"OBJECTID":90094,"PRIMENAME":"North 1st Street","ELEVTYP_F":0,"ELEVTYP_T":0},"geometry":{"type":"LineString","coordinates":[[-74.5221056476878,39.3965288549646],[-74.5218404183489,39.3969613900703]]}},{"type":"Feature","id":90330,"properties":{"OBJECTID":90330,"PRIMENAME":"Linden Avenue","ELEVTYP_F":0,"ELEVTYP_T":0},"geometry":{"type":"LineString","coordinates":[[-74.5113497897587,39.4068419512858],[-74.511036195214,39.4071951266383],[-74.5107416699532,39.4075250721765]]}},{"type":"Feature","id":90464,"properties":{"OBJECTID":90464,"PRIMENAME":"North 3rd Street","ELEVTYP_F":0,"ELEVTYP_T":0},"geometry":{"type":"LineString","coordinates":[[-74.5243372633203,39.3973616054591],[-74.5240712717713,39.3977919342731]]}},{"type":"Feature","id":91184,"properties":{"OBJECTID":91184,"PRIMENAME":"East Cordery Avenue","ELEVTYP_F":0,"ELEVTYP_T":0},"geometry":{"type":"LineString","coordinates":[[-74.4727679024169,39.4455955669762],[-74.4720350216433,39.4453857363289],[-74.4710871869515,39.4451046263534],[-74.4710415103854,39.4450931937925],[-74.4710168308177,39.4450856371698],[-74.4709936385684,39.4450804139756],[-74.4709719680564,39.4450757685671],[-74.4709540136567,39.4450751875754],[-74.4709375818656,39.4450786704544]]}},{"type":"Feature","id":91225,"properties":{"OBJECTID":91225,"PRIMENAME":"Pleasant Acres Road","ELEVTYP_F":0,"ELEVTYP_T":0},"geometry":{"type":"LineString","coordinates":[[-74.5165623434486,39.4057625536137],[-74.5166800071294,39.4057183686477],[-74.5166891156033,39.4057149487953],[-74.5168159438066,39.4056355256799],[-74.5171989812212,39.4051987137049]]}},{"type":"Feature","id":91276,"properties":{"OBJECTID":91276,"PRIMENAME":"Seneca Avenue","ELEVTYP_F":0,"ELEVTYP_T":0},"geometry":{"type":"LineString","coordinates":[[-74.5307723042302,39.4015213686686],[-74.530404003592,39.401366884962],[-74.5288379446064,39.4007251307348]]}},{"type":"Feature","id":91369,"properties":{"OBJECTID":91369,"PRIMENAME":"Jefferson Avenue","ELEVTYP_F":0,"ELEVTYP_T":0},"geometry":{"type":"LineString","coordinates":[[-74.4688293549124,39.4452183516091],[-74.468807867342,39.4452257521976],[-74.4687806642764,39.4452421357922],[-74.4687565020118,39.4452655500128],[-74.4687323377624,39.4452959652177],[-74.4687051496123,39.4453568004007],[-74.4686477279153,39.4454761656876],[-74.4685631250012,39.4456399743001],[-74.4685057335654,39.4457710624833],[-74.4684837578265,39.445814547881]]}},{"type":"Feature","id":91660,"properties":{"OBJECTID":91660,"PRIMENAME":"Richmond Avenue","ELEVTYP_F":0,"ELEVTYP_T":0},"geometry":{"type":"LineString","coordinates":[[-74.5203091827261,39.4059264346538],[-74.5204659213676,39.4059871978461],[-74.5212762895267,39.4063330480098],[-74.5213017293928,39.4063439034293]]}},{"type":"Feature","id":91737,"properties":{"OBJECTID":91737,"PRIMENAME":"East West Jersey Avenue","ELEVTYP_F":0,"ELEVTYP_T":0},"geometry":{"type":"LineString","coordinates":[[-74.5233534951092,39.3908331289139],[-74.5226955258149,39.3906418038478],[-74.521732020634,39.3903544625762],[-74.520352648233,39.3899298212412],[-74.5202233054177,39.389880422027]]}},{"type":"Feature","id":91829,"properties":{"OBJECTID":91829,"PRIMENAME":"West Leeds Avenue","ELEVTYP_F":0,"ELEVTYP_T":0},"geometry":{"type":"LineString","coordinates":[[-74.5127999350379,39.4099271446917],[-74.5125038346606,39.4097781410129],[-74.5122052164297,39.4096267262946]]}},{"type":"Feature","id":91987,"properties":{"OBJECTID":91987,"PRIMENAME":"Franklin Avenue","ELEVTYP_F":0,"ELEVTYP_T":0},"geometry":{"type":"LineString","coordinates":[[-74.5105860214041,39.4019700276179],[-74.5102198269593,39.4023775972358],[-74.5100720601266,39.4025457270127]]}},{"type":"Feature","id":92027,"properties":{"OBJECTID":92027,"PRIMENAME":"South Mill Road","ELEVTYP_F":0,"ELEVTYP_T":0},"geometry":{"type":"LineString","coordinates":[[-74.5111551249359,39.431898647675],[-74.5110792516983,39.4319040633225],[-74.5109927221182,39.431910277135]]}},{"type":"Feature","id":92499,"properties":{"OBJECTID":92499,"PRIMENAME":"Fire Road","ELEVTYP_F":0,"ELEVTYP_T":0},"geometry":{"type":"LineString","coordinates":[[-74.5283486926734,39.4191913107145],[-74.527866924763,39.4195794145058],[-74.526645144121,39.4205678580823],[-74.5256497824514,39.4213586349272],[-74.5256375168807,39.4213685959772],[-74.5252441099832,39.421688119267],[-74.525102755448,39.4218014227709],[-74.5246135476996,39.4221935519095]]}},{"type":"Feature","id":92536,"properties":{"OBJECTID":92536,"PRIMENAME":"North Main Street","ELEVTYP_F":0,"ELEVTYP_T":0},"geometry":{"type":"LineString","coordinates":[[-74.5114988108496,39.4041430706359],[-74.5109102125685,39.404803016741],[-74.5109051531867,39.404808673356]]}},{"type":"Feature","id":92560,"properties":{"OBJECTID":92560,"PRIMENAME":"Princeton Avenue","ELEVTYP_F":0,"ELEVTYP_T":0},"geometry":{"type":"LineString","coordinates":[[-74.5069571852407,39.406386875562],[-74.5051082215833,39.4055824682917]]}},{"type":"Feature","id":92702,"properties":{"OBJECTID":92702,"PRIMENAME":"East Brown Avenue","ELEVTYP_F":0,"ELEVTYP_T":0},"geometry":{"type":"LineString","coordinates":[[-74.4785182660574,39.4427202535142],[-74.4786185402677,39.4427492109882],[-74.4794577102213,39.4429857610213],[-74.4801406266375,39.4431842792086]]}},{"type":"Feature","id":92817,"properties":{"OBJECTID":92817,"PRIMENAME":"Clearview Avenue","ELEVTYP_F":0,"ELEVTYP_T":0},"geometry":{"type":"LineString","coordinates":[[-74.5098668867807,39.3992905943416],[-74.5092827153389,39.399931929895]]}},{"type":"Feature","id":92911,"properties":{"OBJECTID":92911,"PRIMENAME":"Balfour Avenue","ELEVTYP_F":0,"ELEVTYP_T":0},"geometry":{"type":"LineString","coordinates":[[-74.5207419016187,39.4034031818001],[-74.5206956301592,39.4034711168905]]}},{"type":"Feature","id":92957,"properties":{"OBJECTID":92957,"PRIMENAME":"South Main Street","ELEVTYP_F":0,"ELEVTYP_T":0},"geometry":{"type":"LineString","coordinates":[[-74.5270305649097,39.3867113163064],[-74.5267510214538,39.3870255944968],[-74.5261350182875,39.3877196726847]]}},{"type":"Feature","id":93301,"properties":{"OBJECTID":93301,"PRIMENAME":"Oneida Avenue","ELEVTYP_F":0,"ELEVTYP_T":0},"geometry":{"type":"LineString","coordinates":[[-74.5270874076567,39.3992952845338],[-74.5276892161783,39.3995224011874],[-74.5292250596774,39.400103857205]]}},{"type":"Feature","id":93375,"properties":{"OBJECTID":93375,"PRIMENAME":"Manery Avenue","ELEVTYP_F":0,"ELEVTYP_T":0},"geometry":{"type":"LineString","coordinates":[[-74.5127999350379,39.4099271446917],[-74.5128043432159,39.4099216439097],[-74.5128381910819,39.4098794159872],[-74.5134348541648,39.4091350149828],[-74.5136030437858,39.4088739736113],[-74.5136273916982,39.408842309368],[-74.5136575172218,39.4088137927447],[-74.5136927551038,39.408789053476],[-74.5137323286022,39.4087686348326],[-74.5137753634196,39.4087529918188],[-74.5140359201233,39.4086892955773]]}},{"type":"Feature","id":93601,"properties":{"OBJECTID":93601,"PRIMENAME":"Mill Road","ELEVTYP_F":0,"ELEVTYP_T":0},"geometry":{"type":"LineString","coordinates":[[-74.5257801915113,39.4072192067922],[-74.525835494926,39.4072719662285],[-74.5258950546476,39.4073511371165],[-74.5259418788453,39.4074434904527],[-74.5259716716463,39.4075160785643],[-74.5259844800374,39.407601850101],[-74.5259887571266,39.4076843284065],[-74.5259633232055,39.4079119488068],[-74.5259166238175,39.4082517607418],[-74.5258615249719,39.4086575807837],[-74.5258076419576,39.4090715383476]]}},{"type":"Feature","id":93748,"properties":{"OBJECTID":93748,"PRIMENAME":"South 8th Avenue","ELEVTYP_F":0,"ELEVTYP_T":0},"geometry":{"type":"LineString","coordinates":[[-74.5197460844779,39.4424756200467],[-74.5199965563388,39.4422615019611],[-74.5206014225005,39.4417374550321]]}},{"type":"Feature","id":93917,"properties":{"OBJECTID":93917,"PRIMENAME":"North Franklin Boulevard","ELEVTYP_F":0,"ELEVTYP_T":0},"geometry":{"type":"LineString","coordinates":[[-74.5039500531602,39.4093924884695],[-74.5033479620838,39.410073785722],[-74.5030248618679,39.4104379500601]]}},{"type":"Feature","id":94388,"properties":{"OBJECTID":94388,"PRIMENAME":"South Chester Avenue","ELEVTYP_F":0,"ELEVTYP_T":0},"geometry":{"type":"LineString","coordinates":[[-74.5207585181687,39.3872249726951],[-74.5203797959483,39.3878872379407],[-74.5200379449457,39.3884592726782]]}},{"type":"Feature","id":94743,"properties":{"OBJECTID":94743,"PRIMENAME":"Franklin Avenue","ELEVTYP_F":0,"ELEVTYP_T":0},"geometry":{"type":"LineString","coordinates":[[-74.5100720601266,39.4025457270127],[-74.5097758521486,39.4028826985808],[-74.5094387026568,39.4032799949783]]}},{"type":"Feature","id":95300,"properties":{"OBJECTID":95300,"PRIMENAME":"New Jersey Avenue","ELEVTYP_F":0,"ELEVTYP_T":0},"geometry":{"type":"LineString","coordinates":[[-74.5127447894141,39.4353791031456],[-74.5130634251399,39.4356005578036],[-74.5136933351009,39.4360360815018],[-74.5147361668393,39.4367520712206],[-74.5149780028194,39.4369198535492]]}},{"type":"Feature","id":95394,"properties":{"OBJECTID":95394,"PRIMENAME":"North Edgeley Avenue","ELEVTYP_F":0,"ELEVTYP_T":0},"geometry":{"type":"LineString","coordinates":[[-74.5144452593867,39.3981858530657],[-74.514862425646,39.3977257933326]]}},{"type":"Feature","id":95518,"properties":{"OBJECTID":95518,"PRIMENAME":"Franklin Avenue","ELEVTYP_F":0,"ELEVTYP_T":0},"geometry":{"type":"LineString","coordinates":[[-74.515655032798,39.3962257102235],[-74.5153697738162,39.3965439149608]]}},{"type":"Feature","id":96194,"properties":{"OBJECTID":96194,"PRIMENAME":"Briar Cliff Place","ELEVTYP_F":0,"ELEVTYP_T":0},"geometry":{"type":"LineString","coordinates":[[-74.4917907965413,39.4207561440626],[-74.4917907317487,39.4207045254989],[-74.4918029138807,39.4206637264097],[-74.4918231339624,39.4206041200744],[-74.4923337596351,39.419768215688]]}},{"type":"Feature","id":96884,"properties":{"OBJECTID":96884,"PRIMENAME":"Crestview Avenue","ELEVTYP_F":0,"ELEVTYP_T":0},"geometry":{"type":"LineString","coordinates":[[-74.5193623922095,39.4499524562024],[-74.5194901589905,39.4500455113808],[-74.5198504688663,39.4503012331802],[-74.5199817782415,39.4503977750889],[-74.5200693108196,39.4504734565785],[-74.5202814487596,39.4506065285475],[-74.5207292560719,39.4509170078857],[-74.521042422389,39.4511231482542],[-74.5215845467125,39.4515458480883]]}},{"type":"Feature","id":97004,"properties":{"OBJECTID":97004,"PRIMENAME":"West Edgewater Avenue","ELEVTYP_F":0,"ELEVTYP_T":0},"geometry":{"type":"LineString","coordinates":[[-74.5300855222908,39.38693642453],[-74.5291601751326,39.3865881961131],[-74.5290544872389,39.3865484231614],[-74.5286594178489,39.3864054723184]]}},{"type":"Feature","id":97396,"properties":{"OBJECTID":97396,"PRIMENAME":"Mill Road","ELEVTYP_F":0,"ELEVTYP_T":0},"geometry":{"type":"LineString","coordinates":[[-74.5256521412071,39.4102180342532],[-74.5255561581595,39.410914187846],[-74.5255392162063,39.4111418331853],[-74.5254968205455,39.411455258435],[-74.5254289285637,39.4119303254745],[-74.5253779927405,39.4123163201802],[-74.5252168501487,39.4135304257439],[-74.5251939378047,39.4136978329349]]}},{"type":"Feature","id":97888,"properties":{"OBJECTID":97888,"PRIMENAME":"South Seaview Avenue","ELEVTYP_F":0,"ELEVTYP_T":0},"geometry":{"type":"LineString","coordinates":[[-74.4915601319453,39.4410072266885],[-74.4915777949741,39.4410565673301],[-74.491591952707,39.4411086803689],[-74.4915919441397,39.4411799568412],[-74.4915813062702,39.4413033724819],[-74.491567163032,39.4414295055697],[-74.491556213808,39.4414849119027]]}},{"type":"Feature","id":98517,"properties":{"OBJECTID":98517,"PRIMENAME":"6th Avenue","ELEVTYP_F":0,"ELEVTYP_T":0},"geometry":{"type":"LineString","coordinates":[[-74.4974202014481,39.412346103111],[-74.4974102208984,39.4123625506258],[-74.4973816553178,39.4124121093881],[-74.4973695133792,39.4124351444125],[-74.4973640269623,39.4124504930466],[-74.4973629289522,39.4124666921365],[-74.4973651581425,39.412478635915]]}},{"type":"Feature","id":98570,"properties":{"OBJECTID":98570,"PRIMENAME":"FR US 30 EB to US 30 WB","ELEVTYP_F":0,"ELEVTYP_T":0},"geometry":{"type":"LineString","coordinates":[[-74.4924918555306,39.398622353792],[-74.4923876361923,39.3986192167292]]}},{"type":"Feature","id":99403,"properties":{"OBJECTID":99403,"PRIMENAME":"Martin Luther King Jr Avenue","ELEVTYP_F":0,"ELEVTYP_T":0},"geometry":{"type":"LineString","coordinates":[[-74.5240088445839,39.3939007741462],[-74.5233302435506,39.3935842551148]]}},{"type":"Feature","id":99502,"properties":{"OBJECTID":99502,"PRIMENAME":"Biscayne Avenue","ELEVTYP_F":0,"ELEVTYP_T":0},"geometry":{"type":"LineString","coordinates":[[-74.4876595442694,39.4390567044538],[-74.4886142807529,39.4393861991001],[-74.4890150577927,39.4395142391377]]}},{"type":"Feature","id":99884,"properties":{"OBJECTID":99884,"PRIMENAME":"East Washington Avenue","ELEVTYP_F":0,"ELEVTYP_T":0},"geometry":{"type":"LineString","coordinates":[[-74.5187913737214,39.3905248764406],[-74.5191350987632,39.3906534544622],[-74.519756693851,39.3908852763077]]}},{"type":"Feature","id":100230,"properties":{"OBJECTID":100230,"PRIMENAME":"West Delilah Road","ELEVTYP_F":0,"ELEVTYP_T":0},"geometry":{"type":"LineString","coordinates":[[-74.5139619088471,39.4052050385231],[-74.5133457560319,39.4049424070466],[-74.5131265928175,39.4048471576815]]}},{"type":"Feature","id":100748,"properties":{"OBJECTID":100748,"PRIMENAME":"North 4th Street","ELEVTYP_F":0,"ELEVTYP_T":0},"geometry":{"type":"LineString","coordinates":[[-74.52756863186,39.3943654289042],[-74.5277144041333,39.3941357477045],[-74.5278542309144,39.3939079612277]]}},{"type":"Feature","id":100878,"properties":{"OBJECTID":100878,"PRIMENAME":"Sawmill Road","ELEVTYP_F":0,"ELEVTYP_T":0},"geometry":{"type":"LineString","coordinates":[[-74.5244045908482,39.419832100383],[-74.5243396060597,39.4202889116741],[-74.5242833836909,39.4207737764885],[-74.524185281093,39.4216687671502],[-74.5241840470834,39.421683896345],[-74.5241878098452,39.4217134111796],[-74.5241937665724,39.4217396583555],[-74.5242000033938,39.4217597277856]]}},{"type":"Feature","id":100916,"properties":{"OBJECTID":100916,"PRIMENAME":"Maple Avenue","ELEVTYP_F":0,"ELEVTYP_T":0},"geometry":{"type":"LineString","coordinates":[[-74.5306252605525,39.385664384018],[-74.5324314725914,39.3863393817132]]}},{"type":"Feature","id":101686,"properties":{"OBJECTID":101686,"PRIMENAME":"Pacific Avenue","ELEVTYP_F":0,"ELEVTYP_T":0},"geometry":{"type":"LineString","coordinates":[[-74.505858860459,39.4035580353377],[-74.506376086589,39.4037802965703]]}},{"type":"Feature","id":101841,"properties":{"OBJECTID":101841,"PRIMENAME":"Belmont Avenue","ELEVTYP_F":0,"ELEVTYP_T":0},"geometry":{"type":"LineString","coordinates":[[-74.530259066984,39.3984690766216],[-74.5296704178266,39.3993944319594]]}},{"type":"Feature","id":101868,"properties":{"OBJECTID":101868,"PRIMENAME":"South Seaview Avenue","ELEVTYP_F":0,"ELEVTYP_T":0},"geometry":{"type":"LineString","coordinates":[[-74.4911515150573,39.443689241732],[-74.4910929051827,39.4439990275509],[-74.4910256407523,39.4444158642278],[-74.4908777521034,39.4452940437812]]}},{"type":"Feature","id":102213,"properties":{"OBJECTID":102213,"PRIMENAME":"East West Jersey Avenue","ELEVTYP_F":0,"ELEVTYP_T":0},"geometry":{"type":"LineString","coordinates":[[-74.5168782958251,39.3888483399261],[-74.516584342105,39.3887575558098],[-74.5160619383281,39.3886021699355]]}},{"type":"Feature","id":102225,"properties":{"OBJECTID":102225,"PRIMENAME":"North Main Street","ELEVTYP_F":0,"ELEVTYP_T":0},"geometry":{"type":"LineString","coordinates":[[-74.504537470006,39.4124009298178],[-74.5040092757925,39.4132502330119],[-74.5038335496304,39.413533425687]]}},{"type":"Feature","id":103395,"properties":{"OBJECTID":103395,"PRIMENAME":"Chestnut Street","ELEVTYP_F":0,"ELEVTYP_T":0},"geometry":{"type":"LineString","coordinates":[[-74.5255817149263,39.3913526328094],[-74.5254981486182,39.3914712601259],[-74.5254672329573,39.3915151460007],[-74.5253872241269,39.391645564891]]}},{"type":"Feature","id":103440,"properties":{"OBJECTID":103440,"PRIMENAME":"Pleasant Avenue","ELEVTYP_F":0,"ELEVTYP_T":0},"geometry":{"type":"LineString","coordinates":[[-74.5251716950827,39.3953483127928],[-74.523905706527,39.3948722633528]]}},{"type":"Feature","id":103526,"properties":{"OBJECTID":103526,"PRIMENAME":"Pleasant Avenue","ELEVTYP_F":0,"ELEVTYP_T":0},"geometry":{"type":"LineString","coordinates":[[-74.5277367424158,39.3963025594072],[-74.5264563868812,39.3958269808192]]}},{"type":"Feature","id":103864,"properties":{"OBJECTID":103864,"PRIMENAME":"South Chester Avenue","ELEVTYP_F":0,"ELEVTYP_T":0},"geometry":{"type":"LineString","coordinates":[[-74.5191472179395,39.3899415850037],[-74.5188237232297,39.3904718507307],[-74.5187913737214,39.3905248764406]]}},{"type":"Feature","id":103959,"properties":{"OBJECTID":103959,"PRIMENAME":"North Main Street","ELEVTYP_F":0,"ELEVTYP_T":0},"geometry":{"type":"LineString","coordinates":[[-74.5224313896365,39.3918875330692],[-74.5219101023753,39.3924707998691],[-74.5217558381741,39.3926434040741],[-74.5216216666176,39.3927927104304]]}},{"type":"Feature","id":104597,"properties":{"OBJECTID":104597,"PRIMENAME":"Pleasant Avenue","ELEVTYP_F":0,"ELEVTYP_T":0},"geometry":{"type":"LineString","coordinates":[[-74.5216695740464,39.3940344794691],[-74.5211690242453,39.3938469475724],[-74.5208021589747,39.3937094978394]]}},{"type":"Feature","id":105329,"properties":{"OBJECTID":105329,"PRIMENAME":"North Main Street","ELEVTYP_F":0,"ELEVTYP_T":0},"geometry":{"type":"LineString","coordinates":[[-74.5060691310427,39.4102326760816],[-74.5058151650519,39.4105171343739]]}},{"type":"Feature","id":105703,"properties":{"OBJECTID":105703,"PRIMENAME":"Genoa Avenue","ELEVTYP_F":0,"ELEVTYP_T":0},"geometry":{"type":"LineString","coordinates":[[-74.5174119095472,39.3861138852643],[-74.5174236741999,39.3861869730722],[-74.5174315780984,39.3862420498478],[-74.517423701596,39.3862971289868],[-74.5173567187517,39.3864226437424],[-74.516836591833,39.3872858180025]]}},{"type":"Feature","id":106228,"properties":{"OBJECTID":106228,"PRIMENAME":"North 4th Street","ELEVTYP_F":0,"ELEVTYP_T":0},"geometry":{"type":"LineString","coordinates":[[-74.5264563868812,39.3958269808192],[-74.5266568019271,39.3955023708258],[-74.526797286363,39.3953114599424],[-74.5268519525444,39.3952932718113],[-74.5269519105578,39.3952677415252]]}},{"type":"Feature","id":106391,"properties":{"OBJECTID":106391,"PRIMENAME":"West Lindley Avenue","ELEVTYP_F":0,"ELEVTYP_T":0},"geometry":{"type":"LineString","coordinates":[[-74.5126133350271,39.4083489084693],[-74.5121443906643,39.4081425008104],[-74.5107416699532,39.4075250721765]]}},{"type":"Feature","id":107213,"properties":{"OBJECTID":107213,"PRIMENAME":"5th Avenue","ELEVTYP_F":0,"ELEVTYP_T":0},"geometry":{"type":"LineString","coordinates":[[-74.5294534177582,39.4448214420857],[-74.5293516150806,39.4449227822086],[-74.5287829221774,39.4454109875816],[-74.5282964559812,39.4458289927151]]}},{"type":"Feature","id":107314,"properties":{"OBJECTID":107314,"PRIMENAME":"Genoa Avenue","ELEVTYP_F":0,"ELEVTYP_T":0},"geometry":{"type":"LineString","coordinates":[[-74.5162345531618,39.3866773553885],[-74.5162307598572,39.3866837912728],[-74.5161292605565,39.3868559808595]]}},{"type":"Feature","id":107623,"properties":{"OBJECTID":107623,"PRIMENAME":"Franklin Avenue","ELEVTYP_F":0,"ELEVTYP_T":0},"geometry":{"type":"LineString","coordinates":[[-74.5115565966362,39.4008774121854],[-74.5114726665832,39.4009674224602],[-74.5113033581555,39.4011630394738],[-74.5110964699105,39.4013933101251]]}},{"type":"Feature","id":107920,"properties":{"OBJECTID":107920,"PRIMENAME":"East Redwood Avenue","ELEVTYP_F":0,"ELEVTYP_T":0},"geometry":{"type":"LineString","coordinates":[[-74.5021834252567,39.4115252186784],[-74.5010254329015,39.4110909004947]]}},{"type":"Feature","id":108678,"properties":{"OBJECTID":108678,"PRIMENAME":"Franklin Avenue","ELEVTYP_F":0,"ELEVTYP_T":0},"geometry":{"type":"LineString","coordinates":[[-74.519756693851,39.3908852763077],[-74.5197294231997,39.3909236101847],[-74.5195988732205,39.3910873193104],[-74.519484929586,39.3912302043014],[-74.5192875518364,39.3914847596003]]}},{"type":"Feature","id":108972,"properties":{"OBJECTID":108972,"PRIMENAME":"Linden Avenue","ELEVTYP_F":0,"ELEVTYP_T":1},"geometry":{"type":"LineString","coordinates":[[-74.518984692718,39.3982778394863],[-74.5187227194829,39.3985704035474],[-74.5183917944425,39.3989477093206]]}},{"type":"Feature","id":109490,"properties":{"OBJECTID":109490,"PRIMENAME":"Spruce Avenue","ELEVTYP_F":0,"ELEVTYP_T":0},"geometry":{"type":"LineString","coordinates":[[-74.5273706795093,39.4028735198154],[-74.5275560822066,39.4029411560821],[-74.5277292445709,39.4030170048895],[-74.5279437476693,39.4031045395417],[-74.5281695803588,39.4032008304625],[-74.5284217443486,39.4032971136126],[-74.5288018686334,39.4034458895247],[-74.5291857473582,39.4035976286922],[-74.5293282219645,39.4036561297381]]}},{"type":"Feature","id":109799,"properties":{"OBJECTID":109799,"PRIMENAME":"North 1st Street","ELEVTYP_F":0,"ELEVTYP_T":0},"geometry":{"type":"LineString","coordinates":[[-74.5222012963279,39.3954017713466],[-74.521756635268,39.3961214375325],[-74.5216162874564,39.3963458657027]]}},{"type":"Feature","id":109993,"properties":{"OBJECTID":109993,"PRIMENAME":"West Jersey Avenue","ELEVTYP_F":0,"ELEVTYP_T":0},"geometry":{"type":"LineString","coordinates":[[-74.5143979244169,39.3881013319313],[-74.5138157975418,39.3879194479418],[-74.5136817215777,39.3878674611928],[-74.5136146618198,39.3878246087393],[-74.5135870546102,39.3877848278963]]}},{"type":"Feature","id":111913,"properties":{"OBJECTID":111913,"PRIMENAME":"Linden Avenue","ELEVTYP_F":0,"ELEVTYP_T":0},"geometry":{"type":"LineString","coordinates":[[-74.5107416699532,39.4075250721765],[-74.5098714919597,39.4084998821926]]}},{"type":"Feature","id":111945,"properties":{"OBJECTID":111945,"PRIMENAME":"Utah Avenue","ELEVTYP_F":0,"ELEVTYP_T":0},"geometry":{"type":"LineString","coordinates":[[-74.5052179038226,39.4113055525655],[-74.5057361957544,39.4115031973857],[-74.5057718218419,39.4115167833162],[-74.5064208094548,39.4117642625787]]}},{"type":"Feature","id":112330,"properties":{"OBJECTID":112330,"PRIMENAME":"North 3rd Street","ELEVTYP_F":0,"ELEVTYP_T":0},"geometry":{"type":"LineString","coordinates":[[-74.5251716950827,39.3953483127928],[-74.524973960101,39.3956663302796],[-74.5249342455956,39.3957302751753],[-74.5247042407098,39.3961006033843],[-74.5242324830712,39.3968601614851],[-74.5239967170507,39.3972347177976]]}},{"type":"Feature","id":112606,"properties":{"OBJECTID":112606,"PRIMENAME":"North 3rd Street","ELEVTYP_F":0,"ELEVTYP_T":0},"geometry":{"type":"LineString","coordinates":[[-74.526451605884,39.3939425002356],[-74.5261331842134,39.3944694085474],[-74.5259247708662,39.3947917125193]]}},{"type":"Feature","id":112895,"properties":{"OBJECTID":112895,"PRIMENAME":"West Leeds Avenue","ELEVTYP_F":0,"ELEVTYP_T":0},"geometry":{"type":"LineString","coordinates":[[-74.5182084303753,39.4120913387769],[-74.5174843809328,39.4118031293773],[-74.5173474587104,39.4117498296247]]}},{"type":"Feature","id":112963,"properties":{"OBJECTID":112963,"PRIMENAME":"8th Avenue","ELEVTYP_F":0,"ELEVTYP_T":0},"geometry":{"type":"LineString","coordinates":[[-74.5019059311579,39.4142284244095],[-74.5026167908361,39.4130861935108]]}},{"type":"Feature","id":114543,"properties":{"OBJECTID":114543,"PRIMENAME":"Arbutus Avenue","ELEVTYP_F":0,"ELEVTYP_T":0},"geometry":{"type":"LineString","coordinates":[[-74.5303823975275,39.451137529072],[-74.530351267568,39.4511375372004],[-74.5303139718073,39.451127910217],[-74.5302704032397,39.4511110361527],[-74.530136639039,39.4510242810419],[-74.5297291392609,39.4507422999849],[-74.52906654519,39.450281942908],[-74.5288767695245,39.4501373503204],[-74.5287523594956,39.4500553970247],[-74.5285003822116,39.4498770474453],[-74.5281582170469,39.4496384262219],[-74.5280877229846,39.4495892409019]]}},{"type":"Feature","id":114935,"properties":{"OBJECTID":114935,"PRIMENAME":"East Bartlett Avenue","ELEVTYP_F":0,"ELEVTYP_T":0},"geometry":{"type":"LineString","coordinates":[[-74.4700415167957,39.4469719143327],[-74.4701595693553,39.4470073630827],[-74.4709021609298,39.447227558968],[-74.4713639960944,39.4473704731895],[-74.4717080973306,39.4474805752257],[-74.4718498400959,39.4475230569288]]}},{"type":"Feature","id":115036,"properties":{"OBJECTID":115036,"PRIMENAME":"Green Avenue","ELEVTYP_F":0,"ELEVTYP_T":0},"geometry":{"type":"LineString","coordinates":[[-74.5183223079244,39.3896805510266],[-74.5190763370608,39.3899203178303],[-74.5191472179395,39.3899415850037]]}},{"type":"Feature","id":116039,"properties":{"OBJECTID":116039,"PRIMENAME":"Bartlett Avenue","ELEVTYP_F":0,"ELEVTYP_T":0},"geometry":{"type":"LineString","coordinates":[[-74.51957573638,39.4087478238474],[-74.5197161989502,39.4087823260697],[-74.5209131113498,39.4092852681671]]}},{"type":"Feature","id":116262,"properties":{"OBJECTID":116262,"PRIMENAME":"North Edgeley Avenue","ELEVTYP_F":0,"ELEVTYP_T":0},"geometry":{"type":"LineString","coordinates":[[-74.514141765448,39.3985206407452],[-74.5142224512091,39.3984316360026],[-74.5144452593867,39.3981858530657]]}},{"type":"Feature","id":116589,"properties":{"OBJECTID":116589,"PRIMENAME":"Wesley Avenue","ELEVTYP_F":0,"ELEVTYP_T":0},"geometry":{"type":"LineString","coordinates":[[-74.5322409868039,39.3992068240267],[-74.5319984608768,39.3991156251655],[-74.531561725393,39.3989535394586],[-74.5304027690673,39.3985234035625],[-74.530259066984,39.3984690766216]]}},{"type":"Feature","id":116729,"properties":{"OBJECTID":116729,"PRIMENAME":"Woodland Avenue","ELEVTYP_F":0,"ELEVTYP_T":0},"geometry":{"type":"LineString","coordinates":[[-74.5198083665324,39.3975534252511],[-74.5200887882404,39.3977023845389],[-74.5204048904969,39.3978745641211],[-74.5206532845491,39.3980088373446],[-74.5208748181897,39.3981402052612]]}},{"type":"Feature","id":117013,"properties":{"OBJECTID":117013,"PRIMENAME":"South Franklin Boulevard","ELEVTYP_F":0,"ELEVTYP_T":0},"geometry":{"type":"LineString","coordinates":[[-74.5214008211038,39.3879166523712],[-74.5211959138218,39.3882550107528],[-74.520891061402,39.3887647424238]]}},{"type":"Feature","id":117684,"properties":{"OBJECTID":117684,"PRIMENAME":"Chester Avenue","ELEVTYP_F":0,"ELEVTYP_T":0},"geometry":{"type":"LineString","coordinates":[[-74.5210165005998,39.3867738137844],[-74.5207585181687,39.3872249726951]]}},{"type":"Feature","id":118258,"properties":{"OBJECTID":118258,"PRIMENAME":"Brighton Avenue","ELEVTYP_F":0,"ELEVTYP_T":0},"geometry":{"type":"LineString","coordinates":[[-74.5228420860934,39.4032187192006],[-74.5229636328235,39.4032642182514],[-74.5231210034905,39.4033301654946],[-74.5232985186821,39.4034204067508]]}},{"type":"Feature","id":119376,"properties":{"OBJECTID":119376,"PRIMENAME":"Homer Avenue","ELEVTYP_F":0,"ELEVTYP_T":0},"geometry":{"type":"LineString","coordinates":[[-74.5165167407735,39.4075668314143],[-74.5166175335797,39.4074267350887],[-74.5172135134458,39.4065983470902],[-74.5172138489096,39.4065978786233]]}},{"type":"Feature","id":119972,"properties":{"OBJECTID":119972,"PRIMENAME":"Turner Avenue","ELEVTYP_F":0,"ELEVTYP_T":0},"geometry":{"type":"LineString","coordinates":[[-74.4968241883116,39.4199325047406],[-74.4963970358426,39.4199048386324],[-74.4960089656194,39.419879700849]]}},{"type":"Feature","id":120452,"properties":{"OBJECTID":120452,"PRIMENAME":"West Leeds Avenue","ELEVTYP_F":0,"ELEVTYP_T":0},"geometry":{"type":"LineString","coordinates":[[-74.5173474587104,39.4117498296247],[-74.5164763733583,39.4114106765144],[-74.5164237358522,39.4113898997599]]}},{"type":"Feature","id":121279,"properties":{"OBJECTID":121279,"PRIMENAME":"East Waveland Avenue","ELEVTYP_F":0,"ELEVTYP_T":0},"geometry":{"type":"LineString","coordinates":[[-74.5277193799328,39.4436043533827],[-74.5278834495194,39.4437199791632],[-74.5281292732547,39.4438921540962],[-74.5283683343444,39.4440617484708],[-74.5286377144005,39.4442443766209],[-74.5290687312338,39.4445522475433],[-74.5293380452332,39.4447374827789],[-74.5293784626068,39.4447662196963],[-74.5294020560448,39.4447870527612],[-74.5294534177582,39.4448214420857]]}},{"type":"Feature","id":121318,"properties":{"OBJECTID":121318,"PRIMENAME":"West Adams Avenue","ELEVTYP_F":0,"ELEVTYP_T":0},"geometry":{"type":"LineString","coordinates":[[-74.5232160694353,39.3969438363529],[-74.5239967170507,39.3972347177976]]}},{"type":"Feature","id":121430,"properties":{"OBJECTID":121430,"PRIMENAME":"East Delilah Road","ELEVTYP_F":0,"ELEVTYP_T":0},"geometry":{"type":"LineString","coordinates":[[-74.5094387026568,39.4032799949783],[-74.5094080521107,39.4032675600744],[-74.5091819634667,39.4031759826901],[-74.5089390267926,39.4030687015609],[-74.5087028506701,39.402969216768],[-74.5082423369678,39.4027618899518],[-74.5080111376902,39.402657799392],[-74.5074042320798,39.4024020547641]]}},{"type":"Feature","id":123298,"properties":{"OBJECTID":123298,"PRIMENAME":"FR US 30 EB to US 30 WB","ELEVTYP_F":0,"ELEVTYP_T":0},"geometry":{"type":"LineString","coordinates":[[-74.4918886682051,39.4076855762689],[-74.4917805425211,39.4076872991238]]}},{"type":"Feature","id":123633,"properties":{"OBJECTID":123633,"PRIMENAME":"East Mulberry Avenue","ELEVTYP_F":0,"ELEVTYP_T":0},"geometry":{"type":"LineString","coordinates":[[-74.5155041057131,39.3987515070928],[-74.5160489039012,39.3990436872512]]}},{"type":"Feature","id":123908,"properties":{"OBJECTID":123908,"PRIMENAME":"Chestnut Street","ELEVTYP_F":0,"ELEVTYP_T":0},"geometry":{"type":"LineString","coordinates":[[-74.5286594178489,39.3864054723184],[-74.5282985017254,39.386980666457],[-74.5281944395578,39.387150180978]]}},{"type":"Feature","id":123990,"properties":{"OBJECTID":123990,"PRIMENAME":"FR US 30 EB to 6TH AVE","ELEVTYP_F":0,"ELEVTYP_T":0},"geometry":{"type":"LineString","coordinates":[[-74.5292742886766,39.4465601873956],[-74.5288910237872,39.446238302612],[-74.5285946761032,39.4460295703624],[-74.5282964559812,39.4458289927151]]}},{"type":"Feature","id":124391,"properties":{"OBJECTID":124391,"PRIMENAME":"Yale Avenue","ELEVTYP_F":0,"ELEVTYP_T":0},"geometry":{"type":"LineString","coordinates":[[-74.4798292098349,39.4438341171491],[-74.4801074614317,39.4432532160243],[-74.4801406266375,39.4431842792086]]}},{"type":"Feature","id":124532,"properties":{"OBJECTID":124532,"PRIMENAME":"South Seaview Avenue","ELEVTYP_F":0,"ELEVTYP_T":0},"geometry":{"type":"LineString","coordinates":[[-74.4908777521034,39.4452940437812],[-74.4908344802801,39.4455511682247],[-74.4907501680406,39.4460529267643]]}},{"type":"Feature","id":125135,"properties":{"OBJECTID":125135,"PRIMENAME":"Black Horse Pike","ELEVTYP_F":0,"ELEVTYP_T":0},"geometry":{"type":"LineString","coordinates":[[-74.5176375213001,39.3875765477998],[-74.5171301542087,39.3873904676612],[-74.516836591833,39.3872858180025]]}},{"type":"Feature","id":125446,"properties":{"OBJECTID":125446,"PRIMENAME":"South Seaview Avenue","ELEVTYP_F":0,"ELEVTYP_T":0},"geometry":{"type":"LineString","coordinates":[[-74.4913434301587,39.4426631306038],[-74.4912309248258,39.4432695503203],[-74.4911515150573,39.443689241732]]}},{"type":"Feature","id":126182,"properties":{"OBJECTID":126182,"PRIMENAME":"East Belmar Avenue","ELEVTYP_F":0,"ELEVTYP_T":0},"geometry":{"type":"LineString","coordinates":[[-74.474425723707,39.4467809588477],[-74.4733116077541,39.4464721263974],[-74.4724518119177,39.4462231989805]]}},{"type":"Feature","id":126466,"properties":{"OBJECTID":126466,"PRIMENAME":"East Fairway Lane","ELEVTYP_F":0,"ELEVTYP_T":0},"geometry":{"type":"LineString","coordinates":[[-74.4818014915909,39.4492340648162],[-74.4825604883575,39.4488834030561],[-74.4827297270852,39.448859929242],[-74.4828610690185,39.4488736560788],[-74.4834211558837,39.4490681344104]]}},{"type":"Feature","id":126881,"properties":{"OBJECTID":126881,"PRIMENAME":"Franklin Avenue","ELEVTYP_F":0,"ELEVTYP_T":0},"geometry":{"type":"LineString","coordinates":[[-74.5176287868506,39.3937847860523],[-74.5175818485717,39.3938608751005],[-74.5173670465014,39.3942037967704]]}},{"type":"Feature","id":126986,"properties":{"OBJECTID":126986,"PRIMENAME":"Linden Avenue","ELEVTYP_F":0,"ELEVTYP_T":0},"geometry":{"type":"LineString","coordinates":[[-74.5123393167908,39.4057267587782],[-74.5121501821326,39.4059380844586],[-74.511780297068,39.4063571082953],[-74.5113497897587,39.4068419512858]]}},{"type":"Feature","id":127527,"properties":{"OBJECTID":127527,"PRIMENAME":"North 1st Street","ELEVTYP_F":0,"ELEVTYP_T":0},"geometry":{"type":"LineString","coordinates":[[-74.5227889432903,39.3944537197498],[-74.522541082047,39.3948518884199],[-74.5222012963279,39.3954017713466]]}},{"type":"Feature","id":127952,"properties":{"OBJECTID":127952,"PRIMENAME":"New York Avenue","ELEVTYP_F":0,"ELEVTYP_T":0},"geometry":{"type":"LineString","coordinates":[[-74.5030497617888,39.4367876969942],[-74.503960418063,39.4374249316951]]}},{"type":"Feature","id":128402,"properties":{"OBJECTID":128402,"PRIMENAME":"Spruce Avenue","ELEVTYP_F":0,"ELEVTYP_T":0},"geometry":{"type":"LineString","coordinates":[[-74.5254723581976,39.3940269277571],[-74.525708954118,39.3936521482696]]}},{"type":"Feature","id":128629,"properties":{"OBJECTID":128629,"PRIMENAME":"New Jersey Avenue","ELEVTYP_F":0,"ELEVTYP_T":0},"geometry":{"type":"LineString","coordinates":[[-74.5149780028194,39.4369198535492],[-74.5156467885219,39.4373839645845],[-74.5157917348168,39.4374845505837],[-74.5165717652032,39.4380245909457]]}},{"type":"Feature","id":129030,"properties":{"OBJECTID":129030,"PRIMENAME":"Black Horse Pike","ELEVTYP_F":0,"ELEVTYP_T":0},"geometry":{"type":"LineString","coordinates":[[-74.5086190882524,39.3857759174218],[-74.5087441059988,39.3858785963394],[-74.5089912995877,39.3859835159543],[-74.5093131170069,39.3861065515001],[-74.5095323549079,39.3861789089725],[-74.5096708075117,39.3862198373602],[-74.5097282747059,39.3862368262672],[-74.5099287931647,39.3862802182488],[-74.5101433209692,39.3863163878059],[-74.5101897460653,39.3863225939027],[-74.5102785913147,39.3863344695145],[-74.5104278365185,39.3863489537978],[-74.5106320323077,39.3863630806654]]}},{"type":"Feature","id":129037,"properties":{"OBJECTID":129037,"PRIMENAME":"Guard Place","ELEVTYP_F":0,"ELEVTYP_T":0},"geometry":{"type":"LineString","coordinates":[[-74.5191426551695,39.397199456803],[-74.5197778759155,39.3964851607106],[-74.5197965923413,39.3964641156454],[-74.5198941764344,39.3964125630981],[-74.5199876873447,39.396347969327],[-74.52006021632,39.3962950760409],[-74.5200946434383,39.3962785961945],[-74.5201335312978,39.3962668105568],[-74.5202260324608,39.3962610554887],[-74.5202579845432,39.3962535543385],[-74.5202924123982,39.396239848009],[-74.5203392525729,39.3961943987671],[-74.5204955142173,39.3959214808438]]}},{"type":"Feature","id":129555,"properties":{"OBJECTID":129555,"PRIMENAME":"Pleasant Avenue","ELEVTYP_F":0,"ELEVTYP_T":0},"geometry":{"type":"LineString","coordinates":[[-74.5227889432903,39.3944537197498],[-74.5220644961545,39.3941824236198],[-74.5216695740464,39.3940344794691]]}},{"type":"Feature","id":129613,"properties":{"OBJECTID":129613,"PRIMENAME":"Spruce Avenue","ELEVTYP_F":0,"ELEVTYP_T":0},"geometry":{"type":"LineString","coordinates":[[-74.5313753371544,39.404492004611],[-74.5315945545286,39.4045749731754],[-74.5317940191759,39.4046478982706],[-74.5319332665496,39.404685832571],[-74.5321026356033,39.4047295793838],[-74.5323096243555,39.4047674665955],[-74.5324827319425,39.4047819978822],[-74.5327197932541,39.4047994493602],[-74.5329531362843,39.4048110795203],[-74.5331601077659,39.4048110207096],[-74.5332805394789,39.4047992902969],[-74.5335552343119,39.4047671139864],[-74.5336565545074,39.4047526979975]]}},{"type":"Feature","id":129888,"properties":{"OBJECTID":129888,"PRIMENAME":"Franklin Avenue","ELEVTYP_F":0,"ELEVTYP_T":0},"geometry":{"type":"LineString","coordinates":[[-74.5145346101889,39.3974808944673],[-74.5145292788576,39.3974868845785],[-74.5144484254366,39.3975776902761],[-74.5140651132124,39.3979867301266]]}},{"type":"Feature","id":130248,"properties":{"OBJECTID":130248,"PRIMENAME":"Florence Avenue","ELEVTYP_F":0,"ELEVTYP_T":0},"geometry":{"type":"LineString","coordinates":[[-74.5131136176339,39.4060529402586],[-74.5138335149504,39.4052475564365],[-74.5138543942656,39.4052333041538],[-74.5138834485604,39.4052215217937],[-74.5139126091921,39.4052131714718],[-74.5139619088471,39.4052050385231]]}},{"type":"Feature","id":130529,"properties":{"OBJECTID":130529,"PRIMENAME":"North Main Street","ELEVTYP_F":0,"ELEVTYP_T":0},"geometry":{"type":"LineString","coordinates":[[-74.5200308122209,39.3945719885815],[-74.519587876707,39.3950714446872],[-74.5192484087013,39.3954504291559]]}},{"type":"Feature","id":131065,"properties":{"OBJECTID":131065,"PRIMENAME":"Montclaire Drive","ELEVTYP_F":0,"ELEVTYP_T":0},"geometry":{"type":"LineString","coordinates":[[-74.5045819416005,39.4104622802264],[-74.50447283183,39.4104272667021],[-74.5044596863618,39.4104230496525],[-74.5043416432641,39.4103870589771],[-74.5041898331028,39.4103380266927],[-74.5041013094474,39.4103118642559],[-74.5040127515832,39.4102955033785],[-74.5039200183297,39.4102857040156],[-74.5037682456323,39.4102758794832],[-74.5036164391567,39.4102857138549],[-74.5035581804345,39.4102936778407],[-74.5035266438444,39.4102979621147],[-74.5034056320987,39.4103322313266],[-74.5033127230524,39.410361283071],[-74.5032285557167,39.4103903894476],[-74.5031373813025,39.4104171070259],[-74.5030248618679,39.4104379500601]]}},{"type":"Feature","id":131192,"properties":{"OBJECTID":131192,"PRIMENAME":"Theresa Court","ELEVTYP_F":0,"ELEVTYP_T":0},"geometry":{"type":"LineString","coordinates":[[-74.5198905593031,39.4425803671143],[-74.5197566726832,39.4424832957405],[-74.5197460844779,39.4424756200467]]}},{"type":"Feature","id":131314,"properties":{"OBJECTID":131314,"PRIMENAME":"West Mulberry Avenue","ELEVTYP_F":0,"ELEVTYP_T":0},"geometry":{"type":"LineString","coordinates":[[-74.5160489039012,39.3990436872512],[-74.5162622532949,39.3991581245429],[-74.5165257660702,39.3992997288685],[-74.5173331576781,39.3997335960154],[-74.5175788605636,39.3998611228363]]}},{"type":"Feature","id":131838,"properties":{"OBJECTID":131838,"PRIMENAME":"West Merion Avenue","ELEVTYP_F":0,"ELEVTYP_T":0},"geometry":{"type":"LineString","coordinates":[[-74.5174650864707,39.3974569344983],[-74.5179410260741,39.3977140451832],[-74.518984692718,39.3982778394863]]}},{"type":"Feature","id":132234,"properties":{"OBJECTID":132234,"PRIMENAME":"Elmhurst Avenue","ELEVTYP_F":0,"ELEVTYP_T":0},"geometry":{"type":"LineString","coordinates":[[-74.5025633961945,39.4087426040022],[-74.5025163601018,39.4088024056816]]}},{"type":"Feature","id":132458,"properties":{"OBJECTID":132458,"PRIMENAME":"West Lindley Avenue","ELEVTYP_F":0,"ELEVTYP_T":0},"geometry":{"type":"LineString","coordinates":[[-74.5107416699532,39.4075250721765],[-74.5104293060008,39.4073875706047],[-74.5091252100169,39.406807167123]]}},{"type":"Feature","id":132691,"properties":{"OBJECTID":132691,"PRIMENAME":"South 3rd Street","ELEVTYP_F":0,"ELEVTYP_T":0},"geometry":{"type":"LineString","coordinates":[[-74.5269995567562,39.3930403898049],[-74.5267887290007,39.3933846422637],[-74.5267258879337,39.3934886627046]]}},{"type":"Feature","id":133148,"properties":{"OBJECTID":133148,"PRIMENAME":"East Magnolia Avenue","ELEVTYP_F":0,"ELEVTYP_T":0},"geometry":{"type":"LineString","coordinates":[[-74.5268939421006,39.450609497678],[-74.5266315911979,39.4504296097078],[-74.5263173767074,39.4502030563575],[-74.5260063215801,39.4499933607358],[-74.5251602292825,39.4493956031271],[-74.5244510307678,39.4489111505426],[-74.5237418363462,39.4484098072701],[-74.5226064986821,39.4476216261817],[-74.5223064094301,39.4474112581538]]}},{"type":"Feature","id":133186,"properties":{"OBJECTID":133186,"PRIMENAME":"Unnamed Segment","ELEVTYP_F":0,"ELEVTYP_T":0},"geometry":{"type":"LineString","coordinates":[[-74.4920191647998,39.4151272561962],[-74.4923799311899,39.4151226124266]]}},{"type":"Feature","id":133668,"properties":{"OBJECTID":133668,"PRIMENAME":"Unnamed Segment","ELEVTYP_F":0,"ELEVTYP_T":0},"geometry":{"type":"LineString","coordinates":[[-74.518619490323,39.3946623439905],[-74.5182738042578,39.3945338134875],[-74.5180357279632,39.3944294519188],[-74.5173670465014,39.3942037967704]]}},{"type":"Feature","id":134650,"properties":{"OBJECTID":134650,"PRIMENAME":"Wellington Avenue","ELEVTYP_F":0,"ELEVTYP_T":0},"geometry":{"type":"LineString","coordinates":[[-74.5227991032894,39.4042510657936],[-74.522672831625,39.4041558711073],[-74.5210420880787,39.4035220690121],[-74.5207426448167,39.4034034555117],[-74.5207419016187,39.4034031818001]]}},{"type":"Feature","id":134906,"properties":{"OBJECTID":134906,"PRIMENAME":"Harris Avenue","ELEVTYP_F":0,"ELEVTYP_T":0},"geometry":{"type":"LineString","coordinates":[[-74.5172428433601,39.3931218769898],[-74.5177167565429,39.3923857772376]]}},{"type":"Feature","id":135873,"properties":{"OBJECTID":135873,"PRIMENAME":"Fairway Lane","ELEVTYP_F":0,"ELEVTYP_T":0},"geometry":{"type":"LineString","coordinates":[[-74.4834211558837,39.4490681344104],[-74.4834536936502,39.4491002731346],[-74.4834798426459,39.4491357474903],[-74.4834990441804,39.4491737962301],[-74.4835108824823,39.4492136076812],[-74.4835151114217,39.4492543323605],[-74.4835116382396,39.4492951009878],[-74.4835005374889,39.4493350416024],[-74.4834820440592,39.4493732993804],[-74.4831110933068,39.4499975858747],[-74.4830784180623,39.450028332491],[-74.4830395126931,39.4500543571193],[-74.4829954962862,39.4500749149591],[-74.4829476342956,39.4500894134663],[-74.4828973013554,39.4500974375718],[-74.482845944096,39.4500987523778],[-74.4827950358233,39.4500933256723],[-74.4827460428259,39.450081309908],[-74.4824797636195,39.4499961503153],[-74.4824100964048,39.4499640984971],[-74.4823449003765,39.4499268127915],[-74.4822848377257,39.4498846671371],[-74.4822304985892,39.4498380823035],[-74.4821824324212,39.449787524995],[-74.4821411154623,39.4497334979365],[-74.4818014915909,39.4492340648162]]}},{"type":"Feature","id":136688,"properties":{"OBJECTID":136688,"PRIMENAME":"Beachwood Drive","ELEVTYP_F":0,"ELEVTYP_T":0},"geometry":{"type":"LineString","coordinates":[[-74.5030682795843,39.4496875912742],[-74.5017804809949,39.4487900444265],[-74.5015086751122,39.4485987876763],[-74.5014681008764,39.4485722939854],[-74.5013497710532,39.4484950314482]]}},{"type":"Feature","id":136746,"properties":{"OBJECTID":136746,"PRIMENAME":"East California Avenue","ELEVTYP_F":0,"ELEVTYP_T":0},"geometry":{"type":"LineString","coordinates":[[-74.4980182741089,39.4113735246637],[-74.4991618471344,39.411801366165]]}},{"type":"Feature","id":137631,"properties":{"OBJECTID":137631,"PRIMENAME":"Black Horse Pike","ELEVTYP_F":0,"ELEVTYP_T":0},"geometry":{"type":"LineString","coordinates":[[-74.5192346947513,39.3881649088692],[-74.5185149281659,39.3878983395108],[-74.5184383862335,39.387870291579]]}},{"type":"Feature","id":138307,"properties":{"OBJECTID":138307,"PRIMENAME":"FR US 30 WB to CO 654","ELEVTYP_F":0,"ELEVTYP_T":0},"geometry":{"type":"LineString","coordinates":[[-74.5240662132456,39.4431272534801],[-74.5246815837343,39.443618400151],[-74.5248349541929,39.4437278638461],[-74.5249076046341,39.4437872909832],[-74.5249721852205,39.4438592399805],[-74.5250246576526,39.4439374520838],[-74.5250771684141,39.4440250270346],[-74.5251135034086,39.4441314122867],[-74.5251620121261,39.4443128609769],[-74.5251983575226,39.4444473339336],[-74.5252428090876,39.4445724971856],[-74.5252791242486,39.4446225429601],[-74.5253356595173,39.4446725834188],[-74.5254227309286,39.4447522425755]]}},{"type":"Feature","id":138730,"properties":{"OBJECTID":138730,"PRIMENAME":"Marple Avenue","ELEVTYP_F":0,"ELEVTYP_T":0},"geometry":{"type":"LineString","coordinates":[[-74.5312904165575,39.3905955775356],[-74.5313596055399,39.3904659907254],[-74.5317069005108,39.3899084730537],[-74.5317547667316,39.3898114559056]]}},{"type":"Feature","id":138758,"properties":{"OBJECTID":138758,"PRIMENAME":"East Ocean Avenue","ELEVTYP_F":0,"ELEVTYP_T":0},"geometry":{"type":"LineString","coordinates":[[-74.4738380420097,39.447357657498],[-74.4734079294745,39.4472211848339],[-74.4726773620462,39.4470220116353],[-74.4721543728892,39.4468675830277]]}},{"type":"Feature","id":139957,"properties":{"OBJECTID":139957,"PRIMENAME":"Stratford Avenue","ELEVTYP_F":0,"ELEVTYP_T":0},"geometry":{"type":"LineString","coordinates":[[-74.5183503043262,39.4025403774153],[-74.5184088597217,39.4024772732114]]}},{"type":"Feature","id":140659,"properties":{"OBJECTID":140659,"PRIMENAME":"Old Shore Road","ELEVTYP_F":0,"ELEVTYP_T":0},"geometry":{"type":"LineString","coordinates":[[-74.4787065390279,39.4420425006031],[-74.4786791078396,39.4422357876888],[-74.4786596348712,39.4423444571609],[-74.4786362350484,39.4424379690977],[-74.4786128785333,39.4425074288584],[-74.4785855887081,39.4425828736849],[-74.4785505430717,39.4426613374461],[-74.4785182660574,39.4427202535142]]}},{"type":"Feature","id":141922,"properties":{"OBJECTID":141922,"PRIMENAME":"FR MARTIN TERR TO ACE WB","ELEVTYP_F":0,"ELEVTYP_T":0},"geometry":{"type":"LineString","coordinates":[[-74.5247181069698,39.4028713400865],[-74.5248710711429,39.4028858869822],[-74.5250000094766,39.4029161992925],[-74.5251249534424,39.4029555167495],[-74.5255232959095,39.4031038877801],[-74.5259529791316,39.4033037313459],[-74.5264919514872,39.4035914362213],[-74.5269333214087,39.4037973412956],[-74.5272887432297,39.4039457161881],[-74.5276402408639,39.4041031511983],[-74.5279253679708,39.4042272966107],[-74.5287957832836,39.4046177716009]]}},{"type":"Feature","id":143391,"properties":{"OBJECTID":143391,"PRIMENAME":"East Pleasant Avenue","ELEVTYP_F":0,"ELEVTYP_T":0},"geometry":{"type":"LineString","coordinates":[[-74.5209090254043,39.3935893005537],[-74.5203332091657,39.3933577247039],[-74.5201548962312,39.3932860111544],[-74.5198894050169,39.3931921281537],[-74.5195857635501,39.3930821887281]]}},{"type":"Feature","id":143556,"properties":{"OBJECTID":143556,"PRIMENAME":"Black Horse Pike","ELEVTYP_F":0,"ELEVTYP_T":0},"geometry":{"type":"LineString","coordinates":[[-74.5143560148213,39.3864473015026],[-74.51460632671,39.3865370518383],[-74.5146860824578,39.3865656486809],[-74.5152036632743,39.3867531650457]]}},{"type":"Feature","id":143740,"properties":{"OBJECTID":143740,"PRIMENAME":"East Wright Street","ELEVTYP_F":0,"ELEVTYP_T":0},"geometry":{"type":"LineString","coordinates":[[-74.5250724009501,39.3871468050951],[-74.5250099377883,39.3871107403781],[-74.5249201586444,39.3870744067356],[-74.524818595908,39.3870350560378],[-74.5244203484357,39.3868927499801],[-74.5241318273167,39.386758877512]]}},{"type":"Feature","id":144304,"properties":{"OBJECTID":144304,"PRIMENAME":"Pleasant Acres Road","ELEVTYP_F":0,"ELEVTYP_T":0},"geometry":{"type":"LineString","coordinates":[[-74.5171989812212,39.4051987137049],[-74.5173681349793,39.405005812299]]}},{"type":"Feature","id":145618,"properties":{"OBJECTID":145618,"PRIMENAME":"FR US 30 EB to CO 631","ELEVTYP_F":0,"ELEVTYP_T":0},"geometry":{"type":"LineString","coordinates":[[-74.4985443475361,39.4215277526734],[-74.4984668929405,39.4213958294937],[-74.4984306557481,39.421333591825],[-74.498398722494,39.4212352357183],[-74.498376032788,39.4211471821825],[-74.4983590077622,39.4210415568106],[-74.498359010133,39.4209402978542],[-74.498381705849,39.4207642196428],[-74.4984101006659,39.420579355994],[-74.4984384951363,39.4204033057629],[-74.498445634974,39.4203718165807],[-74.4984513450838,39.4202894177458]]}},{"type":"Feature","id":146183,"properties":{"OBJECTID":146183,"PRIMENAME":"Magnolia Place","ELEVTYP_F":0,"ELEVTYP_T":0},"geometry":{"type":"LineString","coordinates":[[-74.506169502448,39.408812268138],[-74.5062176283528,39.4088334569453],[-74.5065380972012,39.4089740716979],[-74.5068585310191,39.409111418357],[-74.5070144825719,39.4091732959608]]}},{"type":"Feature","id":146273,"properties":{"OBJECTID":146273,"PRIMENAME":"Unnamed Segment","ELEVTYP_F":0,"ELEVTYP_T":0},"geometry":{"type":"LineString","coordinates":[[-74.5189375273172,39.4055821297571],[-74.5193391159729,39.404978322309]]}},{"type":"Feature","id":146397,"properties":{"OBJECTID":146397,"PRIMENAME":"Ansley Boulevard","ELEVTYP_F":0,"ELEVTYP_T":0},"geometry":{"type":"LineString","coordinates":[[-74.5210165005998,39.3867738137844],[-74.5209775040528,39.386757319866],[-74.5209404503903,39.3867317643817],[-74.5209198474862,39.3866998363325],[-74.5209115947985,39.3866678781353],[-74.520903339057,39.3866295503417],[-74.5208909766814,39.3865848257634],[-74.5208704117266,39.3865592672942],[-74.52083746294,39.3865337110397],[-74.5207056852538,39.3864858225186],[-74.5199500467175,39.3862034258692],[-74.519911051285,39.3861888530099],[-74.5198793100956,39.3861748833389],[-74.5198642334822,39.386163683495],[-74.5198465367189,39.3861437525868]]}},{"type":"Feature","id":146961,"properties":{"OBJECTID":146961,"PRIMENAME":"Unnamed Segment","ELEVTYP_F":0,"ELEVTYP_T":0},"geometry":{"type":"LineString","coordinates":[[-74.5178519158236,39.4062743051742],[-74.5183852164528,39.4061087212619]]}},{"type":"Feature","id":147721,"properties":{"OBJECTID":147721,"PRIMENAME":"Winding Way","ELEVTYP_F":0,"ELEVTYP_T":0},"geometry":{"type":"LineString","coordinates":[[-74.492325442827,39.4462257411132],[-74.4923617645956,39.4460074111867],[-74.4924007465501,39.4457478141296],[-74.492416302723,39.4456572634859],[-74.4924279951876,39.4455938679966],[-74.4924435833947,39.4455395329691],[-74.492466959112,39.4454972520007],[-74.492505881923,39.4454580464481],[-74.4925599170559,39.4454131641293]]}},{"type":"Feature","id":148296,"properties":{"OBJECTID":148296,"PRIMENAME":"West Bayview Avenue","ELEVTYP_F":0,"ELEVTYP_T":0},"geometry":{"type":"LineString","coordinates":[[-74.5316549968318,39.3884337934601],[-74.5312142510227,39.3882674058872],[-74.5310730854143,39.3882141141978],[-74.5308045923462,39.3881127522124],[-74.5307804564032,39.38810400007]]}},{"type":"Feature","id":148745,"properties":{"OBJECTID":148745,"PRIMENAME":"Saint James Place","ELEVTYP_F":0,"ELEVTYP_T":0},"geometry":{"type":"LineString","coordinates":[[-74.5108350397853,39.4340576016162],[-74.510525397141,39.434327668635],[-74.5102221252003,39.4345921772336]]}},{"type":"Feature","id":148826,"properties":{"OBJECTID":148826,"PRIMENAME":"South Main Street","ELEVTYP_F":0,"ELEVTYP_T":0},"geometry":{"type":"LineString","coordinates":[[-74.5256989947308,39.3882075360989],[-74.5250460782559,39.3889348121035],[-74.5248434446203,39.3891584074738]]}},{"type":"Feature","id":149989,"properties":{"OBJECTID":149989,"PRIMENAME":"Florence Avenue","ELEVTYP_F":0,"ELEVTYP_T":0},"geometry":{"type":"LineString","coordinates":[[-74.5139619088471,39.4052050385231],[-74.5139948574849,39.4051984451919],[-74.5140296457961,39.4051881448265],[-74.5140630176849,39.4051730118153],[-74.5141093714916,39.4051304766039],[-74.5147396078364,39.4044225728623],[-74.5147500254154,39.4044108710139],[-74.5153527412077,39.4037534294295]]}},{"type":"Feature","id":150047,"properties":{"OBJECTID":150047,"PRIMENAME":"East Pleasant Avenue","ELEVTYP_F":0,"ELEVTYP_T":0},"geometry":{"type":"LineString","coordinates":[[-74.5171381875474,39.3921695338565],[-74.5177167565429,39.3923857772376]]}},{"type":"Feature","id":150323,"properties":{"OBJECTID":150323,"PRIMENAME":"FR US 30 EB to CR 651","ELEVTYP_F":0,"ELEVTYP_T":0},"geometry":{"type":"LineString","coordinates":[[-74.5114624420268,39.432105584363],[-74.5114506702691,39.4319983130287],[-74.5114771781986,39.4319366705729],[-74.5115980408616,39.4318666449155]]}},{"type":"Feature","id":152151,"properties":{"OBJECTID":152151,"PRIMENAME":"West Leeds Avenue","ELEVTYP_F":0,"ELEVTYP_T":0},"geometry":{"type":"LineString","coordinates":[[-74.5251939378047,39.4136978329349],[-74.5242216803769,39.4136097942393],[-74.5228266363062,39.4134715312996],[-74.5225735107092,39.4134468518953],[-74.5216782813789,39.4133595633658],[-74.5214571191355,39.4133365132278],[-74.5213592793412,39.4133200573776],[-74.521235951193,39.4132903724271],[-74.5211168311407,39.4132474799319],[-74.5207255175041,39.4130925304874],[-74.5200151828596,39.4128122416813],[-74.5199034960397,39.4127676171219]]}},{"type":"Feature","id":155904,"properties":{"OBJECTID":155904,"PRIMENAME":"Pleasant Avenue","ELEVTYP_F":0,"ELEVTYP_T":0},"geometry":{"type":"LineString","coordinates":[[-74.523905706527,39.3948722633528],[-74.5236655774862,39.3947819806925],[-74.5227889432903,39.3944537197498]]}},{"type":"Feature","id":159637,"properties":{"OBJECTID":159637,"PRIMENAME":"Islesworth Avenue","ELEVTYP_F":0,"ELEVTYP_T":0},"geometry":{"type":"LineString","coordinates":[[-74.5313753371544,39.404492004611],[-74.5318526133978,39.4037612841694]]}},{"type":"Feature","id":159680,"properties":{"OBJECTID":159680,"PRIMENAME":"East Jimmie Leeds Road","ELEVTYP_F":0,"ELEVTYP_T":0},"geometry":{"type":"LineString","coordinates":[[-74.4715296711608,39.4496020538893],[-74.4718617035484,39.4498101437409],[-74.4721215049372,39.4499870523199],[-74.4729178611894,39.450475331199],[-74.473354598706,39.4507476885351],[-74.4733974050822,39.4507736160243],[-74.4749179139876,39.4516945029153],[-74.474955928472,39.4517175264304],[-74.4761462056471,39.4524481964782],[-74.4764463867334,39.4526310533451],[-74.4770240235805,39.4529829204328],[-74.4779854824626,39.4535672144242],[-74.4786854039139,39.4539925570274],[-74.4793565840582,39.4543996915285],[-74.4799761510163,39.4547755106288]]}},{"type":"Feature","id":159749,"properties":{"OBJECTID":159749,"PRIMENAME":"East Magnolia Avenue","ELEVTYP_F":0,"ELEVTYP_T":0},"geometry":{"type":"LineString","coordinates":[[-74.5196899497882,39.4455807234086],[-74.5196889934168,39.4455800371637],[-74.5190323249112,39.4451250578061]]}},{"type":"Feature","id":160018,"properties":{"OBJECTID":160018,"PRIMENAME":"Pennsylvania Avenue","ELEVTYP_F":0,"ELEVTYP_T":0},"geometry":{"type":"LineString","coordinates":[[-74.5167145526127,39.392905486244],[-74.516711012444,39.3928987604446],[-74.5167127778406,39.3928824781476],[-74.5167188246266,39.3928654547741],[-74.5167461290686,39.3928078741182],[-74.516878843276,39.3925897124842],[-74.5171325276605,39.3921776617503],[-74.5171381875474,39.3921695338565]]}},{"type":"Feature","id":160068,"properties":{"OBJECTID":160068,"PRIMENAME":"South Main Street","ELEVTYP_F":0,"ELEVTYP_T":0},"geometry":{"type":"LineString","coordinates":[[-74.5240705307816,39.3900111243384],[-74.5240602015409,39.390022520758],[-74.5239879037285,39.3901022974692],[-74.523771056979,39.3903521225963],[-74.5236456503519,39.3904966030405]]}},{"type":"Feature","id":160352,"properties":{"OBJECTID":160352,"PRIMENAME":"West Leeds Avenue","ELEVTYP_F":0,"ELEVTYP_T":0},"geometry":{"type":"LineString","coordinates":[[-74.5111922548675,39.4091131854393],[-74.5109684524001,39.4089997399246],[-74.510848661573,39.4089392073481],[-74.5106877574274,39.4088578978283],[-74.5103262219948,39.4086962671289],[-74.5101734241408,39.4086302779184],[-74.5098714919597,39.4084998821926]]}},{"type":"Feature","id":161028,"properties":{"OBJECTID":161028,"PRIMENAME":"East Magnolia Avenue","ELEVTYP_F":0,"ELEVTYP_T":0},"geometry":{"type":"LineString","coordinates":[[-74.5200191386702,39.445811574657],[-74.5196899497882,39.4455807234086]]}},{"type":"Feature","id":161077,"properties":{"OBJECTID":161077,"PRIMENAME":"Libby Lane","ELEVTYP_F":0,"ELEVTYP_T":0},"geometry":{"type":"LineString","coordinates":[[-74.4718498400959,39.4475230569288],[-74.4721543728892,39.4468675830277]]}},{"type":"Feature","id":161106,"properties":{"OBJECTID":161106,"PRIMENAME":"Stratford Avenue","ELEVTYP_F":0,"ELEVTYP_T":0},"geometry":{"type":"LineString","coordinates":[[-74.5176510439236,39.4033300530018],[-74.5183503043262,39.4025403774153]]}},{"type":"Feature","id":161250,"properties":{"OBJECTID":161250,"PRIMENAME":"East Tamara Drive","ELEVTYP_F":0,"ELEVTYP_T":0},"geometry":{"type":"LineString","coordinates":[[-74.4964608634244,39.4490659127066],[-74.4963027046167,39.4490525913242],[-74.4959890780513,39.4490266344134],[-74.4944837431532,39.4488709783155],[-74.4937659856691,39.4487918278709],[-74.4936014474275,39.4487736823138]]}},{"type":"Feature","id":161264,"properties":{"OBJECTID":161264,"PRIMENAME":"Pleasant Avenue","ELEVTYP_F":0,"ELEVTYP_T":0},"geometry":{"type":"LineString","coordinates":[[-74.5264563868812,39.3958269808192],[-74.5254853727473,39.3954662804805],[-74.5251716950827,39.3953483127928]]}},{"type":"Feature","id":161591,"properties":{"OBJECTID":161591,"PRIMENAME":"North Main Street","ELEVTYP_F":0,"ELEVTYP_T":0},"geometry":{"type":"LineString","coordinates":[[-74.5175915628548,39.3973156234476],[-74.5174650864707,39.3974569344983]]}},{"type":"Feature","id":162502,"properties":{"OBJECTID":162502,"PRIMENAME":"East Forestbrook Drive","ELEVTYP_F":0,"ELEVTYP_T":0},"geometry":{"type":"LineString","coordinates":[[-74.4895743794058,39.4447588647567],[-74.4895706262513,39.4447545541087],[-74.4895684308097,39.4447520551023],[-74.4893254767916,39.4444738184371],[-74.4890296997247,39.4441387684422],[-74.4887494339456,39.4438127523664],[-74.4886794022729,39.4437342753698],[-74.4886093329524,39.4436739196542],[-74.4885197875501,39.4436135340507],[-74.4884107979626,39.4435712686712],[-74.4882745765415,39.4435410531084],[-74.4881461069451,39.4435229457851],[-74.4879865113735,39.4435017886152],[-74.4876517404451,39.4434625184603],[-74.487153441104,39.4434141682841],[-74.4868692725772,39.4433809421965],[-74.4866863055404,39.4433628270966],[-74.4865500817861,39.4433507308415],[-74.4864644200162,39.4433567616495],[-74.4864254990758,39.4433808912617],[-74.4863982249686,39.4434171028085],[-74.4864021098671,39.4434714393233],[-74.4864293664179,39.44352580559],[-74.4865500272258,39.4436344376735],[-74.487122198974,39.4440420093322],[-74.4875386915871,39.4443438819196],[-74.4876749031885,39.4444434803965],[-74.487748869579,39.4444948038893],[-74.4878228381816,39.4445340467517],[-74.4878851223732,39.4445612356924],[-74.4879473738461,39.4445763151876],[-74.4880680542647,39.4445944489525],[-74.4887726680849,39.4446699689064],[-74.4891736295483,39.4447122623765],[-74.4895743794058,39.4447588647567]]}},{"type":"Feature","id":162510,"properties":{"OBJECTID":162510,"PRIMENAME":"Franklin Avenue","ELEVTYP_F":0,"ELEVTYP_T":0},"geometry":{"type":"LineString","coordinates":[[-74.5183502179732,39.3926225195093],[-74.5181459867855,39.3929470060558],[-74.5178875299584,39.3933657319376]]}},{"type":"Feature","id":162841,"properties":{"OBJECTID":162841,"PRIMENAME":"South Franklin Boulevard","ELEVTYP_F":0,"ELEVTYP_T":0},"geometry":{"type":"LineString","coordinates":[[-74.5226315936019,39.3858451477546],[-74.5227268613897,39.3856867594332]]}},{"type":"Feature","id":163504,"properties":{"OBJECTID":163504,"PRIMENAME":"Ansley Boulevard","ELEVTYP_F":0,"ELEVTYP_T":0},"geometry":{"type":"LineString","coordinates":[[-74.5198465367189,39.3861437525868],[-74.519843772937,39.3861279385142],[-74.519847340383,39.3861081688247],[-74.5198620864737,39.3860795846453],[-74.519874359012,39.3860598684176],[-74.5205446740657,39.3849683510472],[-74.5208654232269,39.3844220452821]]}},{"type":"Feature","id":163591,"properties":{"OBJECTID":163591,"PRIMENAME":"Neumark Avenue","ELEVTYP_F":0,"ELEVTYP_T":0},"geometry":{"type":"LineString","coordinates":[[-74.5182084303753,39.4120913387769],[-74.5189471691477,39.4110507029412],[-74.5196571600343,39.4100575934017],[-74.5196954019117,39.4099882594137],[-74.519704704854,39.4099688185321],[-74.5197097598326,39.4099446005159],[-74.5197066409325,39.4099327951338]]}},{"type":"Feature","id":163732,"properties":{"OBJECTID":163732,"PRIMENAME":"6th Avenue","ELEVTYP_F":0,"ELEVTYP_T":0},"geometry":{"type":"LineString","coordinates":[[-74.5259491026217,39.4442987400911],[-74.5263868234118,39.4439145824508]]}},{"type":"Feature","id":163786,"properties":{"OBJECTID":163786,"PRIMENAME":"Grant Avenue","ELEVTYP_F":0,"ELEVTYP_T":0},"geometry":{"type":"LineString","coordinates":[[-74.5176860565122,39.3907619722359],[-74.5176514465482,39.3907445973617],[-74.5175147790263,39.3906961294886]]}},{"type":"Feature","id":163893,"properties":{"OBJECTID":163893,"PRIMENAME":"Martin Luther King Jr Avenue","ELEVTYP_F":0,"ELEVTYP_T":0},"geometry":{"type":"LineString","coordinates":[[-74.5233302435506,39.3935842551148],[-74.5231013313798,39.3934774671818],[-74.5230891917159,39.393471786416]]}},{"type":"Feature","id":164113,"properties":{"OBJECTID":164113,"PRIMENAME":"North Main Street","ELEVTYP_F":0,"ELEVTYP_T":0},"geometry":{"type":"LineString","coordinates":[[-74.5121271691557,39.4034384167943],[-74.5121145014907,39.4034527778145],[-74.5114988108496,39.4041430706359]]}},{"type":"Feature","id":164568,"properties":{"OBJECTID":164568,"PRIMENAME":"Tunis Avenue","ELEVTYP_F":0,"ELEVTYP_T":0},"geometry":{"type":"LineString","coordinates":[[-74.5207585181687,39.3872249726951],[-74.5200224082429,39.3869619575005],[-74.5199661443328,39.3869417864234]]}},{"type":"Feature","id":164708,"properties":{"OBJECTID":164708,"PRIMENAME":"Atlantic Avenue","ELEVTYP_F":0,"ELEVTYP_T":0},"geometry":{"type":"LineString","coordinates":[[-74.5109051531867,39.404808673356],[-74.5103346882066,39.4045660788972]]}},{"type":"Feature","id":165071,"properties":{"OBJECTID":165071,"PRIMENAME":"West Adams Avenue","ELEVTYP_F":0,"ELEVTYP_T":0},"geometry":{"type":"LineString","coordinates":[[-74.5221056476878,39.3965288549646],[-74.5227239074264,39.3967600298882]]}},{"type":"Feature","id":165686,"properties":{"OBJECTID":165686,"PRIMENAME":"Franklin Avenue","ELEVTYP_F":0,"ELEVTYP_T":0},"geometry":{"type":"LineString","coordinates":[[-74.5069571852407,39.406386875562],[-74.5064349998836,39.4071025868798]]}},{"type":"Feature","id":165732,"properties":{"OBJECTID":165732,"PRIMENAME":"Unnamed Segment","ELEVTYP_F":0,"ELEVTYP_T":0},"geometry":{"type":"LineString","coordinates":[[-74.4793531119509,39.4486834678913],[-74.4794423206265,39.448212681773],[-74.4794509751477,39.4481066325866],[-74.4794531465194,39.4480003840774],[-74.4794488312154,39.4478941758571],[-74.4794380373286,39.4477882439348],[-74.4794057902738,39.4475703086306],[-74.4793712184948,39.4473525890882],[-74.4791465645283,39.4459846800126],[-74.4790343338646,39.4453314518264],[-74.4790203068378,39.4452708923543],[-74.4789976029252,39.4452119383345],[-74.4789665100537,39.4451553311696],[-74.4789274207171,39.445101787958],[-74.478880826171,39.4450519834775],[-74.4788273199188,39.445006547484],[-74.4787675721533,39.4449660556994],[-74.478702342541,39.444931018104],[-74.4786324523383,39.4449018780315],[-74.4780839393072,39.4447342899825],[-74.4780188379336,39.444710718266],[-74.4779579558535,39.4446811317931],[-74.4779022177335,39.4446459748387],[-74.4778524657173,39.4446057835444],[-74.477809450139,39.4445611606938],[-74.4777738213885,39.4445127820161],[-74.4777461194606,39.4444613808696],[-74.4777267588582,39.4444077302228],[-74.4777160355627,39.4443526462581],[-74.4777141131045,39.4442969559407],[-74.4777210179152,39.4442415033223],[-74.4777767973435,39.4440356945698],[-74.4777770276482,39.4440348469642]]}},{"type":"Feature","id":165899,"properties":{"OBJECTID":165899,"PRIMENAME":"West Decatur Avenue","ELEVTYP_F":0,"ELEVTYP_T":0},"geometry":{"type":"LineString","coordinates":[[-74.5248434446203,39.3891584074738],[-74.5252371761918,39.3893010967491],[-74.5253017013259,39.3893256566992],[-74.5265572922294,39.3898035602569]]}},{"type":"Feature","id":166083,"properties":{"OBJECTID":166083,"PRIMENAME":"New Jersey Avenue","ELEVTYP_F":0,"ELEVTYP_T":0},"geometry":{"type":"LineString","coordinates":[[-74.5004519793945,39.4242706643012],[-74.500382555743,39.4241831338399],[-74.5001462501105,39.4237395751598]]}},{"type":"Feature","id":166345,"properties":{"OBJECTID":166345,"PRIMENAME":"Franklin Avenue","ELEVTYP_F":0,"ELEVTYP_T":1},"geometry":{"type":"LineString","coordinates":[[-74.515185935816,39.3967492611678],[-74.5149050339437,39.3970648266143]]}},{"type":"Feature","id":166439,"properties":{"OBJECTID":166439,"PRIMENAME":"Falcon Drive","ELEVTYP_F":0,"ELEVTYP_T":0},"geometry":{"type":"LineString","coordinates":[[-74.5172819413981,39.416226058121],[-74.5172825914938,39.4162250428217],[-74.5173285821482,39.4161434927711],[-74.5175384309245,39.4157713908604],[-74.5175411414148,39.4157665855789],[-74.517661347246,39.4155616306416],[-74.517670253401,39.4155477434402],[-74.5178087429482,39.4153317516511],[-74.5178352376277,39.4152967451624],[-74.5178677150357,39.4152649184773],[-74.5179055563425,39.415236879727],[-74.5179480312182,39.4152131676982],[-74.5179943233785,39.4151942401189],[-74.5180186569741,39.4151873407193],[-74.518040718037,39.4151810875415],[-74.5180889337032,39.4151727485436],[-74.5181381389206,39.4151693610754],[-74.5181874917611,39.4151709847201],[-74.5184506308895,39.4152156428332],[-74.5184807196158,39.4152207483016],[-74.5191535384803,39.4154451695445],[-74.5191642630878,39.4154487457601],[-74.5193637285103,39.4155473999905],[-74.5194012472421,39.4155722252216],[-74.5194344329086,39.4156005201493],[-74.5194627534978,39.4156318326645],[-74.519481231907,39.4156590148468],[-74.5194857547921,39.4156656692075],[-74.5195044828463,39.4157051463779],[-74.5195159716778,39.4157462570113],[-74.5195200027237,39.4157882066401],[-74.5195164990973,39.4158301845567],[-74.5195055314003,39.4158713818296],[-74.5194873037918,39.4159110012135],[-74.5193524433987,39.4161501782904],[-74.5192451848061,39.4163432557518],[-74.5192430489411,39.4163468602098],[-74.5190279870941,39.4167097535199],[-74.5189744981378,39.4168000107974]]}},{"type":"Feature","id":166511,"properties":{"OBJECTID":166511,"PRIMENAME":"Old Turnpike","ELEVTYP_F":0,"ELEVTYP_T":0},"geometry":{"type":"LineString","coordinates":[[-74.517458648866,39.3916502272109],[-74.5168207450054,39.3914144004089],[-74.5163943504138,39.3912567645792],[-74.5157877342013,39.3910295952288],[-74.5148012323857,39.3906601543864]]}},{"type":"Feature","id":166676,"properties":{"OBJECTID":166676,"PRIMENAME":"West Washington Avenue","ELEVTYP_F":0,"ELEVTYP_T":0},"geometry":{"type":"LineString","coordinates":[[-74.524716300849,39.3927406681094],[-74.5249785786607,39.3928377530624],[-74.5259042890656,39.393184931504],[-74.5259850860019,39.3932146211194]]}},{"type":"Feature","id":167104,"properties":{"OBJECTID":167104,"PRIMENAME":"Wellington Avenue","ELEVTYP_F":0,"ELEVTYP_T":0},"geometry":{"type":"LineString","coordinates":[[-74.5172440783461,39.4020133263889],[-74.516163829845,39.4015770324317],[-74.5160458038153,39.4015766911526]]}},{"type":"Feature","id":167185,"properties":{"OBJECTID":167185,"PRIMENAME":"Unnamed Segment","ELEVTYP_F":0,"ELEVTYP_T":0},"geometry":{"type":"LineString","coordinates":[[-74.4912889214681,39.4151316069403],[-74.4913929416403,39.4151312012127]]}},{"type":"Feature","id":167347,"properties":{"OBJECTID":167347,"PRIMENAME":"North 3rd Street","ELEVTYP_F":0,"ELEVTYP_T":0},"geometry":{"type":"LineString","coordinates":[[-74.5256101650987,39.3946439566075],[-74.5253017022606,39.3951391205507],[-74.5251716950827,39.3953483127928]]}},{"type":"Feature","id":167516,"properties":{"OBJECTID":167516,"PRIMENAME":"South Pitney Road","ELEVTYP_F":0,"ELEVTYP_T":0},"geometry":{"type":"LineString","coordinates":[[-74.4973213345934,39.4440465069354],[-74.4971532665242,39.44503007194],[-74.4970977980068,39.4453702815881],[-74.4970836844224,39.4454499287576],[-74.4970310763197,39.4457468128162],[-74.4970146651034,39.4458394259768],[-74.4969037601714,39.4464840698756],[-74.4968691168114,39.446686312126]]}},{"type":"Feature","id":167570,"properties":{"OBJECTID":167570,"PRIMENAME":"East West Jersey Avenue","ELEVTYP_F":0,"ELEVTYP_T":0},"geometry":{"type":"LineString","coordinates":[[-74.5177008532048,39.3891024105033],[-74.5168782958251,39.3888483399261]]}},{"type":"Feature","id":167633,"properties":{"OBJECTID":167633,"PRIMENAME":"East Mulberry Avenue","ELEVTYP_F":0,"ELEVTYP_T":0},"geometry":{"type":"LineString","coordinates":[[-74.5144452593867,39.3981858530657],[-74.5146222562713,39.3982785515865],[-74.5149142702522,39.3984351678923],[-74.5151633743065,39.3985687690228],[-74.5155041057131,39.3987515070928]]}},{"type":"Feature","id":167886,"properties":{"OBJECTID":167886,"PRIMENAME":"FR US 9 SB TO RAMP Y100520","ELEVTYP_F":0,"ELEVTYP_T":0},"geometry":{"type":"LineString","coordinates":[[-74.5243952398963,39.4016606648558],[-74.5240544532171,39.4015136436562]]}},{"type":"Feature","id":168289,"properties":{"OBJECTID":168289,"PRIMENAME":"Ambassador Avenue","ELEVTYP_F":0,"ELEVTYP_T":0},"geometry":{"type":"LineString","coordinates":[[-74.5070713976148,39.434407959578],[-74.5074586053212,39.4340704414339],[-74.5077127277311,39.4338472872242]]}},{"type":"Feature","id":168707,"properties":{"OBJECTID":168707,"PRIMENAME":"South Shore Road","ELEVTYP_F":0,"ELEVTYP_T":0},"geometry":{"type":"LineString","coordinates":[[-74.5000687181183,39.4202640569567],[-74.5000392303093,39.4204897759191],[-74.4999515090367,39.4211819256281],[-74.4998854341062,39.421720166303]]}},{"type":"Feature","id":168976,"properties":{"OBJECTID":168976,"PRIMENAME":"North Main Street","ELEVTYP_F":0,"ELEVTYP_T":0},"geometry":{"type":"LineString","coordinates":[[-74.5109051531867,39.404808673356],[-74.5105954658672,39.4051545958159],[-74.5103171099024,39.4054655148696]]}},{"type":"Feature","id":169430,"properties":{"OBJECTID":169430,"PRIMENAME":"Unnamed Segment","ELEVTYP_F":0,"ELEVTYP_T":0},"geometry":{"type":"LineString","coordinates":[[-74.5230832125299,39.4037809149762],[-74.5243331091461,39.4043514431786],[-74.5235043261749,39.4056341972168]]}},{"type":"Feature","id":169728,"properties":{"OBJECTID":169728,"PRIMENAME":"Risley Place","ELEVTYP_F":0,"ELEVTYP_T":0},"geometry":{"type":"LineString","coordinates":[[-74.5288905062669,39.4187548395341],[-74.5295515142177,39.4192742867632],[-74.5296737423977,39.419347152927],[-74.5297677445042,39.4193872424555]]}},{"type":"Feature","id":170339,"properties":{"OBJECTID":170339,"PRIMENAME":"East Cordery Avenue","ELEVTYP_F":0,"ELEVTYP_T":0},"geometry":{"type":"LineString","coordinates":[[-74.4749818665575,39.4462350278986],[-74.4746762868563,39.4461470737802],[-74.4743201080261,39.4460463416125],[-74.4733360322142,39.4457582130723],[-74.4727679024169,39.4455955669762]]}},{"type":"Feature","id":170439,"properties":{"OBJECTID":170439,"PRIMENAME":"Green Avenue","ELEVTYP_F":0,"ELEVTYP_T":0},"geometry":{"type":"LineString","coordinates":[[-74.5201336742444,39.3900475864557],[-74.5201091895066,39.3901236519657],[-74.5200885484624,39.3902037740317]]}},{"type":"Feature","id":170681,"properties":{"OBJECTID":170681,"PRIMENAME":"West Washington Avenue","ELEVTYP_F":0,"ELEVTYP_T":0},"geometry":{"type":"LineString","coordinates":[[-74.5289669816367,39.3943244259358],[-74.5292195426278,39.3944277913344],[-74.5297839680281,39.3946366636417],[-74.529881869918,39.3946728932088],[-74.5304425904454,39.3948829271024],[-74.5306383427749,39.3949564921445],[-74.5307760240873,39.3950082340344]]}},{"type":"Feature","id":171884,"properties":{"OBJECTID":171884,"PRIMENAME":"North Franklin Avenue","ELEVTYP_F":0,"ELEVTYP_T":0},"geometry":{"type":"LineString","coordinates":[[-74.5076638627584,39.4034288579479],[-74.5071734138326,39.4041229623892]]}},{"type":"Feature","id":171916,"properties":{"OBJECTID":171916,"PRIMENAME":"West Greenfield Avenue","ELEVTYP_F":0,"ELEVTYP_T":0},"geometry":{"type":"LineString","coordinates":[[-74.5304954244017,39.3862696442256],[-74.5318850519051,39.3867818589033]]}},{"type":"Feature","id":173242,"properties":{"OBJECTID":173242,"PRIMENAME":"3rd Avenue","ELEVTYP_F":0,"ELEVTYP_T":0},"geometry":{"type":"LineString","coordinates":[[-74.5315648640261,39.4501718233753],[-74.5306808543255,39.4509252692248],[-74.5305191742839,39.4510627578556],[-74.5304538911199,39.451113404183],[-74.5304259185749,39.4511278809834],[-74.5303885951688,39.4511375274527],[-74.5303823975275,39.451137529072]]}},{"type":"Feature","id":173409,"properties":{"OBJECTID":173409,"PRIMENAME":"West Washington Avenue","ELEVTYP_F":0,"ELEVTYP_T":0},"geometry":{"type":"LineString","coordinates":[[-74.5259850860019,39.3932146211194],[-74.5264047153823,39.3933687506806],[-74.5267258879337,39.3934886627046]]}},{"type":"Feature","id":173584,"properties":{"OBJECTID":173584,"PRIMENAME":"Pear Street","ELEVTYP_F":0,"ELEVTYP_T":0},"geometry":{"type":"LineString","coordinates":[[-74.5263522283856,39.4181681211512],[-74.5265337404566,39.4182324375929],[-74.5269191807677,39.4183781427183],[-74.5271377297275,39.4184657605568]]}},{"type":"Feature","id":174664,"properties":{"OBJECTID":174664,"PRIMENAME":"North Main Street","ELEVTYP_F":0,"ELEVTYP_T":0},"geometry":{"type":"LineString","coordinates":[[-74.5082201596521,39.4078234279666],[-74.5075713738904,39.4085511238466],[-74.5073398911897,39.4088071980066],[-74.5071395172396,39.4090326290055]]}},{"type":"Feature","id":174910,"properties":{"OBJECTID":174910,"PRIMENAME":"Palermo Avenue","ELEVTYP_F":0,"ELEVTYP_T":0},"geometry":{"type":"LineString","coordinates":[[-74.5160442685774,39.3870001620336],[-74.5160436674843,39.3870011503002],[-74.5158505118938,39.3873102557551],[-74.515226159809,39.3883525646817]]}},{"type":"Feature","id":174969,"properties":{"OBJECTID":174969,"PRIMENAME":"Brad Street","ELEVTYP_F":0,"ELEVTYP_T":0},"geometry":{"type":"LineString","coordinates":[[-74.528493927728,39.3950878627107],[-74.5298048732155,39.3955740405944]]}},{"type":"Feature","id":175203,"properties":{"OBJECTID":175203,"PRIMENAME":"Spruce Avenue","ELEVTYP_F":0,"ELEVTYP_T":0},"geometry":{"type":"LineString","coordinates":[[-74.5252032572341,39.3944534145513],[-74.5254723581976,39.3940269277571]]}},{"type":"Feature","id":175320,"properties":{"OBJECTID":175320,"PRIMENAME":"6th Avenue","ELEVTYP_F":0,"ELEVTYP_T":0},"geometry":{"type":"LineString","coordinates":[[-74.5263868234118,39.4439145824508],[-74.5266380200696,39.4436941605911],[-74.526853355167,39.4435061994704],[-74.5269879773682,39.4433834933045],[-74.5270283317494,39.4433469674344],[-74.527072088483,39.4433182380549],[-74.527115850399,39.4432999687096],[-74.5271630145474,39.4432921054584],[-74.5272134415659,39.4432947294014],[-74.5272673048402,39.4433025420072],[-74.5273110767409,39.4433129647648],[-74.527364947197,39.4433390634979],[-74.527600643221,39.4435138497488],[-74.5276983375725,39.4435895231748],[-74.5277193799328,39.4436043533827]]}},{"type":"Feature","id":175533,"properties":{"OBJECTID":175533,"PRIMENAME":"8th Avenue","ELEVTYP_F":0,"ELEVTYP_T":0},"geometry":{"type":"LineString","coordinates":[[-74.5033119841727,39.4119484886228],[-74.5029841044891,39.412499906095]]}},{"type":"Feature","id":175842,"properties":{"OBJECTID":175842,"PRIMENAME":"7th Avenue","ELEVTYP_F":0,"ELEVTYP_T":0},"geometry":{"type":"LineString","coordinates":[[-74.5212010738142,39.444791939242],[-74.521733996312,39.4443372052341],[-74.5218404433883,39.4442463732829],[-74.5223906977422,39.4437785227727]]}},{"type":"Feature","id":176485,"properties":{"OBJECTID":176485,"PRIMENAME":"North 2nd Street","ELEVTYP_F":0,"ELEVTYP_T":0},"geometry":{"type":"LineString","coordinates":[[-74.524716300849,39.3927406681094],[-74.5242137207846,39.3935648280049]]}},{"type":"Feature","id":177339,"properties":{"OBJECTID":177339,"PRIMENAME":"North Main Street","ELEVTYP_F":0,"ELEVTYP_T":0},"geometry":{"type":"LineString","coordinates":[[-74.5209090254043,39.3935893005537],[-74.5208021589747,39.3937094978394]]}},{"type":"Feature","id":177547,"properties":{"OBJECTID":177547,"PRIMENAME":"South Franklin Boulevard","ELEVTYP_F":0,"ELEVTYP_T":0},"geometry":{"type":"LineString","coordinates":[[-74.5216272296091,39.3875427339232],[-74.5214008211038,39.3879166523712]]}},{"type":"Feature","id":177555,"properties":{"OBJECTID":177555,"PRIMENAME":"FR US 30 EB to SHOPPING CENTER","ELEVTYP_F":0,"ELEVTYP_T":0},"geometry":{"type":"LineString","coordinates":[[-74.4920133258675,39.4154211223497],[-74.4920191329031,39.4154070918699],[-74.4920372031164,39.4152531723178],[-74.4920291847886,39.4151972085968],[-74.4920191647998,39.4151272561962]]}},{"type":"Feature","id":177991,"properties":{"OBJECTID":177991,"PRIMENAME":"South 3rd Street","ELEVTYP_F":0,"ELEVTYP_T":0},"geometry":{"type":"LineString","coordinates":[[-74.5274203698099,39.3923924615267],[-74.5274110993794,39.3923945508756],[-74.5274006288802,39.3924034487882],[-74.527385772266,39.3924180588339],[-74.5273194276726,39.3925180718565],[-74.5269995567562,39.3930403898049]]}},{"type":"Feature","id":178384,"properties":{"OBJECTID":178384,"PRIMENAME":"Longshore Drive","ELEVTYP_F":0,"ELEVTYP_T":0},"geometry":{"type":"LineString","coordinates":[[-74.5044729596678,39.4136075829412],[-74.5044745295647,39.4136049795647],[-74.5046415301533,39.4133279801844],[-74.5048965292865,39.4129069792555],[-74.5050127621424,39.4127688841324],[-74.5051091244293,39.4126208602292]]}},{"type":"Feature","id":178441,"properties":{"OBJECTID":178441,"PRIMENAME":"Woodland Avenue","ELEVTYP_F":0,"ELEVTYP_T":0},"geometry":{"type":"LineString","coordinates":[[-74.5298245558005,39.402930108589],[-74.5303709083603,39.4031506351534],[-74.5310070018099,39.4034190741914],[-74.5317409347876,39.4037195525698],[-74.5318526133978,39.4037612841694]]}},{"type":"Feature","id":178606,"properties":{"OBJECTID":178606,"PRIMENAME":"Sheffield Avenue","ELEVTYP_F":0,"ELEVTYP_T":0},"geometry":{"type":"LineString","coordinates":[[-74.5312904165575,39.3905955775356],[-74.5307422908596,39.3903902383359],[-74.5307233638369,39.3903831269761],[-74.5301062237987,39.3901512850781],[-74.5293994173771,39.3898878551414],[-74.5289230012376,39.3897092323043]]}},{"type":"Feature","id":179216,"properties":{"OBJECTID":179216,"PRIMENAME":"Lake Place","ELEVTYP_F":0,"ELEVTYP_T":0},"geometry":{"type":"LineString","coordinates":[[-74.521081240263,39.3949726419818],[-74.5208933512575,39.3949006574748],[-74.5204872100854,39.3947522717511],[-74.5200308122209,39.3945719885815]]}},{"type":"Feature","id":179336,"properties":{"OBJECTID":179336,"PRIMENAME":"North 2nd Street","ELEVTYP_F":0,"ELEVTYP_T":0},"geometry":{"type":"LineString","coordinates":[[-74.5227239074264,39.3967600298882],[-74.5233184216848,39.3958060436028],[-74.523905706527,39.3948722633528]]}},{"type":"Feature","id":179656,"properties":{"OBJECTID":179656,"PRIMENAME":"Ambassador Avenue","ELEVTYP_F":0,"ELEVTYP_T":0},"geometry":{"type":"LineString","coordinates":[[-74.5064626292674,39.4349386443732],[-74.5070713976148,39.434407959578]]}},{"type":"Feature","id":179934,"properties":{"OBJECTID":179934,"PRIMENAME":"Milan Avenue","ELEVTYP_F":0,"ELEVTYP_T":0},"geometry":{"type":"LineString","coordinates":[[-74.5179049539674,39.3895478634557],[-74.5183223079244,39.3896805510266]]}},{"type":"Feature","id":179959,"properties":{"OBJECTID":179959,"PRIMENAME":"Cedarcrest Avenue","ELEVTYP_F":0,"ELEVTYP_T":0},"geometry":{"type":"LineString","coordinates":[[-74.5009913756507,39.4081336155007],[-74.5010290353609,39.4081931131611],[-74.5016611579571,39.4084520693624],[-74.5025163601018,39.4088024056816]]}},{"type":"Feature","id":180094,"properties":{"OBJECTID":180094,"PRIMENAME":"Franklin Avenue","ELEVTYP_F":0,"ELEVTYP_T":0},"geometry":{"type":"LineString","coordinates":[[-74.5140651132124,39.3979867301266],[-74.5137053002871,39.3983707064598],[-74.5136057260383,39.3984769661496],[-74.5134436858764,39.3986774732717]]}},{"type":"Feature","id":180481,"properties":{"OBJECTID":180481,"PRIMENAME":"Holly Brook Road","ELEVTYP_F":0,"ELEVTYP_T":0},"geometry":{"type":"LineString","coordinates":[[-74.4872436326295,39.4403126539434],[-74.487013935921,39.4400939942251],[-74.4868774572137,39.4399573829103],[-74.4868123169192,39.4398893113],[-74.4867419373621,39.4398151712846],[-74.486681961861,39.4397679941821],[-74.4866237556162,39.439733640102],[-74.4865663627784,39.4397045845764],[-74.4864962946595,39.4396683617088],[-74.4863678385243,39.4396200504777],[-74.4860798043573,39.4395173849234],[-74.4856672061401,39.43939056831],[-74.4855271007686,39.4393452759868],[-74.4853713834759,39.4392879270616],[-74.4852312804149,39.4392335732605],[-74.485091145301,39.4391671116678],[-74.4849627283632,39.439112786063],[-74.48484206344,39.4390705148968],[-74.4846863446819,39.4390252195231],[-74.4845812197709,39.4390010714725],[-74.4844683738513,39.4389889749662],[-74.4843049271504,39.4389829131832],[-74.4840596507485,39.4389768390863],[-74.4838572528897,39.4389768111775],[-74.4837093172087,39.4389617175121],[-74.483565314954,39.4389375351678],[-74.4834641210731,39.4389164070364],[-74.4833434566757,39.4388771546882],[-74.4832266883458,39.4388348824024],[-74.4831060256812,39.4387895899605],[-74.4829931568224,39.4387261762889],[-74.4828335952404,39.438617480643],[-74.482467751888,39.4383367393752],[-74.481888511019,39.4378874922439]]}},{"type":"Feature","id":180561,"properties":{"OBJECTID":180561,"PRIMENAME":"East West Jersey Avenue","ELEVTYP_F":0,"ELEVTYP_T":0},"geometry":{"type":"LineString","coordinates":[[-74.5185225656613,39.3893522479099],[-74.5184132921375,39.3893199488708],[-74.5178084987397,39.3891356445968],[-74.5177008532048,39.3891024105033]]}},{"type":"Feature","id":181136,"properties":{"OBJECTID":181136,"PRIMENAME":"Florence Avenue","ELEVTYP_F":0,"ELEVTYP_T":0},"geometry":{"type":"LineString","coordinates":[[-74.5158578535428,39.3856658782634],[-74.5153574160212,39.3864993915215]]}},{"type":"Feature","id":181495,"properties":{"OBJECTID":181495,"PRIMENAME":"Turner Avenue","ELEVTYP_F":0,"ELEVTYP_T":0},"geometry":{"type":"LineString","coordinates":[[-74.4970297870748,39.419945825799],[-74.4968241883116,39.4199325047406]]}},{"type":"Feature","id":182172,"properties":{"OBJECTID":182172,"PRIMENAME":"Black Horse Pike","ELEVTYP_F":0,"ELEVTYP_T":0},"geometry":{"type":"LineString","coordinates":[[-74.5184383862335,39.387870291579],[-74.5176375213001,39.3875765477998]]}},{"type":"Feature","id":182273,"properties":{"OBJECTID":182273,"PRIMENAME":"Bay Drive","ELEVTYP_F":0,"ELEVTYP_T":0},"geometry":{"type":"LineString","coordinates":[[-74.5183654570711,39.3863680694106],[-74.5177956079671,39.3861639633475],[-74.5177013776004,39.3861378669699],[-74.5176340759686,39.3861195908354],[-74.5175465738477,39.3861117787665],[-74.5174119095472,39.3861138852643]]}},{"type":"Feature","id":182616,"properties":{"OBJECTID":182616,"PRIMENAME":"Evans Lane","ELEVTYP_F":0,"ELEVTYP_T":0},"geometry":{"type":"LineString","coordinates":[[-74.5170168519766,39.3971175311669],[-74.5168799217268,39.3970644469211],[-74.5165206334554,39.3969342170222],[-74.5162121354482,39.3968312706025],[-74.5159778495719,39.3967464625931],[-74.5157708841566,39.3966677173253],[-74.5155756371403,39.3966041270484],[-74.5153697738162,39.3965439149608]]}},{"type":"Feature","id":182779,"properties":{"OBJECTID":182779,"PRIMENAME":"East Upland Avenue","ELEVTYP_F":0,"ELEVTYP_T":0},"geometry":{"type":"LineString","coordinates":[[-74.5066733798518,39.450350713242],[-74.5063886369852,39.4501514957466],[-74.5056537833235,39.4496396331924]]}},{"type":"Feature","id":182885,"properties":{"OBJECTID":182885,"PRIMENAME":"FR FRANKLIN AVE TO ACE EB","ELEVTYP_F":0,"ELEVTYP_T":0},"geometry":{"type":"LineString","coordinates":[[-74.515185935816,39.3967492611678],[-74.5151015066808,39.396700139885],[-74.5150147826228,39.3966534875246],[-74.514925883512,39.3966093685671],[-74.5148349322236,39.3965678439914],[-74.5144946119076,39.3963851466684],[-74.5141506047424,39.3962066554691],[-74.514069736192,39.3961566107777],[-74.5139874352769,39.3961079921878],[-74.5139037437659,39.3960608243721],[-74.5138187041327,39.3960151312669],[-74.513694820552,39.3959359154147],[-74.5135724669054,39.395855280922],[-74.513451670173,39.3957732455729],[-74.5133324569914,39.3956898274605],[-74.5132291026934,39.3956117921713],[-74.513127734013,39.395532204421],[-74.5130283896739,39.3954510946179],[-74.5129311076256,39.395368493752],[-74.5128231755214,39.3952810876181],[-74.512709761574,39.3951979651836],[-74.5125911478565,39.3951193331695],[-74.5124676293705,39.3950453871287]]}},{"type":"Feature","id":183382,"properties":{"OBJECTID":183382,"PRIMENAME":"West Delilah Road","ELEVTYP_F":0,"ELEVTYP_T":0},"geometry":{"type":"LineString","coordinates":[[-74.5131265928175,39.4048471576815],[-74.5118340620089,39.4042855638408],[-74.5114988108496,39.4041430706359]]}},{"type":"Feature","id":183654,"properties":{"OBJECTID":183654,"PRIMENAME":"Charles Avenue","ELEVTYP_F":0,"ELEVTYP_T":0},"geometry":{"type":"LineString","coordinates":[[-74.5176287868506,39.3937847860523],[-74.517882600711,39.3938801866463],[-74.5188673233702,39.3942559386015]]}},{"type":"Feature","id":183914,"properties":{"OBJECTID":183914,"PRIMENAME":"North Main Street","ELEVTYP_F":1,"ELEVTYP_T":0},"geometry":{"type":"LineString","coordinates":[[-74.516753729397,39.3982516039549],[-74.5166827591268,39.3983308542587],[-74.5160489039012,39.3990436872512]]}},{"type":"Feature","id":183940,"properties":{"OBJECTID":183940,"PRIMENAME":"East Leeds Avenue","ELEVTYP_F":0,"ELEVTYP_T":0},"geometry":{"type":"LineString","coordinates":[[-74.5045909776887,39.4063106914698],[-74.5041170603529,39.406106899036],[-74.5038492022573,39.4059914730648],[-74.5034663934362,39.4058265076171]]}},{"type":"Feature","id":183955,"properties":{"OBJECTID":183955,"PRIMENAME":"Sassafras Run","ELEVTYP_F":0,"ELEVTYP_T":0},"geometry":{"type":"LineString","coordinates":[[-74.5165167407735,39.4075668314143],[-74.5157929455337,39.4072560686437]]}},{"type":"Feature","id":184148,"properties":{"OBJECTID":184148,"PRIMENAME":"North 4th Street","ELEVTYP_F":0,"ELEVTYP_T":0},"geometry":{"type":"LineString","coordinates":[[-74.5252941761118,39.3977186664673],[-74.5259580078194,39.3966349449943],[-74.5260207141394,39.3965325753272],[-74.5262274313235,39.396197788319],[-74.5264563868812,39.3958269808192]]}},{"type":"Feature","id":184297,"properties":{"OBJECTID":184297,"PRIMENAME":"East Windsor Avenue","ELEVTYP_F":0,"ELEVTYP_T":0},"geometry":{"type":"LineString","coordinates":[[-74.5121271691557,39.4034384167943],[-74.5120728384009,39.4034071222448],[-74.5119632226322,39.4033515342083],[-74.5115289459907,39.4031716831978],[-74.5100720601266,39.4025457270127]]}},{"type":"Feature","id":184821,"properties":{"OBJECTID":184821,"PRIMENAME":"Whispering Lane","ELEVTYP_F":0,"ELEVTYP_T":0},"geometry":{"type":"LineString","coordinates":[[-74.4902415524549,39.4489903264452],[-74.491826775912,39.449146399799],[-74.4918687799973,39.4491484078675],[-74.4919107669924,39.4491461953723],[-74.491952034311,39.4491397993361],[-74.4919918914098,39.4491293267865],[-74.4922974880509,39.449031524589]]}},{"type":"Feature","id":185315,"properties":{"OBJECTID":185315,"PRIMENAME":"East Faunce Landing Road","ELEVTYP_F":0,"ELEVTYP_T":0},"geometry":{"type":"LineString","coordinates":[[-74.4863502940122,39.4264626171059],[-74.4863735186325,39.4264547405359],[-74.4864192614191,39.4264462342306],[-74.4864823495245,39.4264405575332],[-74.4865594564366,39.4264436147713],[-74.4866186829356,39.4264540546567],[-74.486670757635,39.4264668276641],[-74.486775721372,39.4264920178855],[-74.4875866961797,39.4266662903066],[-74.4882895601149,39.4268018334856],[-74.4890339870877,39.4269502802897],[-74.4893364966381,39.4270122500707]]}},{"type":"Feature","id":185962,"properties":{"OBJECTID":185962,"PRIMENAME":"West Leeds Avenue","ELEVTYP_F":0,"ELEVTYP_T":0},"geometry":{"type":"LineString","coordinates":[[-74.5199034960397,39.4127676171219],[-74.5187519147363,39.4123076925404],[-74.5182084303753,39.4120913387769]]}},{"type":"Feature","id":186114,"properties":{"OBJECTID":186114,"PRIMENAME":"East Arbutus Avenue","ELEVTYP_F":0,"ELEVTYP_T":0},"geometry":{"type":"LineString","coordinates":[[-74.5234957024366,39.446386161986],[-74.5234612749612,39.4463653299148],[-74.5232528610733,39.4462303685283],[-74.5230537948361,39.4460881571053],[-74.5226712158492,39.4458181996878],[-74.5219402816274,39.4453023799011],[-74.5214457535131,39.4449649247825],[-74.5212010738142,39.444791939242]]}},{"type":"Feature","id":186647,"properties":{"OBJECTID":186647,"PRIMENAME":"Ambassador Avenue","ELEVTYP_F":0,"ELEVTYP_T":0},"geometry":{"type":"LineString","coordinates":[[-74.508345869973,39.4332881495313],[-74.5086074926838,39.4330525815983],[-74.5086103952281,39.4330499456474]]}},{"type":"Feature","id":186823,"properties":{"OBJECTID":186823,"PRIMENAME":"West Delilah Road","ELEVTYP_F":0,"ELEVTYP_T":0},"geometry":{"type":"LineString","coordinates":[[-74.5172138489096,39.4065978786233],[-74.5164633351114,39.4062770718662],[-74.5161937328858,39.4061618286043],[-74.516149070012,39.4061426170917]]}},{"type":"Feature","id":187171,"properties":{"OBJECTID":187171,"PRIMENAME":"Manor Drive","ELEVTYP_F":0,"ELEVTYP_T":0},"geometry":{"type":"LineString","coordinates":[[-74.5119355695871,39.4136016868311],[-74.5119971515056,39.4133301600314],[-74.5120105508521,39.4132853671976],[-74.5120300773485,39.4132419474506],[-74.5120555046219,39.4132004088628],[-74.5120865401035,39.4131612297863],[-74.5121228227068,39.4131248633576],[-74.512379961242,39.4129380433747],[-74.5128564020827,39.4125760208097],[-74.5132936567928,39.4119751468984]]}},{"type":"Feature","id":187537,"properties":{"OBJECTID":187537,"PRIMENAME":"East Dickinson Avenue","ELEVTYP_F":0,"ELEVTYP_T":0},"geometry":{"type":"LineString","coordinates":[[-74.4779801557443,39.4433008263469],[-74.4774201446822,39.4431406762295]]}},{"type":"Feature","id":187664,"properties":{"OBJECTID":187664,"PRIMENAME":"Pleasant Acres Road","ELEVTYP_F":0,"ELEVTYP_T":0},"geometry":{"type":"LineString","coordinates":[[-74.5185546792769,39.4047026035518],[-74.5181910948061,39.405311755855]]}},{"type":"Feature","id":188070,"properties":{"OBJECTID":188070,"PRIMENAME":"FR RT 157 SB to US 30 WB","ELEVTYP_F":0,"ELEVTYP_T":0},"geometry":{"type":"LineString","coordinates":[[-74.4994870424253,39.4237895180803],[-74.4995930700913,39.4237116245348],[-74.4996551640968,39.4236738442883],[-74.4997217539856,39.4236475690347],[-74.4997815818243,39.423623078215],[-74.4998447731878,39.4236020734644],[-74.499896813366,39.423593864532],[-74.4999512600622,39.4235925737202],[-74.4999920422367,39.4235938645755]]}},{"type":"Feature","id":188970,"properties":{"OBJECTID":188970,"PRIMENAME":"Atlantic Avenue","ELEVTYP_F":0,"ELEVTYP_T":0},"geometry":{"type":"LineString","coordinates":[[-74.5070686775104,39.4025833442547],[-74.5070687123241,39.4025831514808],[-74.5070931719134,39.4022709694588]]}},{"type":"Feature","id":189016,"properties":{"OBJECTID":189016,"PRIMENAME":"Atlantic City Expressway","ELEVTYP_F":0,"ELEVTYP_T":0},"geometry":{"type":"LineString","coordinates":[[-74.5149050339437,39.3970648266143],[-74.5146807874225,39.3969211471696],[-74.514239264929,39.3966252203743],[-74.5139863481318,39.3964423626134],[-74.5136262602659,39.3961564450935],[-74.5134376153574,39.3960001018555],[-74.5131745724705,39.3957576426728],[-74.513141833758,39.3957274649322],[-74.5129017962836,39.395501359323],[-74.5126874542232,39.395288594924],[-74.5125417376232,39.395132300469],[-74.5124676293705,39.3950453871287]]}},{"type":"Feature","id":189352,"properties":{"OBJECTID":189352,"PRIMENAME":"Unnamed Segment","ELEVTYP_F":0,"ELEVTYP_T":0},"geometry":{"type":"LineString","coordinates":[[-74.5251877189445,39.3982082944523],[-74.5240712717713,39.3977919342731]]}},{"type":"Feature","id":189485,"properties":{"OBJECTID":189485,"PRIMENAME":"5th Avenue","ELEVTYP_F":0,"ELEVTYP_T":0},"geometry":{"type":"LineString","coordinates":[[-74.5257924563194,39.4479870377613],[-74.5261817074135,39.4476613463343],[-74.5267134027711,39.447194056336],[-74.5269824184106,39.4469633057364]]}},{"type":"Feature","id":189994,"properties":{"OBJECTID":189994,"PRIMENAME":"Pear Street","ELEVTYP_F":0,"ELEVTYP_T":0},"geometry":{"type":"LineString","coordinates":[[-74.5239225762264,39.4173467763259],[-74.5239734856164,39.4173411250302],[-74.5240278233715,39.4173458087926],[-74.5240650645959,39.417353049838],[-74.5241183447614,39.4173689640605],[-74.5241222322811,39.4173703423804],[-74.5245689473036,39.4175287483873],[-74.5247113728027,39.4175826978032]]}},{"type":"Feature","id":190256,"properties":{"OBJECTID":190256,"PRIMENAME":"Unnamed Segment","ELEVTYP_F":0,"ELEVTYP_T":0},"geometry":{"type":"LineString","coordinates":[[-74.4924987307132,39.4151177125801],[-74.4925884579221,39.415112363967],[-74.4927264983446,39.4150936351114],[-74.4928955988454,39.4150668773497],[-74.4930370919468,39.4150454720558],[-74.4930992098039,39.4150535063982],[-74.4931371671831,39.4150668918458],[-74.4931751261167,39.4150883088242],[-74.4931992823323,39.4151150784458],[-74.4934580155248,39.4160921399718],[-74.4934649119044,39.4161376479255],[-74.4934580062711,39.4161911839426],[-74.4934441952483,39.4162581036711],[-74.4934303854549,39.4163116392964],[-74.4934200275351,39.4163732066562],[-74.493433825989,39.4164160378191],[-74.4935890705705,39.4170049495778],[-74.4935856165985,39.4170317175861],[-74.4935683584331,39.417050455994],[-74.4935442021777,39.4170531318367],[-74.493185284218,39.4171039705897],[-74.4931438700434,39.4171093225175],[-74.4930817507246,39.4171093188413],[-74.4930368885712,39.4170905768055],[-74.4929989302,39.4170531003116],[-74.4927125180054,39.4167827208553],[-74.4926400554598,39.4166890275954],[-74.4925434437926,39.4165230578814],[-74.4924847902818,39.4163945638601],[-74.4924123374355,39.4162178895667],[-74.4923847372273,39.4161322287952],[-74.4923743956154,39.4160358604256],[-74.4923916602536,39.4159368193832],[-74.4924330830493,39.4158458087498],[-74.4925090205414,39.4157092954602],[-74.4925504416257,39.4156316697846],[-74.4925780576766,39.4155460125718],[-74.4925987751054,39.4154523242708],[-74.4925987858575,39.4153506049082],[-74.492581540038,39.4152542361047],[-74.4924987307132,39.4151177125801]]}},{"type":"Feature","id":190975,"properties":{"OBJECTID":190975,"PRIMENAME":"Walnut Avenue","ELEVTYP_F":0,"ELEVTYP_T":0},"geometry":{"type":"LineString","coordinates":[[-74.5127050853273,39.3996293093796],[-74.51190350288,39.399309086426],[-74.5116107135963,39.3991915440305],[-74.5103998783249,39.3987054335907]]}},{"type":"Feature","id":191119,"properties":{"OBJECTID":191119,"PRIMENAME":"Station Avenue","ELEVTYP_F":0,"ELEVTYP_T":0},"geometry":{"type":"LineString","coordinates":[[-74.5007623788071,39.4241497447203],[-74.5007043209349,39.424174345929],[-74.5006592899456,39.4241915343541]]}},{"type":"Feature","id":191224,"properties":{"OBJECTID":191224,"PRIMENAME":"East Edgewater Avenue","ELEVTYP_F":0,"ELEVTYP_T":0},"geometry":{"type":"LineString","coordinates":[[-74.5264156101198,39.38557145918],[-74.5269172925995,39.385757774949],[-74.5270217253528,39.385797026771],[-74.527638062213,39.3860286845197]]}},{"type":"Feature","id":191256,"properties":{"OBJECTID":191256,"PRIMENAME":"North Main Street","ELEVTYP_F":0,"ELEVTYP_T":0},"geometry":{"type":"LineString","coordinates":[[-74.5178373322661,39.3970383852296],[-74.5177125576405,39.3971791909441],[-74.5175997353003,39.3973065069766],[-74.5175915628548,39.3973156234476]]}},{"type":"Feature","id":191344,"properties":{"OBJECTID":191344,"PRIMENAME":"Unnamed Segment","ELEVTYP_F":0,"ELEVTYP_T":0},"geometry":{"type":"LineString","coordinates":[[-74.4913929416403,39.4151312012127],[-74.4920191647998,39.4151272561962]]}},{"type":"Feature","id":191430,"properties":{"OBJECTID":191430,"PRIMENAME":"West Leeds Avenue","ELEVTYP_F":0,"ELEVTYP_T":0},"geometry":{"type":"LineString","coordinates":[[-74.5133320287555,39.4101725165196],[-74.5131375582786,39.4100980765571],[-74.5129036853239,39.409979353619],[-74.5127999350379,39.4099271446917]]}},{"type":"Feature","id":191746,"properties":{"OBJECTID":191746,"PRIMENAME":"South Franklin Boulevard","ELEVTYP_F":0,"ELEVTYP_T":0},"geometry":{"type":"LineString","coordinates":[[-74.5200885484624,39.3902037740317],[-74.5200828582406,39.3902258231178],[-74.5200528075053,39.3903163249745],[-74.5200039356331,39.3904214375134],[-74.5199287195205,39.3905849537317],[-74.5198958105826,39.3906561067414],[-74.5198760640268,39.3906987983624]]}},{"type":"Feature","id":191890,"properties":{"OBJECTID":191890,"PRIMENAME":"East Belmar Avenue","ELEVTYP_F":0,"ELEVTYP_T":0},"geometry":{"type":"LineString","coordinates":[[-74.4706292702465,39.4457020441413],[-74.4698070225455,39.445471804449],[-74.4690976662553,39.4452586122328],[-74.46897086988,39.4452257957931],[-74.4689135070163,39.4452140836352],[-74.468880326769,39.4452140747632],[-74.46883503357,39.4452163966007],[-74.4688293549124,39.4452183516091]]}},{"type":"Feature","id":192974,"properties":{"OBJECTID":192974,"PRIMENAME":"East Ocean Avenue","ELEVTYP_F":0,"ELEVTYP_T":0},"geometry":{"type":"LineString","coordinates":[[-74.4721543728892,39.4468675830277],[-74.4719951740991,39.4468205673855],[-74.4711560194228,39.4465839636701],[-74.4705643773268,39.4464152881858],[-74.4703263969466,39.4463485633905]]}},{"type":"Feature","id":193116,"properties":{"OBJECTID":193116,"PRIMENAME":"West Adams Avenue","ELEVTYP_F":0,"ELEVTYP_T":0},"geometry":{"type":"LineString","coordinates":[[-74.5192484087013,39.3954504291559],[-74.5196206169167,39.3956037397013],[-74.5202884045868,39.3958429634223],[-74.5204955142173,39.3959214808438]]}},{"type":"Feature","id":194013,"properties":{"OBJECTID":194013,"PRIMENAME":"Hickory Street","ELEVTYP_F":0,"ELEVTYP_T":0},"geometry":{"type":"LineString","coordinates":[[-74.5223518245227,39.4198573831503],[-74.5223685240649,39.4198460775972],[-74.5223857937917,39.4198309732567],[-74.522400903595,39.4198130966659],[-74.5224166137425,39.4197913203923],[-74.5224203642174,39.4197851320713],[-74.5225721470408,39.4195346828949],[-74.522783545075,39.4191919573558],[-74.5229902280007,39.4188310289665],[-74.5231875817959,39.418494526356],[-74.523221039371,39.4184374773826],[-74.5232762688919,39.4183554538505],[-74.5232806565593,39.4183485267162],[-74.5233668055743,39.4182125524996],[-74.5235437040488,39.4179306481859],[-74.5237102170356,39.4176167870976],[-74.5237772574256,39.4175004403985],[-74.5238134848824,39.4174395343506],[-74.5238376131601,39.4174020515916],[-74.5238647888822,39.4173716241749],[-74.5239100550099,39.4173481670344],[-74.5239225762264,39.4173467763259]]}},{"type":"Feature","id":194360,"properties":{"OBJECTID":194360,"PRIMENAME":"North 3rd Street","ELEVTYP_F":0,"ELEVTYP_T":0},"geometry":{"type":"LineString","coordinates":[[-74.5267258879337,39.3934886627046],[-74.526451605884,39.3939425002356]]}},{"type":"Feature","id":194577,"properties":{"OBJECTID":194577,"PRIMENAME":"Martin Luther King Avenue","ELEVTYP_F":0,"ELEVTYP_T":0},"geometry":{"type":"LineString","coordinates":[[-74.5230891917159,39.393471786416],[-74.5227818620899,39.393328056982],[-74.5221342308116,39.3930251711629],[-74.5219564365102,39.3929445369013],[-74.5216216666176,39.3927927104304]]}},{"type":"Feature","id":194626,"properties":{"OBJECTID":194626,"PRIMENAME":"Genoa Avenue","ELEVTYP_F":0,"ELEVTYP_T":0},"geometry":{"type":"LineString","coordinates":[[-74.5161292605565,39.3868559808595],[-74.5160442685774,39.3870001620336]]}},{"type":"Feature","id":194868,"properties":{"OBJECTID":194868,"PRIMENAME":"West Adams Avenue","ELEVTYP_F":0,"ELEVTYP_T":0},"geometry":{"type":"LineString","coordinates":[[-74.5204955142173,39.3959214808438],[-74.5209912392794,39.3961094145957]]}},{"type":"Feature","id":195278,"properties":{"OBJECTID":195278,"PRIMENAME":"West Adams Avenue","ELEVTYP_F":0,"ELEVTYP_T":0},"geometry":{"type":"LineString","coordinates":[[-74.5216162874564,39.3963458657027],[-74.5221056476878,39.3965288549646]]}},{"type":"Feature","id":196552,"properties":{"OBJECTID":196552,"PRIMENAME":"North Main Street","ELEVTYP_F":0,"ELEVTYP_T":0},"geometry":{"type":"LineString","coordinates":[[-74.5213491484048,39.393095881505],[-74.5212117208956,39.3932487848872],[-74.5209090254043,39.3935893005537]]}},{"type":"Feature","id":196819,"properties":{"OBJECTID":196819,"PRIMENAME":"East Grant Avenue","ELEVTYP_F":0,"ELEVTYP_T":0},"geometry":{"type":"LineString","coordinates":[[-74.5184272115179,39.3911217855162],[-74.5182020307324,39.391014136046],[-74.517956042462,39.3909020691016],[-74.5177842263318,39.3908112141852],[-74.5176860565122,39.3907619722359]]}},{"type":"Feature","id":197071,"properties":{"OBJECTID":197071,"PRIMENAME":"FR US 30 EB to US 30 WB","ELEVTYP_F":0,"ELEVTYP_T":0},"geometry":{"type":"LineString","coordinates":[[-74.4917168106325,39.4102882210891],[-74.4918132528829,39.4097469234072],[-74.4918686438094,39.409142774673],[-74.4919070147029,39.408502326843],[-74.4919112711449,39.4084164698798],[-74.4919198081965,39.4083570823849],[-74.4919368390486,39.4083009347623],[-74.491964203997,39.4082496756035],[-74.4920045229828,39.4082007513072],[-74.4920517421045,39.408158992449],[-74.4921666769971,39.4080500806383],[-74.4922134714199,39.4080038473999],[-74.4922475251385,39.4079576403184],[-74.4922773323221,39.4079114329448],[-74.4922858319189,39.407861901994],[-74.4922815900925,39.407809075063],[-74.4922433009506,39.4077562458671],[-74.4921922319051,39.4077232397579],[-74.4921454439001,39.4077034405779],[-74.4920858437547,39.4076902298774],[-74.4920135011306,39.4076836085423],[-74.4918886682051,39.4076855762689]]}},{"type":"Feature","id":197135,"properties":{"OBJECTID":197135,"PRIMENAME":"Iowa Avenue","ELEVTYP_F":0,"ELEVTYP_T":0},"geometry":{"type":"LineString","coordinates":[[-74.5053868700071,39.4052044068511],[-74.5052688158166,39.4053732425018],[-74.5051082215833,39.4055824682917]]}},{"type":"Feature","id":197376,"properties":{"OBJECTID":197376,"PRIMENAME":"6th Avenue","ELEVTYP_F":0,"ELEVTYP_T":0},"geometry":{"type":"LineString","coordinates":[[-74.4980182741089,39.4113735246637],[-74.4978824568561,39.4115874356606],[-74.4978451902753,39.4116485057298]]}},{"type":"Feature","id":198089,"properties":{"OBJECTID":198089,"PRIMENAME":"Cheltenham Avenue","ELEVTYP_F":0,"ELEVTYP_T":0},"geometry":{"type":"LineString","coordinates":[[-74.5183656782709,39.4426407848425],[-74.5182460501775,39.4427457627225],[-74.5174626507046,39.4434406657711]]}},{"type":"Feature","id":198845,"properties":{"OBJECTID":198845,"PRIMENAME":"Martin Luther King Jr Avenue","ELEVTYP_F":0,"ELEVTYP_T":0},"geometry":{"type":"LineString","coordinates":[[-74.5256101650987,39.3946439566075],[-74.5252576194475,39.3944783604475],[-74.5252032572341,39.3944534145513]]}},{"type":"Feature","id":200721,"properties":{"OBJECTID":200721,"PRIMENAME":"Mill Road","ELEVTYP_F":0,"ELEVTYP_T":0},"geometry":{"type":"LineString","coordinates":[[-74.5270874076567,39.3992952845338],[-74.5269242582195,39.4005677686102],[-74.5267840927115,39.4016160919163],[-74.5267756592495,39.401681687647]]}},{"type":"Feature","id":200928,"properties":{"OBJECTID":200928,"PRIMENAME":"East California Avenue","ELEVTYP_F":0,"ELEVTYP_T":0},"geometry":{"type":"LineString","coordinates":[[-74.5014732814153,39.4126599516576],[-74.5019511284279,39.4128367917733],[-74.5026167908361,39.4130861935108]]}},{"type":"Feature","id":201764,"properties":{"OBJECTID":201764,"PRIMENAME":"Unnamed Segment","ELEVTYP_F":0,"ELEVTYP_T":0},"geometry":{"type":"LineString","coordinates":[[-74.529845328588,39.3928782307725],[-74.5299849587233,39.3929209515599],[-74.5313477388302,39.3933378873614],[-74.5322981515049,39.3936286503096],[-74.5324384741275,39.393671125638],[-74.5325480828991,39.3937043058848]]}},{"type":"Feature","id":202455,"properties":{"OBJECTID":202455,"PRIMENAME":"Unnamed Segment","ELEVTYP_F":0,"ELEVTYP_T":0},"geometry":{"type":"LineString","coordinates":[[-74.5193391159729,39.404978322309],[-74.5190022567556,39.4048320505242],[-74.5188728162772,39.404794614416],[-74.5185546792769,39.4047026035518]]}},{"type":"Feature","id":202472,"properties":{"OBJECTID":202472,"PRIMENAME":"Ireland Avenue","ELEVTYP_F":0,"ELEVTYP_T":0},"geometry":{"type":"LineString","coordinates":[[-74.5307760240873,39.3950082340344],[-74.5303224093567,39.3957490348987],[-74.5300142907164,39.3962522156932],[-74.5297895254121,39.3966206302511]]}},{"type":"Feature","id":202494,"properties":{"OBJECTID":202494,"PRIMENAME":"Washington Avenue","ELEVTYP_F":0,"ELEVTYP_T":0},"geometry":{"type":"LineString","coordinates":[[-74.4703263969466,39.4463485633905],[-74.4702382501748,39.446525195128],[-74.4701596962191,39.4467100931591],[-74.4700415167957,39.4469719143327]]}},{"type":"Feature","id":202924,"properties":{"OBJECTID":202924,"PRIMENAME":"Madison Avenue","ELEVTYP_F":0,"ELEVTYP_T":0},"geometry":{"type":"LineString","coordinates":[[-74.5194108236282,39.3933671073973],[-74.5195857635501,39.3930821887281]]}},{"type":"Feature","id":203230,"properties":{"OBJECTID":203230,"PRIMENAME":"Arbutus Avenue","ELEVTYP_F":0,"ELEVTYP_T":0},"geometry":{"type":"LineString","coordinates":[[-74.5280877229846,39.4495892409019],[-74.5278751419006,39.449440808472],[-74.5275173971357,39.4491973833322],[-74.5269948245152,39.4488286307914],[-74.5268088365758,39.4487020228079]]}},{"type":"Feature","id":203672,"properties":{"OBJECTID":203672,"PRIMENAME":"Sawmill Road","ELEVTYP_F":0,"ELEVTYP_T":0},"geometry":{"type":"LineString","coordinates":[[-74.5247301744802,39.4174230620007],[-74.5247113728027,39.4175826978032]]}},{"type":"Feature","id":204005,"properties":{"OBJECTID":204005,"PRIMENAME":"East Cresson Avenue","ELEVTYP_F":0,"ELEVTYP_T":0},"geometry":{"type":"LineString","coordinates":[[-74.4966347244863,39.4480528890202],[-74.4963052375535,39.4480177903187],[-74.4956551189794,39.4479513512695],[-74.4941329158498,39.4477943441823],[-74.4936112443809,39.447743000157],[-74.4935948019112,39.4477416921979],[-74.4934594280802,39.4477309111457]]}},{"type":"Feature","id":204034,"properties":{"OBJECTID":204034,"PRIMENAME":"Wellington Avenue","ELEVTYP_F":0,"ELEVTYP_T":0},"geometry":{"type":"LineString","coordinates":[[-74.5207419016187,39.4034031818001],[-74.519643271594,39.4029680522388],[-74.519268943701,39.402819791316],[-74.5184088597217,39.4024772732114]]}},{"type":"Feature","id":205012,"properties":{"OBJECTID":205012,"PRIMENAME":"Highland Boulevard","ELEVTYP_F":0,"ELEVTYP_T":0},"geometry":{"type":"LineString","coordinates":[[-74.5092952942179,39.434952703068],[-74.5093206049699,39.4351770195778],[-74.5093206398614,39.4351773348543]]}},{"type":"Feature","id":205085,"properties":{"OBJECTID":205085,"PRIMENAME":"Theresa Court","ELEVTYP_F":0,"ELEVTYP_T":0},"geometry":{"type":"LineString","coordinates":[[-74.5208482272916,39.4419325759289],[-74.5207791558752,39.4419594149252],[-74.5205948093634,39.442039737552],[-74.5204382408322,39.4421024309148],[-74.5203397590101,39.4421690296862],[-74.5198905593031,39.4425803671143]]}},{"type":"Feature","id":205244,"properties":{"OBJECTID":205244,"PRIMENAME":"FR US 30 WB to US 30 EB","ELEVTYP_F":0,"ELEVTYP_T":0},"geometry":{"type":"LineString","coordinates":[[-74.4923940157943,39.3985258920779],[-74.4924976680922,39.3985319666195]]}},{"type":"Feature","id":205404,"properties":{"OBJECTID":205404,"PRIMENAME":"FR US 30 WB to US 30 EB","ELEVTYP_F":0,"ELEVTYP_T":0},"geometry":{"type":"LineString","coordinates":[[-74.491788412723,39.4075714601034],[-74.491895796015,39.4075715775287]]}},{"type":"Feature","id":205526,"properties":{"OBJECTID":205526,"PRIMENAME":"6th Avenue","ELEVTYP_F":0,"ELEVTYP_T":0},"geometry":{"type":"LineString","coordinates":[[-74.5193623922095,39.4499524562024],[-74.5188689687477,39.4503740466461],[-74.5185058386785,39.4506932289744],[-74.5181473073326,39.4510023475473],[-74.5176384327402,39.4514410817483],[-74.5175758514711,39.4514950101403],[-74.5169796262213,39.4520088097675],[-74.5164401505555,39.4524736968071],[-74.5158914159214,39.4529367953954],[-74.515362861052,39.4533967593314],[-74.514685009953,39.4539850157081],[-74.5134231113717,39.455064008101]]}},{"type":"Feature","id":205908,"properties":{"OBJECTID":205908,"PRIMENAME":"FR RAMP A105260 to SHOPPING CENTER WB","ELEVTYP_F":0,"ELEVTYP_T":0},"geometry":{"type":"LineString","coordinates":[[-74.4920133258675,39.4154211223497],[-74.4921414046922,39.4153142978575],[-74.4922606675237,39.4152184552039],[-74.4923799311899,39.4151226124266]]}},{"type":"Feature","id":206019,"properties":{"OBJECTID":206019,"PRIMENAME":"FR CO 601 WB TO AMBASSADOR AVE","ELEVTYP_F":0,"ELEVTYP_T":0},"geometry":{"type":"LineString","coordinates":[[-74.5085761443424,39.4323618363637],[-74.5086244907508,39.4325078729391],[-74.5086619637662,39.4326179702449],[-74.5086777603139,39.4326638215095],[-74.5086856292582,39.4327311168706],[-74.5086797250016,39.4328075284383],[-74.5086718742907,39.4328779264198],[-74.5086580741888,39.4329421210444],[-74.5086344292475,39.4329956347309],[-74.5086103952281,39.4330499456474]]}},{"type":"Feature","id":207344,"properties":{"OBJECTID":207344,"PRIMENAME":"Cedarcrest Avenue","ELEVTYP_F":0,"ELEVTYP_T":0},"geometry":{"type":"LineString","coordinates":[[-74.5032765265974,39.409105808423],[-74.5039500531602,39.4093924884695]]}},{"type":"Feature","id":207609,"properties":{"OBJECTID":207609,"PRIMENAME":"Martin Luther King Jr Avenue","ELEVTYP_F":0,"ELEVTYP_T":0},"geometry":{"type":"LineString","coordinates":[[-74.5269519105578,39.3952677415252],[-74.5268436076497,39.3952182484551],[-74.5264505337914,39.3950386217322],[-74.5259247708662,39.3947917125193]]}},{"type":"Feature","id":207791,"properties":{"OBJECTID":207791,"PRIMENAME":"North Main Street","ELEVTYP_F":0,"ELEVTYP_T":0},"geometry":{"type":"LineString","coordinates":[[-74.5087897339139,39.4071818646126],[-74.5087072085024,39.4072740427219],[-74.5084371968571,39.4075800102343],[-74.5082201596521,39.4078234279666]]}},{"type":"Feature","id":207879,"properties":{"OBJECTID":207879,"PRIMENAME":"Franklin Avenue","ELEVTYP_F":0,"ELEVTYP_T":0},"geometry":{"type":"LineString","coordinates":[[-74.5163575726372,39.3954428814116],[-74.5161562379448,39.3956711012657],[-74.5157988818034,39.3960652620696],[-74.515655032798,39.3962257102235]]}},{"type":"Feature","id":208145,"properties":{"OBJECTID":208145,"PRIMENAME":"Prospect Avenue","ELEVTYP_F":0,"ELEVTYP_T":0},"geometry":{"type":"LineString","coordinates":[[-74.5258951936723,39.386287041082],[-74.5258312287179,39.3863044624688],[-74.5257998840256,39.3863176761349],[-74.5257756903223,39.3863378622455],[-74.5256666509156,39.3864592717082],[-74.5254402988039,39.3867212846922],[-74.525152221317,39.3870376201488],[-74.5250946045848,39.3871015519473],[-74.5250724009501,39.3871468050951]]}},{"type":"Feature","id":208333,"properties":{"OBJECTID":208333,"PRIMENAME":"West Adams Avenue","ELEVTYP_F":0,"ELEVTYP_T":0},"geometry":{"type":"LineString","coordinates":[[-74.5239967170507,39.3972347177976],[-74.5243372633203,39.3973616054591]]}},{"type":"Feature","id":208515,"properties":{"OBJECTID":208515,"PRIMENAME":"Unnamed Segment","ELEVTYP_F":0,"ELEVTYP_T":0},"geometry":{"type":"LineString","coordinates":[[-74.5155545116223,39.4364348621975],[-74.5155293923266,39.4364167342953],[-74.5153297943094,39.4362726934714],[-74.5153126772286,39.4362305383858],[-74.5153096680554,39.436223127017],[-74.5153038917289,39.4361729353191],[-74.5152978926899,39.4358693014536],[-74.5152919480259,39.4358140959329],[-74.5142598493597,39.4351060394903],[-74.5142061001286,39.4350781510547],[-74.514134908897,39.4350735584525],[-74.5139391304448,39.4350827837345],[-74.5138679327552,39.4350689920198],[-74.5134585235031,39.4347792074342]]}},{"type":"Feature","id":208544,"properties":{"OBJECTID":208544,"PRIMENAME":"West Adams Avenue","ELEVTYP_F":0,"ELEVTYP_T":0},"geometry":{"type":"LineString","coordinates":[[-74.5254559580145,39.397779090432],[-74.5263766751033,39.3981230257135],[-74.526557925579,39.3981947839447]]}},{"type":"Feature","id":210040,"properties":{"OBJECTID":210040,"PRIMENAME":"West Mulberry Avenue","ELEVTYP_F":0,"ELEVTYP_T":0},"geometry":{"type":"LineString","coordinates":[[-74.5195815620537,39.4012164418553],[-74.5188509262757,39.4009127287854],[-74.5176006171985,39.4003949843351],[-74.5172322108596,39.4002444674908]]}},{"type":"Feature","id":210882,"properties":{"OBJECTID":210882,"PRIMENAME":"Waveland Avenue","ELEVTYP_F":0,"ELEVTYP_T":0},"geometry":{"type":"LineString","coordinates":[[-74.5258775590407,39.4443615208372],[-74.5259491026217,39.4442987400911]]}},{"type":"Feature","id":211001,"properties":{"OBJECTID":211001,"PRIMENAME":"Lyons Court","ELEVTYP_F":0,"ELEVTYP_T":0},"geometry":{"type":"LineString","coordinates":[[-74.5185225656613,39.3893522479099],[-74.5192346947513,39.3881649088692]]}},{"type":"Feature","id":211957,"properties":{"OBJECTID":211957,"PRIMENAME":"FR US 40 EB to ATHENS AVE","ELEVTYP_F":0,"ELEVTYP_T":0},"geometry":{"type":"LineString","coordinates":[[-74.5098149128347,39.3861396779094],[-74.5095802428576,39.3860348680139],[-74.5094855905839,39.3859981661373],[-74.5093830097941,39.3859430964944],[-74.509331770817,39.3859002411818],[-74.5092844585881,39.3858543651315],[-74.5092450001282,39.3857962149597],[-74.5092095015823,39.3857136003786],[-74.5091621823521,39.385612619288],[-74.509106936758,39.3855085904706],[-74.5090714424816,39.3854565627029],[-74.509024131904,39.3854198567458],[-74.5089537099919,39.3853967132807],[-74.5088656846984,39.3853677834386]]}},{"type":"Feature","id":212177,"properties":{"OBJECTID":212177,"PRIMENAME":"Franklin Avenue","ELEVTYP_F":1,"ELEVTYP_T":0},"geometry":{"type":"LineString","coordinates":[[-74.514803318342,39.3971790858653],[-74.5145346101889,39.3974808944673]]}},{"type":"Feature","id":212659,"properties":{"OBJECTID":212659,"PRIMENAME":"North Main Street","ELEVTYP_F":0,"ELEVTYP_T":0},"geometry":{"type":"LineString","coordinates":[[-74.5052179038226,39.4113055525655],[-74.5049626644056,39.4117166698282]]}},{"type":"Feature","id":212836,"properties":{"OBJECTID":212836,"PRIMENAME":"Pleasant Acres Road","ELEVTYP_F":0,"ELEVTYP_T":0},"geometry":{"type":"LineString","coordinates":[[-74.5173681349793,39.405005812299],[-74.5178414313545,39.4044460647036]]}},{"type":"Feature","id":213134,"properties":{"OBJECTID":213134,"PRIMENAME":"North 1st Street","ELEVTYP_F":0,"ELEVTYP_T":0},"geometry":{"type":"LineString","coordinates":[[-74.5218404183489,39.3969613900703],[-74.5217257067236,39.3971484562844],[-74.5215774350738,39.3973878220773],[-74.5215110756179,39.3974817638913],[-74.5214486014703,39.3975514598133],[-74.5212768448141,39.39772114515],[-74.5212460954767,39.3977531977675],[-74.5208748181897,39.3981402052612]]}},{"type":"Feature","id":213153,"properties":{"OBJECTID":213153,"PRIMENAME":"7th Avenue","ELEVTYP_F":0,"ELEVTYP_T":0},"geometry":{"type":"LineString","coordinates":[[-74.5223906977422,39.4437785227727],[-74.5225995994212,39.4435885115458],[-74.5227019084419,39.4434981885489],[-74.522821176916,39.4434007224188],[-74.5235389298694,39.4427739427676]]}},{"type":"Feature","id":213519,"properties":{"OBJECTID":213519,"PRIMENAME":"North Main Street","ELEVTYP_F":0,"ELEVTYP_T":0},"geometry":{"type":"LineString","coordinates":[[-74.5160489039012,39.3990436872512],[-74.5159285769724,39.3991790099013],[-74.5156177984389,39.399526734307]]}},{"type":"Feature","id":213552,"properties":{"OBJECTID":213552,"PRIMENAME":"North 2nd Street","ELEVTYP_F":0,"ELEVTYP_T":0},"geometry":{"type":"LineString","coordinates":[[-74.523905706527,39.3948722633528],[-74.5240520922056,39.394639539213],[-74.5243948286913,39.3940808087969]]}},{"type":"Feature","id":214333,"properties":{"OBJECTID":214333,"PRIMENAME":"South Shore Road","ELEVTYP_F":0,"ELEVTYP_T":0},"geometry":{"type":"LineString","coordinates":[[-74.4998854341062,39.421720166303],[-74.499885274989,39.421721472463],[-74.4998473166635,39.4220305495511],[-74.4998340958633,39.4221382014488],[-74.4998294825692,39.4221757666068],[-74.4997782572162,39.4226776157304],[-74.4997760782872,39.422698996214]]}},{"type":"Feature","id":214746,"properties":{"OBJECTID":214746,"PRIMENAME":"East Mulberry Avenue","ELEVTYP_F":0,"ELEVTYP_T":0},"geometry":{"type":"LineString","coordinates":[[-74.5129233011786,39.3973629946437],[-74.5133580871285,39.3976013658014],[-74.5139730222675,39.3979384995767],[-74.5140651132124,39.3979867301266]]}},{"type":"Feature","id":215018,"properties":{"OBJECTID":215018,"PRIMENAME":"Brighton Avenue","ELEVTYP_F":0,"ELEVTYP_T":0},"geometry":{"type":"LineString","coordinates":[[-74.5150215291962,39.4001939245032],[-74.5165674101787,39.4007942991766],[-74.5166890934906,39.400853286206]]}},{"type":"Feature","id":215230,"properties":{"OBJECTID":215230,"PRIMENAME":"East Decatur Avenue","ELEVTYP_F":0,"ELEVTYP_T":0},"geometry":{"type":"LineString","coordinates":[[-74.5214008211038,39.3879166523712],[-74.5238002014567,39.3887803008869],[-74.5248434446203,39.3891584074738]]}},{"type":"Feature","id":215658,"properties":{"OBJECTID":215658,"PRIMENAME":"Stenton Place","ELEVTYP_F":0,"ELEVTYP_T":0},"geometry":{"type":"LineString","coordinates":[[-74.5126542462145,39.4028421425509],[-74.5120816596049,39.4026007044291],[-74.5105860214041,39.4019700276179]]}},{"type":"Feature","id":216671,"properties":{"OBJECTID":216671,"PRIMENAME":"6th Avenue","ELEVTYP_F":0,"ELEVTYP_T":0},"geometry":{"type":"LineString","coordinates":[[-74.5254227309286,39.4447522425755],[-74.5253982333484,39.4447721807539],[-74.5251615678166,39.4449474317168],[-74.5247850797008,39.4452812162229],[-74.5246842909609,39.445366489936]]}},{"type":"Feature","id":217150,"properties":{"OBJECTID":217150,"PRIMENAME":"East Wright Street","ELEVTYP_F":0,"ELEVTYP_T":0},"geometry":{"type":"LineString","coordinates":[[-74.52559549962,39.3874284784574],[-74.5254746397176,39.3873620867954],[-74.5252676826921,39.3872560945108],[-74.5251778640515,39.3872076533502],[-74.5250724009501,39.3871468050951]]}},{"type":"Feature","id":217583,"properties":{"OBJECTID":217583,"PRIMENAME":"Chelsea Road","ELEVTYP_F":0,"ELEVTYP_T":0},"geometry":{"type":"LineString","coordinates":[[-74.5063246066194,39.4368302591734],[-74.5055110646579,39.4362691197433],[-74.5053658150716,39.4361688560222]]}},{"type":"Feature","id":218197,"properties":{"OBJECTID":218197,"PRIMENAME":"West Washington Avenue","ELEVTYP_F":0,"ELEVTYP_T":0},"geometry":{"type":"LineString","coordinates":[[-74.5307760240873,39.3950082340344],[-74.5315943339781,39.395315745632],[-74.5316769115397,39.3953467784029],[-74.5324276886665,39.3956242399508],[-74.532783854146,39.3957558665261],[-74.5329714847447,39.3958252069496],[-74.5329778492844,39.3958276039872],[-74.533235169362,39.3959245446658],[-74.5338087570258,39.3961406345363]]}},{"type":"Feature","id":218381,"properties":{"OBJECTID":218381,"PRIMENAME":"South Edgeley Avenue","ELEVTYP_F":0,"ELEVTYP_T":0},"geometry":{"type":"LineString","coordinates":[[-74.5241318273167,39.386758877512],[-74.5237932895471,39.3872864985805]]}},{"type":"Feature","id":218419,"properties":{"OBJECTID":218419,"PRIMENAME":"Linden Avenue","ELEVTYP_F":0,"ELEVTYP_T":0},"geometry":{"type":"LineString","coordinates":[[-74.513751685461,39.4041495253862],[-74.5131265928175,39.4048471576815]]}},{"type":"Feature","id":219519,"properties":{"OBJECTID":219519,"PRIMENAME":"Chestnut Street","ELEVTYP_F":0,"ELEVTYP_T":0},"geometry":{"type":"LineString","coordinates":[[-74.527525813004,39.3882381996304],[-74.5271292028597,39.3888814911695],[-74.5266893012784,39.389593899192],[-74.5265572922294,39.3898035602569]]}},{"type":"Feature","id":220331,"properties":{"OBJECTID":220331,"PRIMENAME":"Allen Lane","ELEVTYP_F":0,"ELEVTYP_T":0},"geometry":{"type":"LineString","coordinates":[[-74.5190323249112,39.4451250578061],[-74.5179915705718,39.4460272810123],[-74.5178901120751,39.4461152324038]]}},{"type":"Feature","id":220355,"properties":{"OBJECTID":220355,"PRIMENAME":"Richmond Avenue","ELEVTYP_F":0,"ELEVTYP_T":0},"geometry":{"type":"LineString","coordinates":[[-74.5212295206403,39.4064424752334],[-74.5233179418196,39.4073318862006]]}},{"type":"Feature","id":220443,"properties":{"OBJECTID":220443,"PRIMENAME":"Iowa Avenue","ELEVTYP_F":0,"ELEVTYP_T":0},"geometry":{"type":"LineString","coordinates":[[-74.5051082215833,39.4055824682917],[-74.5050453706077,39.4056643188643],[-74.5049691309551,39.4057737210226],[-74.5047376658402,39.4061058602015],[-74.5045909776887,39.4063106914698]]}},{"type":"Feature","id":220455,"properties":{"OBJECTID":220455,"PRIMENAME":"Linden Avenue","ELEVTYP_F":0,"ELEVTYP_T":0},"geometry":{"type":"LineString","coordinates":[[-74.5175788605636,39.3998611228363],[-74.5172322108596,39.4002444674908]]}},{"type":"Feature","id":220618,"properties":{"OBJECTID":220618,"PRIMENAME":"Linden Avenue","ELEVTYP_F":1,"ELEVTYP_T":1},"geometry":{"type":"LineString","coordinates":[[-74.5183917944425,39.3989477093206],[-74.5182896226099,39.3990642236634]]}},{"type":"Feature","id":220712,"properties":{"OBJECTID":220712,"PRIMENAME":"8th Avenue","ELEVTYP_F":0,"ELEVTYP_T":0},"geometry":{"type":"LineString","coordinates":[[-74.5213118228125,39.4411244111877],[-74.5213928183319,39.4410513894132],[-74.5217831470061,39.440722471953],[-74.5223552100542,39.4402186493089],[-74.522578139213,39.440024083579],[-74.5227051706951,39.439913212139],[-74.5229608951485,39.4396887607117],[-74.5230243665762,39.4396415643992],[-74.5232031776311,39.4395085990987]]}},{"type":"Feature","id":220918,"properties":{"OBJECTID":220918,"PRIMENAME":"Haddon Avenue","ELEVTYP_F":0,"ELEVTYP_T":0},"geometry":{"type":"LineString","coordinates":[[-74.5163559401193,39.4357116691623],[-74.5164203665308,39.4356464513194]]}},{"type":"Feature","id":220936,"properties":{"OBJECTID":220936,"PRIMENAME":"Washington Avenue","ELEVTYP_F":0,"ELEVTYP_T":0},"geometry":{"type":"LineString","coordinates":[[-74.4706292702465,39.4457020441413],[-74.470573655338,39.4458254184715],[-74.4703263969466,39.4463485633905]]}},{"type":"Feature","id":220987,"properties":{"OBJECTID":220987,"PRIMENAME":"East Fairway Lane","ELEVTYP_F":0,"ELEVTYP_T":0},"geometry":{"type":"LineString","coordinates":[[-74.4793531119509,39.4486834678913],[-74.4794875644296,39.4487009950442],[-74.4796205478436,39.4487243111996],[-74.4797516451326,39.4487533451272],[-74.4798804462112,39.4487880057819],[-74.4800065549392,39.4488281841068],[-74.4801295751781,39.4488737548323],[-74.4807025772756,39.4491803705224],[-74.4807794298949,39.4492224224884],[-74.4808608328806,39.4492589658846],[-74.4809461333231,39.4492897069353],[-74.4810346422772,39.4493143978007],[-74.4811256498664,39.4493328410841],[-74.4812184229603,39.4493448871294],[-74.4813122133069,39.4493504421292],[-74.4814062703171,39.4493494564174],[-74.4814998340905,39.4493419397813],[-74.4815800273863,39.4493237492251],[-74.481657528976,39.4492995408729],[-74.4817315882056,39.4492695497198],[-74.4818014915909,39.4492340648162]]}},{"type":"Feature","id":221428,"properties":{"OBJECTID":221428,"PRIMENAME":"Arbutus Avenue","ELEVTYP_F":0,"ELEVTYP_T":0},"geometry":{"type":"LineString","coordinates":[[-74.5268088365758,39.4487020228079],[-74.5265593320363,39.4485321755276],[-74.5258781081337,39.4480452533964],[-74.5257924563194,39.4479870377613]]}},{"type":"Feature","id":222135,"properties":{"OBJECTID":222135,"PRIMENAME":"West Delilah Road","ELEVTYP_F":0,"ELEVTYP_T":0},"geometry":{"type":"LineString","coordinates":[[-74.5285596845309,39.4114647411684],[-74.5283561099043,39.411376235855],[-74.5282747675492,39.4113414711957],[-74.528160341345,39.4112925683023],[-74.5280428353265,39.4112428201856],[-74.527610247323,39.4110596771643],[-74.5269680257443,39.4107772715191]]}},{"type":"Feature","id":222274,"properties":{"OBJECTID":222274,"PRIMENAME":"Martin Terrace","ELEVTYP_F":0,"ELEVTYP_T":0},"geometry":{"type":"LineString","coordinates":[[-74.5239064598,39.4024696560502],[-74.5242773802375,39.4026497218392],[-74.5246484807044,39.4028344264383],[-74.5247181069698,39.4028713400865]]}},{"type":"Feature","id":222736,"properties":{"OBJECTID":222736,"PRIMENAME":"Mallard Court","ELEVTYP_F":0,"ELEVTYP_T":0},"geometry":{"type":"LineString","coordinates":[[-74.5133320287555,39.4101725165196],[-74.5130463194039,39.410628840206]]}},{"type":"Feature","id":222844,"properties":{"OBJECTID":222844,"PRIMENAME":"Mill Road","ELEVTYP_F":0,"ELEVTYP_T":0},"geometry":{"type":"LineString","coordinates":[[-74.5271373927287,39.3989313518212],[-74.5270955580197,39.3992316931075],[-74.5270874076567,39.3992952845338]]}},{"type":"Feature","id":223438,"properties":{"OBJECTID":223438,"PRIMENAME":"East Pennsylvania Avenue","ELEVTYP_F":0,"ELEVTYP_T":0},"geometry":{"type":"LineString","coordinates":[[-74.4773433711039,39.4439107019896],[-74.4777770276482,39.4440348469642]]}},{"type":"Feature","id":223959,"properties":{"OBJECTID":223959,"PRIMENAME":"Chalfonte Avenue","ELEVTYP_F":0,"ELEVTYP_T":0},"geometry":{"type":"LineString","coordinates":[[-74.5293282219645,39.4036561297381],[-74.5298245558005,39.402930108589]]}},{"type":"Feature","id":223982,"properties":{"OBJECTID":223982,"PRIMENAME":"Wellington Avenue","ELEVTYP_F":0,"ELEVTYP_T":0},"geometry":{"type":"LineString","coordinates":[[-74.5184088597217,39.4024772732114],[-74.5183955160742,39.4024719758974],[-74.5177040213244,39.402196557235],[-74.5172440783461,39.4020133263889]]}},{"type":"Feature","id":224077,"properties":{"OBJECTID":224077,"PRIMENAME":"Saint James Avenue","ELEVTYP_F":0,"ELEVTYP_T":0},"geometry":{"type":"LineString","coordinates":[[-74.5121965932751,39.4333590202403],[-74.5121213156955,39.433398465962],[-74.5119365116273,39.4334940606787],[-74.5117632085446,39.4335567892124],[-74.5116207418963,39.4336075698248],[-74.511478271612,39.4336374571473],[-74.5113242278603,39.433688238538],[-74.5112009895247,39.433756919226],[-74.5110700710568,39.4338525073578],[-74.5109403595959,39.4339657220471]]}},{"type":"Feature","id":224205,"properties":{"OBJECTID":224205,"PRIMENAME":"6th Avenue","ELEVTYP_F":0,"ELEVTYP_T":0},"geometry":{"type":"LineString","coordinates":[[-74.4978451902753,39.4116485057298],[-74.4975589620494,39.4115280827109],[-74.4975427534477,39.4115225208202],[-74.4975256053198,39.4115190469657],[-74.4975079600992,39.4115177476333],[-74.4974902764787,39.4115186579641],[-74.4974730073467,39.411521759051],[-74.4974566021105,39.4115269635262],[-74.4974414834704,39.4115341407832],[-74.4974280462591,39.4115431052659],[-74.4974166330551,39.4115536245757],[-74.4974075411501,39.4115654248762],[-74.4974010028072,39.411578206206],[-74.4971137898826,39.4120460370986],[-74.4971019010194,39.4120704133965],[-74.4970953423021,39.4120959752811],[-74.4970943018902,39.4121220246367],[-74.4970988018831,39.4121478525332],[-74.4971087227058,39.4121727518377],[-74.4971237938164,39.4121960460401],[-74.4971436018342,39.4122170991622],[-74.4971676079572,39.4122353319733],[-74.4971951560895,39.4122502535181],[-74.4974202014481,39.412346103111]]}},{"type":"Feature","id":225706,"properties":{"OBJECTID":225706,"PRIMENAME":"East Adams Avenue","ELEVTYP_F":0,"ELEVTYP_T":0},"geometry":{"type":"LineString","coordinates":[[-74.5142933252753,39.3936176490005],[-74.5142942794706,39.3936170993925],[-74.5143450225441,39.3936110523514],[-74.5144309068955,39.3936231503434],[-74.5145793623571,39.3936746407348],[-74.5156531380582,39.3940804739612],[-74.5169691335841,39.3945801638175],[-74.5170174564537,39.3945978422506],[-74.5170818858235,39.3946214140641]]}},{"type":"Feature","id":225884,"properties":{"OBJECTID":225884,"PRIMENAME":"Lake Place","ELEVTYP_F":0,"ELEVTYP_T":0},"geometry":{"type":"LineString","coordinates":[[-74.5222012963279,39.3954017713466],[-74.521081240263,39.3949726419818]]}},{"type":"Feature","id":226074,"properties":{"OBJECTID":226074,"PRIMENAME":"Atlantic Avenue","ELEVTYP_F":0,"ELEVTYP_T":0},"geometry":{"type":"LineString","coordinates":[[-74.5103346882066,39.4045660788972],[-74.5093327154857,39.4041399694649],[-74.5076638627584,39.4034288579479]]}},{"type":"Feature","id":226445,"properties":{"OBJECTID":226445,"PRIMENAME":"West Adams Avenue","ELEVTYP_F":0,"ELEVTYP_T":0},"geometry":{"type":"LineString","coordinates":[[-74.5280867342868,39.398799813649],[-74.5282434247502,39.3988618275759],[-74.5296704178266,39.3993944319594]]}},{"type":"Feature","id":226900,"properties":{"OBJECTID":226900,"PRIMENAME":"East Grant Avenue","ELEVTYP_F":0,"ELEVTYP_T":0},"geometry":{"type":"LineString","coordinates":[[-74.5192875518364,39.3914847596003],[-74.5187799699518,39.3912776278031],[-74.5184870910262,39.3911504135044],[-74.5184272115179,39.3911217855162]]}},{"type":"Feature","id":227251,"properties":{"OBJECTID":227251,"PRIMENAME":"Franklin Avenue","ELEVTYP_F":0,"ELEVTYP_T":0},"geometry":{"type":"LineString","coordinates":[[-74.5173670465014,39.3942037967704],[-74.517183166674,39.3944973502825],[-74.5170928875051,39.3946083156539],[-74.5170818858235,39.3946214140641]]}},{"type":"Feature","id":227383,"properties":{"OBJECTID":227383,"PRIMENAME":"Linden Avenue","ELEVTYP_F":0,"ELEVTYP_T":0},"geometry":{"type":"LineString","coordinates":[[-74.5216695740464,39.3940344794691],[-74.521081240263,39.3949726419818]]}},{"type":"Feature","id":227963,"properties":{"OBJECTID":227963,"PRIMENAME":"West Washington Avenue","ELEVTYP_F":0,"ELEVTYP_T":0},"geometry":{"type":"LineString","coordinates":[[-74.5267258879337,39.3934886627046],[-74.5274283317693,39.3937509558133],[-74.5278542309144,39.3939079612277]]}},{"type":"Feature","id":228035,"properties":{"OBJECTID":228035,"PRIMENAME":"Brighton Avenue","ELEVTYP_F":0,"ELEVTYP_T":0},"geometry":{"type":"LineString","coordinates":[[-74.5166890934906,39.400853286206],[-74.5168055747678,39.4009097471057],[-74.5172053073939,39.4010746473847],[-74.5174264455895,39.4011669783376],[-74.5179452789024,39.4013747454093],[-74.5185491677748,39.4016187674715],[-74.5190084756896,39.4018034480716],[-74.5197867621796,39.402126619267],[-74.5200988855889,39.4022528916926],[-74.5203469445275,39.4023532448825],[-74.5203736391007,39.4023640444433],[-74.5207606456603,39.4025223453179],[-74.521134909143,39.4026674405425],[-74.5212193610763,39.4027016079435]]}},{"type":"Feature","id":228063,"properties":{"OBJECTID":228063,"PRIMENAME":"East Redwood Avenue","ELEVTYP_F":0,"ELEVTYP_T":0},"geometry":{"type":"LineString","coordinates":[[-74.5033119841727,39.4119484886228],[-74.5021834252567,39.4115252186784]]}},{"type":"Feature","id":228239,"properties":{"OBJECTID":228239,"PRIMENAME":"Linden Avenue","ELEVTYP_F":0,"ELEVTYP_T":0},"geometry":{"type":"LineString","coordinates":[[-74.5153092335627,39.4024034800344],[-74.5148031624941,39.4029719225583],[-74.5138253547047,39.4040673391103],[-74.513751685461,39.4041495253862]]}},{"type":"Feature","id":228416,"properties":{"OBJECTID":228416,"PRIMENAME":"Madison Avenue","ELEVTYP_F":0,"ELEVTYP_T":0},"geometry":{"type":"LineString","coordinates":[[-74.5211432917853,39.3912825217408],[-74.5208426968395,39.3916594943395],[-74.5206461655882,39.3919059625455],[-74.5205410855393,39.3920377400548]]}},{"type":"Feature","id":228436,"properties":{"OBJECTID":228436,"PRIMENAME":"Aschwind Court","ELEVTYP_F":0,"ELEVTYP_T":0},"geometry":{"type":"LineString","coordinates":[[-74.522710998287,39.449460170912],[-74.52300121464,39.449663803623]]}},{"type":"Feature","id":228968,"properties":{"OBJECTID":228968,"PRIMENAME":"Mill Road","ELEVTYP_F":0,"ELEVTYP_T":0},"geometry":{"type":"LineString","coordinates":[[-74.524946081274,39.4157215128535],[-74.5249454365979,39.4157276339349],[-74.5248577991275,39.4163672799607],[-74.524834730887,39.4165356598976]]}},{"type":"Feature","id":229052,"properties":{"OBJECTID":229052,"PRIMENAME":"Oneida Avenue","ELEVTYP_F":0,"ELEVTYP_T":0},"geometry":{"type":"LineString","coordinates":[[-74.5292250596774,39.400103857205],[-74.5295365002122,39.4002217865081],[-74.5311104647311,39.40082426686],[-74.5311967589274,39.4008568897661]]}},{"type":"Feature","id":229096,"properties":{"OBJECTID":229096,"PRIMENAME":"Amy Lane","ELEVTYP_F":0,"ELEVTYP_T":0},"geometry":{"type":"LineString","coordinates":[[-74.4903954605607,39.4340394789087],[-74.4901434694074,39.4340658160912],[-74.4899562708101,39.4340883966056],[-74.4897898580789,39.4341044992029],[-74.4895902352317,39.434114146178],[-74.4893281883456,39.4341334517654],[-74.4892286950791,39.4341386861434]]}},{"type":"Feature","id":229405,"properties":{"OBJECTID":229405,"PRIMENAME":"South Edgeley Avenue","ELEVTYP_F":0,"ELEVTYP_T":0},"geometry":{"type":"LineString","coordinates":[[-74.5247118899085,39.3858546639917],[-74.5241318273167,39.386758877512]]}},{"type":"Feature","id":229428,"properties":{"OBJECTID":229428,"PRIMENAME":"Larchmont Drive","ELEVTYP_F":0,"ELEVTYP_T":0},"geometry":{"type":"LineString","coordinates":[[-74.5040355385543,39.4113837955102],[-74.5040002125496,39.4113715233071],[-74.5038482498236,39.4113067193534],[-74.5037472035574,39.4112636282979],[-74.5035954254014,39.4111883747062],[-74.5034773449958,39.4111197092775],[-74.5033846067148,39.411051015969],[-74.5032918328559,39.4109627184371],[-74.5032285780563,39.4108744200137],[-74.5031822071691,39.4107959236192],[-74.5031693228424,39.4107628384205],[-74.5031425252498,39.4106940881495],[-74.5031285065338,39.4106373911579],[-74.5031191965792,39.4106048003967],[-74.5031145229991,39.410587914991],[-74.5030954441043,39.4105414863705],[-74.5030780635432,39.4105082094091],[-74.5030248618679,39.4104379500601]]}},{"type":"Feature","id":229624,"properties":{"OBJECTID":229624,"PRIMENAME":"West Delilah Road","ELEVTYP_F":0,"ELEVTYP_T":0},"geometry":{"type":"LineString","coordinates":[[-74.5201865233591,39.4078674068943],[-74.5193218707434,39.4074988949759],[-74.5183770165134,39.4070959597364],[-74.5176491151871,39.4067841506943]]}},{"type":"Feature","id":230240,"properties":{"OBJECTID":230240,"PRIMENAME":"Wesley Avenue","ELEVTYP_F":0,"ELEVTYP_T":0},"geometry":{"type":"LineString","coordinates":[[-74.5286740533021,39.3978705408516],[-74.5280130442115,39.3976219178867],[-74.5271244949683,39.397283424381]]}},{"type":"Feature","id":230436,"properties":{"OBJECTID":230436,"PRIMENAME":"Walnut Avenue","ELEVTYP_F":0,"ELEVTYP_T":0},"geometry":{"type":"LineString","coordinates":[[-74.5103998783249,39.3987054335907],[-74.5099895587225,39.3985407026425]]}},{"type":"Feature","id":230448,"properties":{"OBJECTID":230448,"PRIMENAME":"South Franklin Boulevard","ELEVTYP_F":0,"ELEVTYP_T":0},"geometry":{"type":"LineString","coordinates":[[-74.5221679481256,39.386627050735],[-74.5220019500808,39.3869155553149]]}},{"type":"Feature","id":230468,"properties":{"OBJECTID":230468,"PRIMENAME":"East Redwood Avenue","ELEVTYP_F":0,"ELEVTYP_T":0},"geometry":{"type":"LineString","coordinates":[[-74.5010254329015,39.4110909004947],[-74.5008844184385,39.411037992161],[-74.4998687635992,39.4106747462329]]}},{"type":"Feature","id":232004,"properties":{"OBJECTID":232004,"PRIMENAME":"Linden Avenue","ELEVTYP_F":0,"ELEVTYP_T":0},"geometry":{"type":"LineString","coordinates":[[-74.5160458038153,39.4015766911526],[-74.515912923089,39.4017257698234],[-74.5156109323148,39.4020645713016],[-74.5153092335627,39.4024034800344]]}},{"type":"Feature","id":232500,"properties":{"OBJECTID":232500,"PRIMENAME":"Cayuga Avenue","ELEVTYP_F":0,"ELEVTYP_T":0},"geometry":{"type":"LineString","coordinates":[[-74.5277059389721,39.4011807168819],[-74.5283550240637,39.4014417276846]]}},{"type":"Feature","id":232883,"properties":{"OBJECTID":232883,"PRIMENAME":"Old Shore Road","ELEVTYP_F":0,"ELEVTYP_T":0},"geometry":{"type":"LineString","coordinates":[[-74.4788493840699,39.4401733258044],[-74.4788821453675,39.4402678641225],[-74.4788977080499,39.4403252225087],[-74.4788937963622,39.440379558789],[-74.4788898710115,39.4404791421104],[-74.4788625432944,39.440687420377],[-74.4788391572197,39.44085341773],[-74.4788079174174,39.441116004317],[-74.4788059633595,39.4411390094185],[-74.4787922814095,39.4413001234941],[-74.4787893708688,39.4413511062767],[-74.4787805691205,39.441505358062],[-74.478745433435,39.441767943892],[-74.4787065390279,39.4420425006031]]}},{"type":"Feature","id":233274,"properties":{"OBJECTID":233274,"PRIMENAME":"Martin Luther King Jr Avenue","ELEVTYP_F":0,"ELEVTYP_T":0},"geometry":{"type":"LineString","coordinates":[[-74.5252032572341,39.3944534145513],[-74.5246028288668,39.3941778239692],[-74.5243948286913,39.3940808087969]]}},{"type":"Feature","id":233376,"properties":{"OBJECTID":233376,"PRIMENAME":"Florence Avenue","ELEVTYP_F":0,"ELEVTYP_T":0},"geometry":{"type":"LineString","coordinates":[[-74.5143979244169,39.3881013319313],[-74.5144901354619,39.3879438570021],[-74.5147503268108,39.3875245894651],[-74.5151484861948,39.386845207547],[-74.5152036632743,39.3867531650457]]}},{"type":"Feature","id":235006,"properties":{"OBJECTID":235006,"PRIMENAME":"West Plaza Place","ELEVTYP_F":0,"ELEVTYP_T":0},"geometry":{"type":"LineString","coordinates":[[-74.5123997816153,39.3848284596564],[-74.5119457925697,39.3856114605401],[-74.5116938724148,39.3860346747497],[-74.5116702494559,39.3861111987621],[-74.5116623740432,39.3861999388181]]}},{"type":"Feature","id":235587,"properties":{"OBJECTID":235587,"PRIMENAME":"East Brown Avenue","ELEVTYP_F":0,"ELEVTYP_T":0},"geometry":{"type":"LineString","coordinates":[[-74.4819700766872,39.4437155004433],[-74.4829834461998,39.4440021875109],[-74.4837597463252,39.4442332609361],[-74.4838724271791,39.4442668006597]]}},{"type":"Feature","id":235843,"properties":{"OBJECTID":235843,"PRIMENAME":"Arbutus Avenue","ELEVTYP_F":0,"ELEVTYP_T":0},"geometry":{"type":"LineString","coordinates":[[-74.5257924563194,39.4479870377613],[-74.5255981646401,39.447854878959],[-74.5250133803043,39.4474547752923],[-74.5244970731217,39.4471028675676],[-74.5240802261232,39.4467991782195],[-74.5237682187155,39.4465811199972]]}},{"type":"Feature","id":236142,"properties":{"OBJECTID":236142,"PRIMENAME":"West Belmar Avenue","ELEVTYP_F":0,"ELEVTYP_T":0},"geometry":{"type":"LineString","coordinates":[[-74.474425723707,39.4467809588477],[-74.4762309840395,39.4472664547171]]}},{"type":"Feature","id":236181,"properties":{"OBJECTID":236181,"PRIMENAME":"South Wood Lane","ELEVTYP_F":0,"ELEVTYP_T":0},"geometry":{"type":"LineString","coordinates":[[-74.5196899497882,39.4455807234086],[-74.5186258428248,39.4465080631647],[-74.5185466425297,39.4465770822218]]}},{"type":"Feature","id":236265,"properties":{"OBJECTID":236265,"PRIMENAME":"Ambassador Avenue","ELEVTYP_F":0,"ELEVTYP_T":0},"geometry":{"type":"LineString","coordinates":[[-74.5058034343704,39.4355200136631],[-74.5058146221534,39.4355048571779],[-74.5058846527195,39.4354396448872],[-74.5060574622816,39.4352911241456],[-74.5063657280054,39.4350230788202],[-74.5064626292674,39.4349386443732]]}},{"type":"Feature","id":236334,"properties":{"OBJECTID":236334,"PRIMENAME":"Plum Street","ELEVTYP_F":0,"ELEVTYP_T":0},"geometry":{"type":"LineString","coordinates":[[-74.5271377297275,39.4184657605568],[-74.5270038884798,39.4186515349889],[-74.5269334236614,39.4187791416217],[-74.5267878505217,39.4190234273081],[-74.5265858531046,39.4193661300587],[-74.5264449578609,39.4196286734474],[-74.5263510342026,39.4197927197117],[-74.5263254112632,39.419825860556],[-74.526266471331,39.4199020978092],[-74.5262039905629,39.4199762648891]]}},{"type":"Feature","id":237400,"properties":{"OBJECTID":237400,"PRIMENAME":"South MacArthur Avenue","ELEVTYP_F":0,"ELEVTYP_T":0},"geometry":{"type":"LineString","coordinates":[[-74.499887713736,39.4470388663395],[-74.4998985851011,39.4470489426556],[-74.4999180273692,39.4470851853049],[-74.499925817508,39.4471183796498],[-74.4999219217736,39.4471787564128],[-74.4998323969037,39.4476375236921],[-74.4997350429971,39.4482019434142],[-74.499723391554,39.4482713803478],[-74.4997117053676,39.4483075950217],[-74.4997000180456,39.448334776512],[-74.4996649946685,39.4483528707065]]}},{"type":"Feature","id":237466,"properties":{"OBJECTID":237466,"PRIMENAME":"Mill Road","ELEVTYP_F":0,"ELEVTYP_T":0},"geometry":{"type":"LineString","coordinates":[[-74.5250948163995,39.4144217446009],[-74.5250429429939,39.4148005724224],[-74.5249614295469,39.4155755698795]]}},{"type":"Feature","id":237765,"properties":{"OBJECTID":237765,"PRIMENAME":"South Franklin Boulevard","ELEVTYP_F":0,"ELEVTYP_T":0},"geometry":{"type":"LineString","coordinates":[[-74.5223164699456,39.3863689163157],[-74.5226315936019,39.3858451477546]]}},{"type":"Feature","id":238347,"properties":{"OBJECTID":238347,"PRIMENAME":"East Lindley Avenue","ELEVTYP_F":0,"ELEVTYP_T":0},"geometry":{"type":"LineString","coordinates":[[-74.5091252100169,39.406807167123],[-74.5089452266848,39.4067270358088],[-74.5081230499434,39.4063804024786],[-74.5061963144982,39.4055563587888],[-74.5053868700071,39.4052044068511]]}},{"type":"Feature","id":238356,"properties":{"OBJECTID":238356,"PRIMENAME":"North Main Street","ELEVTYP_F":0,"ELEVTYP_T":0},"geometry":{"type":"LineString","coordinates":[[-74.5175915628548,39.3973156234476],[-74.5172001416072,39.3971885857502],[-74.5170168519766,39.3971175311669]]}},{"type":"Feature","id":238364,"properties":{"OBJECTID":238364,"PRIMENAME":"East Ocean Avenue","ELEVTYP_F":0,"ELEVTYP_T":0},"geometry":{"type":"LineString","coordinates":[[-74.4684837578265,39.445814547881],[-74.4682310157809,39.4457429000465],[-74.4678114310376,39.4456304337662],[-74.4672469627938,39.4454687507886],[-74.467008488801,39.4454078400022],[-74.4667187148084,39.4453258273159],[-74.4667032032003,39.4453213720416],[-74.4663353592408,39.4452157000272],[-74.4659007362799,39.4450891916858],[-74.4655777545026,39.4449931094841],[-74.4651883483885,39.44488061473],[-74.4650223249638,39.444833779356],[-74.464905477583,39.4447961773433],[-74.4648985810478,39.4447939575014],[-74.4647979605977,39.444761278625]]}},{"type":"Feature","id":238511,"properties":{"OBJECTID":238511,"PRIMENAME":"Pleasant Acres Road","ELEVTYP_F":0,"ELEVTYP_T":0},"geometry":{"type":"LineString","coordinates":[[-74.5173681349793,39.405005812299],[-74.5165027876865,39.4047137439913],[-74.5164908043974,39.4047025928516],[-74.5164836131431,39.4046914401308],[-74.5164829997412,39.4046900845096]]}},{"type":"Feature","id":238917,"properties":{"OBJECTID":238917,"PRIMENAME":"6th Avenue","ELEVTYP_F":0,"ELEVTYP_T":0},"geometry":{"type":"LineString","coordinates":[[-74.5234957024366,39.446386161986],[-74.5223949182171,39.4473355994901],[-74.5223064094301,39.4474112581538]]}},{"type":"Feature","id":239485,"properties":{"OBJECTID":239485,"PRIMENAME":"East Elm Avenue","ELEVTYP_F":0,"ELEVTYP_T":0},"geometry":{"type":"LineString","coordinates":[[-74.492325442827,39.4462257411132],[-74.4907501680406,39.4460529267643]]}},{"type":"Feature","id":240025,"properties":{"OBJECTID":240025,"PRIMENAME":"Unnamed Segment","ELEVTYP_F":0,"ELEVTYP_T":0},"geometry":{"type":"LineString","coordinates":[[-74.5176491151871,39.4067841506943],[-74.5177589413036,39.4065771529935],[-74.5178111070696,39.4064450963804],[-74.5178519158236,39.4062743051742]]}},{"type":"Feature","id":240029,"properties":{"OBJECTID":240029,"PRIMENAME":"South Franklin Boulevard","ELEVTYP_F":0,"ELEVTYP_T":0},"geometry":{"type":"LineString","coordinates":[[-74.5220019500808,39.3869155553149],[-74.5219066104734,39.3870813008024],[-74.5218990421652,39.3870938225229]]}},{"type":"Feature","id":240467,"properties":{"OBJECTID":240467,"PRIMENAME":"Saint James Avenue","ELEVTYP_F":0,"ELEVTYP_T":0},"geometry":{"type":"LineString","coordinates":[[-74.5126340763555,39.4330536146064],[-74.5124370665764,39.4331953656546],[-74.5122638122141,39.4333237973614],[-74.5121965932751,39.4333590202403]]}},{"type":"Feature","id":241246,"properties":{"OBJECTID":241246,"PRIMENAME":"Amy Lane","ELEVTYP_F":0,"ELEVTYP_T":0},"geometry":{"type":"LineString","coordinates":[[-74.4892286950791,39.4341386861434],[-74.4889580097742,39.4341528005984],[-74.4886418586781,39.4341850322519],[-74.4884047730235,39.4342075774633],[-74.4881989790257,39.4342176916521],[-74.4881427265496,39.4342204558872],[-74.4877559022694,39.434259129425],[-74.487581202697,39.4342752550135],[-74.4874938566369,39.4342655530688],[-74.4874314723298,39.4342526424122],[-74.4874015918803,39.4342385542999]]}},{"type":"Feature","id":242335,"properties":{"OBJECTID":242335,"PRIMENAME":"Ocean Avenue","ELEVTYP_F":0,"ELEVTYP_T":0},"geometry":{"type":"LineString","coordinates":[[-74.4998687635992,39.4106747462329],[-74.499223223121,39.4117019189841],[-74.4991618471344,39.411801366165]]}},{"type":"Feature","id":242442,"properties":{"OBJECTID":242442,"PRIMENAME":"McConnell Drive","ELEVTYP_F":0,"ELEVTYP_T":0},"geometry":{"type":"LineString","coordinates":[[-74.5046800004747,39.4075184171713],[-74.5042908808093,39.407960317152],[-74.5041007243521,39.4081748969138]]}},{"type":"Feature","id":244870,"properties":{"OBJECTID":244870,"PRIMENAME":"Saint Charles Avenue","ELEVTYP_F":0,"ELEVTYP_T":0},"geometry":{"type":"LineString","coordinates":[[-74.5128493305766,39.4352881831059],[-74.5127447894141,39.4353791031456]]}},{"type":"Feature","id":245279,"properties":{"OBJECTID":245279,"PRIMENAME":"Biscayne Avenue","ELEVTYP_F":0,"ELEVTYP_T":0},"geometry":{"type":"LineString","coordinates":[[-74.4890150577927,39.4395142391377],[-74.4891553772678,39.4395590615661],[-74.4894170735905,39.4396495815692],[-74.4896363178551,39.4397236234267],[-74.4898273048001,39.4397976903274],[-74.4898766026606,39.4398211306714],[-74.4899369245705,39.4398498118865],[-74.4900394978584,39.4399073969752],[-74.4901455746983,39.4399759647904],[-74.4903223937911,39.4400966504378],[-74.4904921315389,39.4402090974444],[-74.4907114026215,39.4403654241984],[-74.4908988091472,39.440497065302],[-74.4912064935509,39.4407110012755],[-74.4914341771696,39.4408712862926],[-74.4914363552484,39.4408728187089],[-74.4915070608415,39.4409331457733],[-74.4915353848013,39.4409660674692],[-74.4915601319453,39.4410072266885]]}},{"type":"Feature","id":245732,"properties":{"OBJECTID":245732,"PRIMENAME":"North Main Street","ELEVTYP_F":0,"ELEVTYP_T":0},"geometry":{"type":"LineString","coordinates":[[-74.5055285642669,39.4108375419529],[-74.5055181592798,39.410849156485],[-74.5054581356559,39.410922330549],[-74.505389547955,39.4110287553745],[-74.5052823860701,39.4112016809051],[-74.5052179038226,39.4113055525655]]}},{"type":"Feature","id":246298,"properties":{"OBJECTID":246298,"PRIMENAME":"Walnut Avenue","ELEVTYP_F":0,"ELEVTYP_T":0},"geometry":{"type":"LineString","coordinates":[[-74.514775064942,39.4004694280705],[-74.5144161491617,39.4003194226703],[-74.5133031357735,39.3998682248037],[-74.5127050853273,39.3996293093796]]}},{"type":"Feature","id":246789,"properties":{"OBJECTID":246789,"PRIMENAME":"Biscayne Avenue","ELEVTYP_F":0,"ELEVTYP_T":0},"geometry":{"type":"LineString","coordinates":[[-74.4827263412696,39.4373315734804],[-74.4830303976993,39.437452206216],[-74.4837729898458,39.4377128462723],[-74.4841902794119,39.4378609759437],[-74.4856189446697,39.438352053669],[-74.4870724141793,39.4388540711633],[-74.4876595442694,39.4390567044538]]}},{"type":"Feature","id":247731,"properties":{"OBJECTID":247731,"PRIMENAME":"Marlborough Avenue","ELEVTYP_F":0,"ELEVTYP_T":0},"geometry":{"type":"LineString","coordinates":[[-74.5095909697175,39.4351559108123],[-74.5094451149264,39.4350561188292],[-74.5092952942179,39.434952703068]]}},{"type":"Feature","id":248194,"properties":{"OBJECTID":248194,"PRIMENAME":"Spruce Avenue","ELEVTYP_F":0,"ELEVTYP_T":0},"geometry":{"type":"LineString","coordinates":[[-74.525708954118,39.3936521482696],[-74.5259850860019,39.3932146211194]]}},{"type":"Feature","id":249822,"properties":{"OBJECTID":249822,"PRIMENAME":"South Pitney Road","ELEVTYP_F":0,"ELEVTYP_T":0},"geometry":{"type":"LineString","coordinates":[[-74.4966347244863,39.4480528890202],[-74.4965187860321,39.4487258594902],[-74.4964971735684,39.4488513153941],[-74.4964608634244,39.4490659127066]]}},{"type":"Feature","id":250211,"properties":{"OBJECTID":250211,"PRIMENAME":"West Bayview Avenue","ELEVTYP_F":0,"ELEVTYP_T":0},"geometry":{"type":"LineString","coordinates":[[-74.5281944395578,39.387150180978],[-74.5275159432566,39.3868932679397],[-74.5270305649097,39.3867113163064]]}},{"type":"Feature","id":250676,"properties":{"OBJECTID":250676,"PRIMENAME":"South Seaview Avenue","ELEVTYP_F":0,"ELEVTYP_T":0},"geometry":{"type":"LineString","coordinates":[[-74.491556213808,39.4414849119027],[-74.4915282227708,39.441626969167],[-74.4913972547285,39.4423728933285],[-74.4913434301587,39.4426631306038]]}},{"type":"Feature","id":251061,"properties":{"OBJECTID":251061,"PRIMENAME":"Sassafras Run","ELEVTYP_F":0,"ELEVTYP_T":0},"geometry":{"type":"LineString","coordinates":[[-74.51957573638,39.4087478238474],[-74.5194620470439,39.4087017912156],[-74.5181062410814,39.4081528117693],[-74.5180507249357,39.4081333072191],[-74.5179927274585,39.4081187808594],[-74.5179329895311,39.4081094190383],[-74.5177970638996,39.4081032387908],[-74.5177681469236,39.4081000084305],[-74.5177403414347,39.4080930557786],[-74.5177144382616,39.4080825743879],[-74.5165167407735,39.4075668314143]]}},{"type":"Feature","id":251119,"properties":{"OBJECTID":251119,"PRIMENAME":"6th Avenue","ELEVTYP_F":0,"ELEVTYP_T":0},"geometry":{"type":"LineString","coordinates":[[-74.5211762421693,39.4483885854415],[-74.521075765246,39.4484777815949],[-74.5201640127363,39.4492569335426],[-74.5199260581799,39.4494685805071],[-74.519861438854,39.4495260578301],[-74.5193623922095,39.4499524562024]]}},{"type":"Feature","id":251658,"properties":{"OBJECTID":251658,"PRIMENAME":"Linden Avenue","ELEVTYP_F":0,"ELEVTYP_T":0},"geometry":{"type":"LineString","coordinates":[[-74.5166890934906,39.400853286206],[-74.5164696651018,39.4011011401921],[-74.516417476583,39.4011596952816],[-74.5160458038153,39.4015766911526]]}},{"type":"Feature","id":251707,"properties":{"OBJECTID":251707,"PRIMENAME":"Haddon Avenue","ELEVTYP_F":0,"ELEVTYP_T":0},"geometry":{"type":"LineString","coordinates":[[-74.5149780028194,39.4369198535492],[-74.5150796397394,39.4368260763742]]}},{"type":"Feature","id":251726,"properties":{"OBJECTID":251726,"PRIMENAME":"West Reading Avenue","ELEVTYP_F":0,"ELEVTYP_T":0},"geometry":{"type":"LineString","coordinates":[[-74.5153092335627,39.4024034800344],[-74.5163390144106,39.4028080761911],[-74.516479953892,39.4028641502176]]}},{"type":"Feature","id":251838,"properties":{"OBJECTID":251838,"PRIMENAME":"Iowa Avenue","ELEVTYP_F":0,"ELEVTYP_T":0},"geometry":{"type":"LineString","coordinates":[[-74.5058926303826,39.4044800792532],[-74.505833674902,39.4045653891524],[-74.5053868700071,39.4052044068511]]}},{"type":"Feature","id":251873,"properties":{"OBJECTID":251873,"PRIMENAME":"West Delilah Road","ELEVTYP_F":0,"ELEVTYP_T":0},"geometry":{"type":"LineString","coordinates":[[-74.5269680257443,39.4107772715191],[-74.5269082476501,39.4107509837503],[-74.5267125165556,39.4106620422509],[-74.5264796873827,39.4105626478593],[-74.5260105267747,39.4103585869634],[-74.5256521412071,39.4102180342532]]}},{"type":"Feature","id":252088,"properties":{"OBJECTID":252088,"PRIMENAME":"North Main Street","ELEVTYP_F":0,"ELEVTYP_T":0},"geometry":{"type":"LineString","coordinates":[[-74.5130807917764,39.4023628690164],[-74.5128259261647,39.4026479232146],[-74.5126542462145,39.4028421425509]]}},{"type":"Feature","id":252222,"properties":{"OBJECTID":252222,"PRIMENAME":"Turner Avenue","ELEVTYP_F":0,"ELEVTYP_T":0},"geometry":{"type":"LineString","coordinates":[[-74.4972328018278,39.4199587635924],[-74.4970297870748,39.419945825799]]}},{"type":"Feature","id":252868,"properties":{"OBJECTID":252868,"PRIMENAME":"Yale Avenue","ELEVTYP_F":0,"ELEVTYP_T":0},"geometry":{"type":"LineString","coordinates":[[-74.479495358797,39.4445310105465],[-74.4798292098349,39.4438341171491]]}},{"type":"Feature","id":253630,"properties":{"OBJECTID":253630,"PRIMENAME":"Pacific Avenue","ELEVTYP_F":0,"ELEVTYP_T":0},"geometry":{"type":"LineString","coordinates":[[-74.5071734138326,39.4041229623892],[-74.5080047985937,39.4044802278029],[-74.5099610092081,39.4053173350451],[-74.5103171099024,39.4054655148696]]}},{"type":"Feature","id":253728,"properties":{"OBJECTID":253728,"PRIMENAME":"Cayuga Avenue","ELEVTYP_F":0,"ELEVTYP_T":0},"geometry":{"type":"LineString","coordinates":[[-74.5283550240637,39.4014417276846],[-74.5285113320588,39.401504592574],[-74.528804874416,39.4016329612946],[-74.5290382004625,39.4017146412736],[-74.5292602701977,39.4017934140208],[-74.5294221062737,39.4018693181209],[-74.5295689341248,39.4019363844272],[-74.5297984832789,39.4020385192754],[-74.530204936437,39.4021931319033],[-74.53029852582,39.4022308602265]]}},{"type":"Feature","id":253886,"properties":{"OBJECTID":253886,"PRIMENAME":"Woodland Avenue","ELEVTYP_F":0,"ELEVTYP_T":0},"geometry":{"type":"LineString","coordinates":[[-74.5278774308468,39.4021398980398],[-74.5282632829083,39.4022928748144],[-74.5290988178083,39.4026371665606],[-74.5298245558005,39.402930108589]]}},{"type":"Feature","id":254269,"properties":{"OBJECTID":254269,"PRIMENAME":"North Main Street","ELEVTYP_F":0,"ELEVTYP_T":0},"geometry":{"type":"LineString","coordinates":[[-74.5126542462145,39.4028421425509],[-74.5121271691557,39.4034384167943]]}},{"type":"Feature","id":255184,"properties":{"OBJECTID":255184,"PRIMENAME":"Orchard Drive","ELEVTYP_F":0,"ELEVTYP_T":0},"geometry":{"type":"LineString","coordinates":[[-74.5158383708325,39.4095851171793],[-74.5154887200996,39.4095501699053],[-74.5154381794676,39.4095414550588],[-74.515390230442,39.4095263072202],[-74.514265790499,39.4090823929748],[-74.5142430174514,39.4090743651148],[-74.5142220693146,39.4090637625349],[-74.5142034233987,39.4090508310966],[-74.5141875036069,39.4090358644108],[-74.5141746792734,39.409019202937],[-74.5141652407788,39.4090012339855],[-74.5140359201233,39.4086892955773]]}},{"type":"Feature","id":255387,"properties":{"OBJECTID":255387,"PRIMENAME":"East Woodland Avenue","ELEVTYP_F":0,"ELEVTYP_T":0},"geometry":{"type":"LineString","coordinates":[[-74.4977391994044,39.4416082010216],[-74.4976367615969,39.4415773845221],[-74.4976050379125,39.4415678408299],[-74.4975632381274,39.4415646583474],[-74.4975212964361,39.4415664491474],[-74.4974802003217,39.4415731727153],[-74.4974409035814,39.4415846750366],[-74.4974043263276,39.4416006813905],[-74.4973713189731,39.441620822472],[-74.497335641823,39.4416426425686],[-74.4972964644356,39.4416604891573],[-74.4972545129251,39.4416740289567],[-74.4972105749779,39.4416830115611],[-74.4971654684846,39.4416872658368],[-74.4968836964119,39.4416581277594],[-74.4968340735449,39.4416505687332],[-74.4967860181098,39.44163835441],[-74.4967402527181,39.4416216685745],[-74.4966974697705,39.441600764373],[-74.4966504746852,39.4415724176493],[-74.4965992331947,39.4415489116659],[-74.4965445643099,39.4415306229747],[-74.4964873555856,39.4415178452576],[-74.4964285166517,39.4415107821189],[-74.4963689989638,39.4415095461854],[-74.4945205930682,39.4413376035558],[-74.4944499683572,39.441376702009]]}},{"type":"Feature","id":256023,"properties":{"OBJECTID":256023,"PRIMENAME":"Whalers Drive","ELEVTYP_F":0,"ELEVTYP_T":0},"geometry":{"type":"LineString","coordinates":[[-74.5132876232282,39.4138792969313],[-74.5131384449574,39.4141473680323],[-74.5131297460354,39.4141616899538],[-74.5131241340102,39.4141769078236],[-74.5131217551341,39.414192630678],[-74.5131226650737,39.4142084432414],[-74.513126844013,39.4142239392546],[-74.5131965565295,39.4144070930932],[-74.5132002421548,39.4144298676335],[-74.5131993395039,39.4144528093425],[-74.5131938705335,39.4144753678282],[-74.513183971009,39.4144969971889],[-74.5129675551887,39.4148740437645],[-74.5129451804629,39.4149130257262],[-74.5129434158397,39.4149161057619]]}},{"type":"Feature","id":256098,"properties":{"OBJECTID":256098,"PRIMENAME":"Belmont Avenue","ELEVTYP_F":0,"ELEVTYP_T":0},"geometry":{"type":"LineString","coordinates":[[-74.5283550240637,39.4014417276846],[-74.5281689837399,39.4017177934073],[-74.5278774308468,39.4021398980398]]}},{"type":"Feature","id":256147,"properties":{"OBJECTID":256147,"PRIMENAME":"Tunis Avenue","ELEVTYP_F":0,"ELEVTYP_T":0},"geometry":{"type":"LineString","coordinates":[[-74.5234585503806,39.3878682616593],[-74.5225010424714,39.3875269734659],[-74.5221320910607,39.3873956419437],[-74.5217900131049,39.3872738761775]]}},{"type":"Feature","id":256267,"properties":{"OBJECTID":256267,"PRIMENAME":"Bay Drive","ELEVTYP_F":0,"ELEVTYP_T":0},"geometry":{"type":"LineString","coordinates":[[-74.5191709462174,39.3866565909146],[-74.5183654570711,39.3863680694106]]}},{"type":"Feature","id":256651,"properties":{"OBJECTID":256651,"PRIMENAME":"Tunis Avenue","ELEVTYP_F":0,"ELEVTYP_T":0},"geometry":{"type":"LineString","coordinates":[[-74.5199661443328,39.3869417864234],[-74.5192148605637,39.3866723162395],[-74.5191709462174,39.3866565909146]]}},{"type":"Feature","id":256899,"properties":{"OBJECTID":256899,"PRIMENAME":"Aschwind Court","ELEVTYP_F":0,"ELEVTYP_T":0},"geometry":{"type":"LineString","coordinates":[[-74.5211762421693,39.4483885854415],[-74.5212894751936,39.4484680266837],[-74.5219674899921,39.4489436874897],[-74.5223951374609,39.4492385418072],[-74.522710998287,39.449460170912]]}},{"type":"Feature","id":257013,"properties":{"OBJECTID":257013,"PRIMENAME":"Bellevue Parkway","ELEVTYP_F":0,"ELEVTYP_T":0},"geometry":{"type":"LineString","coordinates":[[-74.5017375504872,39.4099635276632],[-74.5019142069733,39.410086338424],[-74.5028113620367,39.4104223868607],[-74.5030248618679,39.4104379500601]]}},{"type":"Feature","id":257124,"properties":{"OBJECTID":257124,"PRIMENAME":"Haddon Avenue","ELEVTYP_F":0,"ELEVTYP_T":0},"geometry":{"type":"LineString","coordinates":[[-74.5159295481768,39.4361036132784],[-74.5162578148451,39.435810910319],[-74.5163559401193,39.4357116691623]]}},{"type":"Feature","id":257204,"properties":{"OBJECTID":257204,"PRIMENAME":"East Delilah Road","ELEVTYP_F":0,"ELEVTYP_T":0},"geometry":{"type":"LineString","coordinates":[[-74.5114988108496,39.4041430706359],[-74.510990520223,39.4039270369788],[-74.5102346928275,39.403602542141],[-74.5097188265605,39.4033935064163],[-74.5094387026568,39.4032799949783]]}},{"type":"Feature","id":257292,"properties":{"OBJECTID":257292,"PRIMENAME":"Franklin Avenue","ELEVTYP_F":1,"ELEVTYP_T":1},"geometry":{"type":"LineString","coordinates":[[-74.5149050339437,39.3970648266143],[-74.514803318342,39.3971790858653]]}},{"type":"Feature","id":257764,"properties":{"OBJECTID":257764,"PRIMENAME":"Chestnut Street","ELEVTYP_F":0,"ELEVTYP_T":0},"geometry":{"type":"LineString","coordinates":[[-74.5265572922294,39.3898035602569],[-74.5262913330372,39.390225925273],[-74.5261064817668,39.3905194833947],[-74.526001842174,39.3906911930454]]}},{"type":"Feature","id":258005,"properties":{"OBJECTID":258005,"PRIMENAME":"East California Avenue","ELEVTYP_F":0,"ELEVTYP_T":0},"geometry":{"type":"LineString","coordinates":[[-74.5003174695184,39.4122321059506],[-74.5014732814153,39.4126599516576]]}},{"type":"Feature","id":259373,"properties":{"OBJECTID":259373,"PRIMENAME":"Fire Road","ELEVTYP_F":0,"ELEVTYP_T":0},"geometry":{"type":"LineString","coordinates":[[-74.5288905062669,39.4187548395341],[-74.5283486926734,39.4191913107145]]}},{"type":"Feature","id":259389,"properties":{"OBJECTID":259389,"PRIMENAME":"East Tamara Drive","ELEVTYP_F":0,"ELEVTYP_T":0},"geometry":{"type":"LineString","coordinates":[[-74.4964608634244,39.4490659127066],[-74.4966163296264,39.4490915062388],[-74.4967208366699,39.4491012288176],[-74.4968170203362,39.4491044716503],[-74.4969006682127,39.4491141934952],[-74.496977091804,39.4491179842524],[-74.4970640685572,39.4491264152256],[-74.4971305405608,39.4491329791811],[-74.4971975443042,39.4491498662322],[-74.497272798236,39.4491758145439],[-74.4973397294275,39.4492082420416],[-74.4974149829962,39.4492471491104],[-74.4974700155075,39.4492791096557],[-74.4975278817536,39.4493152156975],[-74.497572715221,39.4493512394669],[-74.497624064602,39.4493865490208],[-74.497682602601,39.4494221892872],[-74.4977369626262,39.4494546154033],[-74.4978080388459,39.4494838034487],[-74.4978916510021,39.4495032711904],[-74.4980045508615,39.4495227123535],[-74.4981467396953,39.4495389137143],[-74.4985533794864,39.4495673666059],[-74.4987028862078,39.4495778275064]]}},{"type":"Feature","id":260197,"properties":{"OBJECTID":260197,"PRIMENAME":"6th Avenue","ELEVTYP_F":0,"ELEVTYP_T":0},"geometry":{"type":"LineString","coordinates":[[-74.5223064094301,39.4474112581538],[-74.5216802751221,39.447946406206],[-74.5215235559415,39.44808035216],[-74.5211762421693,39.4483885854415]]}},{"type":"Feature","id":260616,"properties":{"OBJECTID":260616,"PRIMENAME":"West Windsor Avenue","ELEVTYP_F":0,"ELEVTYP_T":0},"geometry":{"type":"LineString","coordinates":[[-74.5207159683854,39.4071403753369],[-74.5191118137895,39.4064682946053]]}},{"type":"Feature","id":260943,"properties":{"OBJECTID":260943,"PRIMENAME":"South Marshall Avenue","ELEVTYP_F":0,"ELEVTYP_T":0},"geometry":{"type":"LineString","coordinates":[[-74.4819700766872,39.4437155004433],[-74.4822135122903,39.4432264034801],[-74.4822329642708,39.4431841509758],[-74.4822407643737,39.4431479095083]]}},{"type":"Feature","id":261431,"properties":{"OBJECTID":261431,"PRIMENAME":"Marple Avenue","ELEVTYP_F":0,"ELEVTYP_T":0},"geometry":{"type":"LineString","coordinates":[[-74.5313481544863,39.3908917088182],[-74.5313129558797,39.3908325768516],[-74.5312856166363,39.3907811032055],[-74.5312621633871,39.3907174919636],[-74.5312582505804,39.390672052811],[-74.5312738352324,39.3906266075177],[-74.5312904165575,39.3905955775356]]}},{"type":"Feature","id":261900,"properties":{"OBJECTID":261900,"PRIMENAME":"Laurel Drive","ELEVTYP_F":0,"ELEVTYP_T":0},"geometry":{"type":"LineString","coordinates":[[-74.5046800004747,39.4075184171713],[-74.5053490929777,39.4078000097513],[-74.5054291902245,39.4078359741743],[-74.5054798057354,39.4078686727251],[-74.5055303873644,39.4079275368591],[-74.5058255313073,39.4083396169574],[-74.5059351577291,39.4084998758368],[-74.505956258855,39.408578372462],[-74.5059646923253,39.4086830362341],[-74.5059689079296,39.4087288057755]]}},{"type":"Feature","id":262813,"properties":{"OBJECTID":262813,"PRIMENAME":"Foxrun Drive","ELEVTYP_F":0,"ELEVTYP_T":0},"geometry":{"type":"LineString","coordinates":[[-74.5058151650519,39.4105171343739],[-74.5058174632268,39.4105181521651],[-74.5058798193916,39.4105457414913],[-74.5065599328273,39.4108466522045],[-74.5066574367022,39.4110547048581],[-74.506673247976,39.4110884407806],[-74.5067130236457,39.4111795861198],[-74.5072278605811,39.411398994174]]}},{"type":"Feature","id":263694,"properties":{"OBJECTID":263694,"PRIMENAME":"Libby Lane","ELEVTYP_F":0,"ELEVTYP_T":0},"geometry":{"type":"LineString","coordinates":[[-74.473741201157,39.4436405703803],[-74.4737301225476,39.4436276630651],[-74.4737301320881,39.4436022660045],[-74.473743249034,39.4435641598598],[-74.4739138063293,39.4432339535315],[-74.4740450355606,39.4429610117288]]}},{"type":"Feature","id":263727,"properties":{"OBJECTID":263727,"PRIMENAME":"Sunset Court","ELEVTYP_F":0,"ELEVTYP_T":0},"geometry":{"type":"LineString","coordinates":[[-74.5197066409325,39.4099327951338],[-74.5197046926423,39.4099254368127],[-74.5196879453527,39.4099046004957],[-74.5196611119152,39.409888844603],[-74.519631589942,39.4098761374716],[-74.5189821356286,39.4095996756314]]}},{"type":"Feature","id":263844,"properties":{"OBJECTID":263844,"PRIMENAME":"North 2nd Street","ELEVTYP_F":0,"ELEVTYP_T":0},"geometry":{"type":"LineString","coordinates":[[-74.5242137207846,39.3935648280049],[-74.524116899385,39.3937235914852]]}},{"type":"Feature","id":264444,"properties":{"OBJECTID":264444,"PRIMENAME":"Ocean Avenue","ELEVTYP_F":0,"ELEVTYP_T":0},"geometry":{"type":"LineString","coordinates":[[-74.4991618471344,39.411801366165],[-74.4984640761201,39.4129319344206]]}},{"type":"Feature","id":264507,"properties":{"OBJECTID":264507,"PRIMENAME":"Chalfonte Avenue","ELEVTYP_F":0,"ELEVTYP_T":0},"geometry":{"type":"LineString","coordinates":[[-74.53029852582,39.4022308602265],[-74.5306938974607,39.4016441472441],[-74.5307723042302,39.4015213686686]]}},{"type":"Feature","id":265867,"properties":{"OBJECTID":265867,"PRIMENAME":"Old Turnpike","ELEVTYP_F":0,"ELEVTYP_T":0},"geometry":{"type":"LineString","coordinates":[[-74.5199089696048,39.3925558189516],[-74.5187329206148,39.3921212390766]]}},{"type":"Feature","id":265896,"properties":{"OBJECTID":265896,"PRIMENAME":"Grant Avenue","ELEVTYP_F":0,"ELEVTYP_T":0},"geometry":{"type":"LineString","coordinates":[[-74.5297895254121,39.3966206302511],[-74.5299165948117,39.3966872346217]]}},{"type":"Feature","id":265999,"properties":{"OBJECTID":265999,"PRIMENAME":"East Pennsylvania Avenue","ELEVTYP_F":0,"ELEVTYP_T":0},"geometry":{"type":"LineString","coordinates":[[-74.4777770276482,39.4440348469642],[-74.4779390322467,39.4440812237886],[-74.4781452289934,39.4441402531806],[-74.478550051486,39.444264073668],[-74.4788925957529,39.4443577083771],[-74.479495358797,39.4445310105465]]}},{"type":"Feature","id":266212,"properties":{"OBJECTID":266212,"PRIMENAME":"East Fairway Lane","ELEVTYP_F":0,"ELEVTYP_T":0},"geometry":{"type":"LineString","coordinates":[[-74.4762309840395,39.4472664547171],[-74.4763242355817,39.4472926193427],[-74.4764146713773,39.447324172786],[-74.4765017733187,39.4473609356903],[-74.4765850395709,39.4474026980764],[-74.4766639985132,39.4474492202461],[-74.4767381959584,39.4475002336801],[-74.4768072090913,39.4475554500482],[-74.4768706441486,39.447614552201],[-74.476928135254,39.4476772013757],[-74.4770375134167,39.4477870021368],[-74.4770940389201,39.4478437463188],[-74.4771860648025,39.4479334881955],[-74.4772849020385,39.4480187642807],[-74.4773901917189,39.4480992646138],[-74.4775015505228,39.4481746990468],[-74.4776185718827,39.4482447882376],[-74.477746712975,39.4483134859063],[-74.4778795825744,39.4483765543574],[-74.4780167682595,39.4484337998258],[-74.4781578506288,39.4484850402568],[-74.4783023870302,39.4485301215178],[-74.4784448342807,39.448564852967],[-74.4785891573015,39.4485945824669],[-74.4787350551584,39.4486192478007],[-74.478882237368,39.4486388011675],[-74.4793531119509,39.4486834678913]]}},{"type":"Feature","id":267009,"properties":{"OBJECTID":267009,"PRIMENAME":"FR ACE EB TO US 9 SB","ELEVTYP_F":0,"ELEVTYP_T":0},"geometry":{"type":"LineString","coordinates":[[-74.5289077591972,39.4044916656709],[-74.5281596111953,39.4040212337405],[-74.5277455852063,39.4037971504077],[-74.5274526293296,39.4036487630839],[-74.5272963762408,39.4035548983522],[-74.5271127906553,39.4034307277627],[-74.5269917169197,39.4033368273899],[-74.5268471738471,39.4032278033218],[-74.5267495390715,39.4031581414943],[-74.5266206090324,39.4030642416361],[-74.5264253137587,39.4029461413401],[-74.5261948758103,39.4028280477312],[-74.5259527556691,39.4027008410439],[-74.5258042649055,39.402628169358],[-74.5256636991511,39.4025464075311],[-74.5255347783822,39.4024676624699],[-74.5254058916407,39.4023858977651],[-74.5252848198189,39.4022859548124],[-74.52510512444,39.402137536866],[-74.5248902805365,39.401967928463],[-74.5247418504014,39.4018588755605],[-74.5247328215189,39.4018484164527]]}},{"type":"Feature","id":267334,"properties":{"OBJECTID":267334,"PRIMENAME":"Unnamed Segment","ELEVTYP_F":0,"ELEVTYP_T":0},"geometry":{"type":"LineString","coordinates":[[-74.5271373927287,39.3989313518212],[-74.5271246333696,39.398926742682],[-74.5262913874262,39.398625678196]]}},{"type":"Feature","id":267650,"properties":{"OBJECTID":267650,"PRIMENAME":"FR US 30 WB to US 30 EB","ELEVTYP_F":0,"ELEVTYP_T":0},"geometry":{"type":"LineString","coordinates":[[-74.4919510409312,39.4051450841993],[-74.4918562823123,39.4055707636236],[-74.4918094197901,39.4062012996328],[-74.4917795521851,39.4067757699108],[-74.4917625153714,39.4068846883336],[-74.4917327047696,39.4069705155766],[-74.4916688807875,39.4070563403807],[-74.4915879969265,39.4071487803103],[-74.4915029028437,39.4072279861869],[-74.4914348344468,39.4072929155369],[-74.4914008508891,39.4073428571177],[-74.4913901575487,39.4073804990564],[-74.4913879596824,39.4074161643617],[-74.4913976516368,39.4074578172786],[-74.4914184947712,39.4074877182491],[-74.4914602886898,39.4075317066011],[-74.4915454048769,39.407561421277],[-74.4916183547463,39.4075670907989],[-74.4916730671563,39.4075713420095],[-74.491788412723,39.4075714601034]]}},{"type":"Feature","id":268874,"properties":{"OBJECTID":268874,"PRIMENAME":"East Merion Avenue","ELEVTYP_F":0,"ELEVTYP_T":0},"geometry":{"type":"LineString","coordinates":[[-74.5133496985564,39.3953652891499],[-74.5151225515886,39.3960285604119],[-74.515655032798,39.3962257102235]]}},{"type":"Feature","id":269005,"properties":{"OBJECTID":269005,"PRIMENAME":"Unnamed Segment","ELEVTYP_F":0,"ELEVTYP_T":0},"geometry":{"type":"LineString","coordinates":[[-74.5199034960397,39.4127676171219],[-74.5202513729547,39.4123040361262],[-74.5207833414737,39.4116191501852],[-74.5209032437583,39.4114449451782]]}},{"type":"Feature","id":269594,"properties":{"OBJECTID":269594,"PRIMENAME":"East Bartlett Avenue","ELEVTYP_F":0,"ELEVTYP_T":0},"geometry":{"type":"LineString","coordinates":[[-74.4682495944387,39.446395487021],[-74.4682729551617,39.4464216867493],[-74.4683212467465,39.4464474545773],[-74.4684208847051,39.4464779303855],[-74.4688676266459,39.446616128464],[-74.4693324639467,39.4467590254465],[-74.4700415167957,39.4469719143327]]}},{"type":"Feature","id":269735,"properties":{"OBJECTID":269735,"PRIMENAME":"East Arbutus Avenue","ELEVTYP_F":0,"ELEVTYP_T":0},"geometry":{"type":"LineString","coordinates":[[-74.5212010738142,39.444791939242],[-74.5208796779932,39.4445647966772],[-74.5204691393649,39.4442900041866],[-74.5201860985507,39.4440610126007]]}},{"type":"Feature","id":270417,"properties":{"OBJECTID":270417,"PRIMENAME":"Gladstone Avenue","ELEVTYP_F":0,"ELEVTYP_T":0},"geometry":{"type":"LineString","coordinates":[[-74.5280867342868,39.398799813649],[-74.5286740533021,39.3978705408516]]}},{"type":"Feature","id":270685,"properties":{"OBJECTID":270685,"PRIMENAME":"Madison Avenue","ELEVTYP_F":0,"ELEVTYP_T":0},"geometry":{"type":"LineString","coordinates":[[-74.5188673233702,39.3942559386015],[-74.5191240181594,39.3938349922161],[-74.5191944998078,39.3937194109985],[-74.5194108236282,39.3933671073973]]}},{"type":"Feature","id":270691,"properties":{"OBJECTID":270691,"PRIMENAME":"West Edgewater Avenue","ELEVTYP_F":0,"ELEVTYP_T":0},"geometry":{"type":"LineString","coordinates":[[-74.527638062213,39.3860286845197],[-74.5277970932506,39.3860884799473],[-74.5279031152541,39.3861283440448],[-74.5286594178489,39.3864054723184]]}},{"type":"Feature","id":270765,"properties":{"OBJECTID":270765,"PRIMENAME":"Unnamed Segment","ELEVTYP_F":0,"ELEVTYP_T":0},"geometry":{"type":"LineString","coordinates":[[-74.5240712717713,39.3977919342731],[-74.5240696449643,39.3977913292695],[-74.5229462521339,39.3973862269559]]}},{"type":"Feature","id":270916,"properties":{"OBJECTID":270916,"PRIMENAME":"Wisteria Street","ELEVTYP_F":0,"ELEVTYP_T":0},"geometry":{"type":"LineString","coordinates":[[-74.5242000033938,39.4217597277856],[-74.5243024824062,39.4216413692079],[-74.5250775307199,39.4203470997635],[-74.5254991470472,39.4196262335707],[-74.525552739578,39.4195346049991],[-74.5257726956662,39.4191585227126],[-74.5260310090266,39.4187027979346],[-74.5263522283856,39.4181681211512]]}},{"type":"Feature","id":271107,"properties":{"OBJECTID":271107,"PRIMENAME":"Magnolia Place","ELEVTYP_F":0,"ELEVTYP_T":0},"geometry":{"type":"LineString","coordinates":[[-74.5041007243521,39.4081748969138],[-74.5050413683061,39.4085686140949],[-74.5051049018057,39.4085906035076],[-74.5051725761593,39.4086119342149],[-74.5052521782821,39.4086307384954],[-74.5053196388451,39.4086340026384],[-74.5054461709214,39.4086339967813],[-74.5055599605548,39.4086274569775],[-74.5056526930023,39.4086372541353],[-74.5057623439124,39.4086568808362],[-74.5058930216356,39.408699376836],[-74.5059689079296,39.4087288057755]]}},{"type":"Feature","id":271623,"properties":{"OBJECTID":271623,"PRIMENAME":"Ingersoll Avenue","ELEVTYP_F":0,"ELEVTYP_T":0},"geometry":{"type":"LineString","coordinates":[[-74.5172428433601,39.3931218769898],[-74.5171405693886,39.3930835079196],[-74.5170117192777,39.3930411061431],[-74.5168906546447,39.3929987310184],[-74.5167969439475,39.3929593442942],[-74.5167383386307,39.3929320889889],[-74.5167207839204,39.3929173471436],[-74.5167145526127,39.392905486244]]}},{"type":"Feature","id":271898,"properties":{"OBJECTID":271898,"PRIMENAME":"Milan Avenue","ELEVTYP_F":0,"ELEVTYP_T":0},"geometry":{"type":"LineString","coordinates":[[-74.5160619383281,39.3886021699355],[-74.5157719149525,39.3885159133698],[-74.515226159809,39.3883525646817]]}},{"type":"Feature","id":271902,"properties":{"OBJECTID":271902,"PRIMENAME":"Harrison Avenue","ELEVTYP_F":0,"ELEVTYP_T":0},"geometry":{"type":"LineString","coordinates":[[-74.5175628454817,39.4443523109782],[-74.5174017879954,39.444242331707],[-74.5169571337309,39.4439386883941],[-74.5167085035489,39.4437657497965]]}},{"type":"Feature","id":272230,"properties":{"OBJECTID":272230,"PRIMENAME":"Mill Road","ELEVTYP_F":0,"ELEVTYP_T":0},"geometry":{"type":"LineString","coordinates":[[-74.5251379131158,39.4141069998322],[-74.5250948163995,39.4144217446009]]}},{"type":"Feature","id":272647,"properties":{"OBJECTID":272647,"PRIMENAME":"Madison Avenue","ELEVTYP_F":0,"ELEVTYP_T":0},"geometry":{"type":"LineString","coordinates":[[-74.5195857635501,39.3930821887281],[-74.5199089696048,39.3925558189516]]}},{"type":"Feature","id":272668,"properties":{"OBJECTID":272668,"PRIMENAME":"Brookville Terrace","ELEVTYP_F":0,"ELEVTYP_T":0},"geometry":{"type":"LineString","coordinates":[[-74.5178875299584,39.3933657319376],[-74.5175974469634,39.3932682496734],[-74.5173865617604,39.3931864883276],[-74.5172616350705,39.3931289311061],[-74.5172428433601,39.3931218769898]]}},{"type":"Feature","id":273266,"properties":{"OBJECTID":273266,"PRIMENAME":"Unnamed Segment","ELEVTYP_F":0,"ELEVTYP_T":0},"geometry":{"type":"LineString","coordinates":[[-74.5173670465014,39.3942037967704],[-74.516755683084,39.3939799338398],[-74.5164520616522,39.3938648723814],[-74.5162829928941,39.3937792368699],[-74.5158551688461,39.3936374228614],[-74.5154894467006,39.3935089840784]]}},{"type":"Feature","id":273677,"properties":{"OBJECTID":273677,"PRIMENAME":"North Main Street","ELEVTYP_F":0,"ELEVTYP_T":0},"geometry":{"type":"LineString","coordinates":[[-74.5071395172396,39.4090326290055],[-74.5070144825719,39.4091732959608]]}},{"type":"Feature","id":273918,"properties":{"OBJECTID":273918,"PRIMENAME":"Whalers Drive","ELEVTYP_F":0,"ELEVTYP_T":0},"geometry":{"type":"LineString","coordinates":[[-74.5148766772083,39.4135720249629],[-74.5153293009052,39.4137935777461],[-74.5154901213429,39.4138722945867]]}},{"type":"Feature","id":274286,"properties":{"OBJECTID":274286,"PRIMENAME":"North Main Street","ELEVTYP_F":0,"ELEVTYP_T":0},"geometry":{"type":"LineString","coordinates":[[-74.5208021589747,39.3937094978394],[-74.5204962052248,39.394053664849],[-74.5202936200614,39.3942772944304],[-74.5202220134237,39.3943563389718],[-74.5200308122209,39.3945719885815]]}},{"type":"Feature","id":274331,"properties":{"OBJECTID":274331,"PRIMENAME":"Orchard Drive","ELEVTYP_F":0,"ELEVTYP_T":0},"geometry":{"type":"LineString","coordinates":[[-74.5160669864829,39.4092306625595],[-74.5161123590996,39.4091617332142],[-74.5161230840628,39.4091465000657],[-74.5161368633764,39.4091328248801],[-74.5161533266965,39.4091210734335],[-74.5161720421231,39.4091115583629],[-74.5161925022654,39.4091045337643],[-74.5162141625581,39.4091001852779],[-74.5162364470688,39.4090986327899],[-74.5162587601066,39.4090999169195],[-74.5162805071234,39.4091039999161],[-74.5163011051669,39.4091107746663],[-74.516702315958,39.4092739277732],[-74.5167256740948,39.4092846754896],[-74.516739256462,39.4092927285079],[-74.5167464467722,39.4093026417004],[-74.5167466132338,39.4093237600799],[-74.5167381836114,39.4093369148049],[-74.5165720478999,39.4095961759059],[-74.5165618072634,39.4096116954807],[-74.5165483647645,39.4096256715354],[-74.5165321069958,39.4096377067604],[-74.5165134797877,39.409647465092],[-74.5164930149175,39.4096546735107],[-74.5164712871444,39.4096591274521],[-74.516448904923,39.4096607025187],[-74.5164264953066,39.4096593553833],[-74.5158383708325,39.4095851171793]]}},{"type":"Feature","id":275024,"properties":{"OBJECTID":275024,"PRIMENAME":"North Main Street","ELEVTYP_F":0,"ELEVTYP_T":0},"geometry":{"type":"LineString","coordinates":[[-74.5103171099024,39.4054655148696],[-74.5100616203117,39.405750865586],[-74.5097289854648,39.4061274599937]]}},{"type":"Feature","id":275388,"properties":{"OBJECTID":275388,"PRIMENAME":"Theresa Court","ELEVTYP_F":0,"ELEVTYP_T":0},"geometry":{"type":"LineString","coordinates":[[-74.5208482272916,39.4419325759289],[-74.5209146106081,39.4419105034917],[-74.5209912883766,39.4418927935204],[-74.5210817984536,39.4418996880636],[-74.5212060601714,39.4419531863255],[-74.5213372443894,39.4420655547705],[-74.521458617027,39.4421825378573],[-74.521502968363,39.4422689034812],[-74.5214947402685,39.4423429469067],[-74.5213601946233,39.4424332171339],[-74.5210682146578,39.442638276453],[-74.5208837962616,39.4427317439695],[-74.5208541160401,39.4427498526098],[-74.5208392903301,39.4427721617],[-74.520830305056,39.442795166959],[-74.5208330989347,39.4428218300454],[-74.5208498486211,39.4428425976175],[-74.5208519029708,39.442859292618],[-74.5208433658612,39.4428735852902],[-74.5208307846071,39.4428878768846],[-74.5208125080966,39.442897505171],[-74.5205782339248,39.4429969506906],[-74.5204885005693,39.4429969665335],[-74.5204179149629,39.4429827688772],[-74.5203946315827,39.4429780843151],[-74.5199706973977,39.4426384700934],[-74.5198905593031,39.4425803671143]]}},{"type":"Feature","id":275691,"properties":{"OBJECTID":275691,"PRIMENAME":"Orchard Drive","ELEVTYP_F":0,"ELEVTYP_T":0},"geometry":{"type":"LineString","coordinates":[[-74.5158383708325,39.4095851171793],[-74.5160669864829,39.4092306625595]]}},{"type":"Feature","id":275946,"properties":{"OBJECTID":275946,"PRIMENAME":"Marvin J Maxwell Lane","ELEVTYP_F":0,"ELEVTYP_T":0},"geometry":{"type":"LineString","coordinates":[[-74.5131136176339,39.4060529402586],[-74.5129241824087,39.405974297975],[-74.5125839315758,39.405839029328],[-74.5123393167908,39.4057267587782]]}},{"type":"Feature","id":276192,"properties":{"OBJECTID":276192,"PRIMENAME":"FR ACE EB TO US 9 SB","ELEVTYP_F":0,"ELEVTYP_T":0},"geometry":{"type":"LineString","coordinates":[[-74.5247328215189,39.4018484164527],[-74.5246402734355,39.4017407513726],[-74.5245972851499,39.4016680557401],[-74.5245699411876,39.4016044449917],[-74.5245660204158,39.4015256723768],[-74.5245564448788,39.4014593536589],[-74.5245723578453,39.4013740568398]]}},{"type":"Feature","id":276689,"properties":{"OBJECTID":276689,"PRIMENAME":"Oxford Avenue","ELEVTYP_F":0,"ELEVTYP_T":0},"geometry":{"type":"LineString","coordinates":[[-74.5171869029692,39.4020769792979],[-74.516479953892,39.4028641502176]]}},{"type":"Feature","id":276878,"properties":{"OBJECTID":276878,"PRIMENAME":"Franklin Avenue","ELEVTYP_F":0,"ELEVTYP_T":0},"geometry":{"type":"LineString","coordinates":[[-74.5153697738162,39.3965439149608],[-74.5152308768314,39.3966988426966],[-74.5152049786994,39.3967278681883],[-74.515185935816,39.3967492611678]]}},{"type":"Feature","id":277834,"properties":{"OBJECTID":277834,"PRIMENAME":"FR US 30 EB to US 9 NB","ELEVTYP_F":0,"ELEVTYP_T":0},"geometry":{"type":"LineString","coordinates":[[-74.5053879453535,39.4279005540416],[-74.5053173783548,39.4277987768908],[-74.5052259233199,39.4276893942877],[-74.5051335148984,39.4276107910614],[-74.5050693228163,39.427522713729],[-74.5050495126316,39.4274681612882],[-74.505034656175,39.4274272485313],[-74.5050330556252,39.4273307396703],[-74.5050680988743,39.4272383746944],[-74.5051476083818,39.4271632229217],[-74.5052618146309,39.4271214837779],[-74.5053842031287,39.4271188424362],[-74.5054985582044,39.4271556293311],[-74.5055925941001,39.427224485547],[-74.5056568211907,39.4273098169573],[-74.5056931878504,39.4274043747834],[-74.5056984367693,39.4275043704492],[-74.5056665919774,39.4277411840139]]}},{"type":"Feature","id":277841,"properties":{"OBJECTID":277841,"PRIMENAME":"FR US 30 EB to 6TH AVE","ELEVTYP_F":0,"ELEVTYP_T":0},"geometry":{"type":"LineString","coordinates":[[-74.5282964559812,39.4458289927151],[-74.5282882733432,39.4458234755263],[-74.5278269718614,39.4455103925177],[-74.5272377323717,39.4451085993333],[-74.5270087689834,39.4449572855895],[-74.5269077448845,39.4448816123727],[-74.5268504957914,39.4448216055311],[-74.5268033415722,39.4447642050415],[-74.5267629471323,39.4447015594402],[-74.5267225159271,39.4446337243436],[-74.526678707435,39.4445293455906],[-74.5266483850929,39.4444092853652],[-74.5266180298187,39.4442970512579],[-74.5265809745985,39.444166587449],[-74.5265573603818,39.4440882865917],[-74.5265371616502,39.4440491389767],[-74.5265135643478,39.4440152077453],[-74.5264664537021,39.4439786740559],[-74.5263868234118,39.4439145824508]]}},{"type":"Feature","id":277923,"properties":{"OBJECTID":277923,"PRIMENAME":"Pear Street","ELEVTYP_F":0,"ELEVTYP_T":0},"geometry":{"type":"LineString","coordinates":[[-74.5271377297275,39.4184657605568],[-74.52719182782,39.4184874932503],[-74.5274127560389,39.4185931215224],[-74.5275828807174,39.4186842558388],[-74.5277324393261,39.4187643744156],[-74.5280850000818,39.4190012391091],[-74.5283486926734,39.4191913107145]]}},{"type":"Feature","id":278343,"properties":{"OBJECTID":278343,"PRIMENAME":"Unnamed Segment","ELEVTYP_F":0,"ELEVTYP_T":0},"geometry":{"type":"LineString","coordinates":[[-74.526451605884,39.3939425002356],[-74.5266288811544,39.3940118145297],[-74.52756863186,39.3943654289042]]}},{"type":"Feature","id":278410,"properties":{"OBJECTID":278410,"PRIMENAME":"2nd Street","ELEVTYP_F":0,"ELEVTYP_T":0},"geometry":{"type":"LineString","coordinates":[[-74.5195815620537,39.4012164418553],[-74.5197693946769,39.4009059869511],[-74.5198246502841,39.40082349819],[-74.5198416597531,39.4007773129025],[-74.5198416476006,39.4007344256554],[-74.5198288610711,39.4006948357249]]}},{"type":"Feature","id":278543,"properties":{"OBJECTID":278543,"PRIMENAME":"Pear Street","ELEVTYP_F":0,"ELEVTYP_T":0},"geometry":{"type":"LineString","coordinates":[[-74.5247113728027,39.4175826978032],[-74.5254763955648,39.4178560780286],[-74.5260401853438,39.4180575415725],[-74.5263522283856,39.4181681211512]]}},{"type":"Feature","id":278954,"properties":{"OBJECTID":278954,"PRIMENAME":"Harrison Avenue","ELEVTYP_F":0,"ELEVTYP_T":0},"geometry":{"type":"LineString","coordinates":[[-74.5167085035489,39.4437657497965],[-74.5163006397741,39.4434820738249],[-74.5159807914007,39.4432654874032],[-74.5159591154682,39.4432477266671],[-74.5159429650121,39.4432352087077]]}},{"type":"Feature","id":279132,"properties":{"OBJECTID":279132,"PRIMENAME":"East California Avenue","ELEVTYP_F":0,"ELEVTYP_T":0},"geometry":{"type":"LineString","coordinates":[[-74.5026167908361,39.4130861935108],[-74.5036860867981,39.4134868644275],[-74.5038335496304,39.413533425687]]}},{"type":"Feature","id":279558,"properties":{"OBJECTID":279558,"PRIMENAME":"Linden Avenue","ELEVTYP_F":0,"ELEVTYP_T":0},"geometry":{"type":"LineString","coordinates":[[-74.5172322108596,39.4002444674908],[-74.5170393199919,39.400457751212],[-74.5166890934906,39.400853286206]]}},{"type":"Feature","id":280226,"properties":{"OBJECTID":280226,"PRIMENAME":"North Main Street","ELEVTYP_F":0,"ELEVTYP_T":0},"geometry":{"type":"LineString","coordinates":[[-74.514775064942,39.4004694280705],[-74.514238240025,39.4010689670588],[-74.5138459066667,39.4015071246111],[-74.5136434487861,39.4017335825466]]}},{"type":"Feature","id":280511,"properties":{"OBJECTID":280511,"PRIMENAME":"South Franklin Boulevard","ELEVTYP_F":0,"ELEVTYP_T":0},"geometry":{"type":"LineString","coordinates":[[-74.5206045226654,39.3892406438749],[-74.5205113732396,39.3893953438943],[-74.5204603746275,39.3894800393672],[-74.5203347805052,39.3896886184905],[-74.5202233054177,39.389880422027]]}},{"type":"Feature","id":280618,"properties":{"OBJECTID":280618,"PRIMENAME":"North Main Street","ELEVTYP_F":0,"ELEVTYP_T":0},"geometry":{"type":"LineString","coordinates":[[-74.5136434487861,39.4017335825466],[-74.5130807917764,39.4023628690164]]}},{"type":"Feature","id":280634,"properties":{"OBJECTID":280634,"PRIMENAME":"Brook Lane","ELEVTYP_F":0,"ELEVTYP_T":0},"geometry":{"type":"LineString","coordinates":[[-74.4818763955738,39.4409144163886],[-74.4829185808511,39.4412102517332],[-74.4831458559385,39.441277480743],[-74.4833778896559,39.4413461179338],[-74.4835550807392,39.4413962931924],[-74.4838357018629,39.4414757558004],[-74.4846183661749,39.4416973724149],[-74.4849776962964,39.4417991175526],[-74.4854058890895,39.4419198977726],[-74.4856199685715,39.4419833216232],[-74.4858846477534,39.4420527631485],[-74.4861571554469,39.4421161930835],[-74.4861604454201,39.4421168951958],[-74.4863128483899,39.4421494058734],[-74.4864257351574,39.4421645200602],[-74.4865347260048,39.4421765862904],[-74.4866709846457,39.4421886825698],[-74.4869434648975,39.4422128476214],[-74.4872860218831,39.4422430874824],[-74.4879088493177,39.442306523144],[-74.488013224077,39.4423168795977]]}},{"type":"Feature","id":280712,"properties":{"OBJECTID":280712,"PRIMENAME":"Black Horse Pike","ELEVTYP_F":0,"ELEVTYP_T":0},"geometry":{"type":"LineString","coordinates":[[-74.5152036632743,39.3867531650457],[-74.5153517151702,39.3868067957811],[-74.5155489407947,39.3868188782171]]}},{"type":"Feature","id":281048,"properties":{"OBJECTID":281048,"PRIMENAME":"East Bayview Avenue","ELEVTYP_F":0,"ELEVTYP_T":0},"geometry":{"type":"LineString","coordinates":[[-74.5247118899085,39.3858546639917],[-74.5246638346784,39.3858371021719],[-74.5245259321171,39.3857853205827]]}},{"type":"Feature","id":281332,"properties":{"OBJECTID":281332,"PRIMENAME":"Cheltenham Avenue","ELEVTYP_F":0,"ELEVTYP_T":0},"geometry":{"type":"LineString","coordinates":[[-74.5205728038119,39.4407267008969],[-74.5202752944306,39.4409889346595],[-74.5201676076482,39.4410933692822],[-74.5199421346191,39.4412839276511],[-74.5197671455892,39.4414379604958],[-74.5195854295246,39.4415971827972],[-74.5194407053035,39.4417146656076],[-74.5193330459541,39.4418008141617],[-74.5193218537945,39.4418099897384],[-74.5192152621545,39.4418973973189],[-74.5190369083601,39.4420618356115],[-74.5188353979464,39.442232482068]]}},{"type":"Feature","id":281345,"properties":{"OBJECTID":281345,"PRIMENAME":"West Reading Avenue","ELEVTYP_F":0,"ELEVTYP_T":0},"geometry":{"type":"LineString","coordinates":[[-74.5176510439236,39.4033300530018],[-74.5182389735911,39.4035639557875],[-74.5182784152252,39.4035796460883],[-74.5186954516841,39.4037424548929]]}},{"type":"Feature","id":281349,"properties":{"OBJECTID":281349,"PRIMENAME":"Unnamed Segment","ELEVTYP_F":0,"ELEVTYP_T":0},"geometry":{"type":"LineString","coordinates":[[-74.5203091827261,39.4059264346538],[-74.5205945470887,39.4055260632989],[-74.5206018845493,39.4055027942674],[-74.5206048721925,39.4054790927198],[-74.5206012722657,39.4054581812238],[-74.5205862918039,39.4054409893547],[-74.5205659205231,39.4054251937801],[-74.5205375385429,39.4054097022861],[-74.5194940692365,39.4050305565157],[-74.5193391159729,39.404978322309]]}},{"type":"Feature","id":281399,"properties":{"OBJECTID":281399,"PRIMENAME":"Saint James Place","ELEVTYP_F":0,"ELEVTYP_T":0},"geometry":{"type":"LineString","coordinates":[[-74.5102221252003,39.4345921772336],[-74.5099264796853,39.4348500184729],[-74.5095909697175,39.4351559108123]]}},{"type":"Feature","id":281921,"properties":{"OBJECTID":281921,"PRIMENAME":"FR ACE WB TO US 9 NB","ELEVTYP_F":0,"ELEVTYP_T":0},"geometry":{"type":"LineString","coordinates":[[-74.5204966073972,39.4002238862533],[-74.5208036793005,39.4004340585525],[-74.5210082897886,39.4005720347759],[-74.5211215590727,39.4006477673284],[-74.5212230769138,39.4007143857836],[-74.5213363494293,39.400799205429],[-74.5214496249948,39.4008930861432],[-74.5215902666559,39.4010142812338],[-74.5217738464725,39.4011717650922],[-74.5220745986744,39.4014231829671],[-74.5222230285264,39.401547340347],[-74.5223909952424,39.4016745420943],[-74.5225159480263,39.401756337935],[-74.5226526474493,39.4018259966335],[-74.5228244629033,39.4019229119958],[-74.5230432498668,39.402041013707],[-74.5233010057833,39.4021712437267],[-74.5235939507655,39.4023317510423]]}},{"type":"Feature","id":282685,"properties":{"OBJECTID":282685,"PRIMENAME":"East Cornell Avenue","ELEVTYP_F":0,"ELEVTYP_T":0},"geometry":{"type":"LineString","coordinates":[[-74.4766768696498,39.4445053572754],[-74.4757684320812,39.444253479107],[-74.4755116871484,39.4441813526031]]}},{"type":"Feature","id":283618,"properties":{"OBJECTID":283618,"PRIMENAME":"FR RAMP A100520 TO US 9 SB","ELEVTYP_F":0,"ELEVTYP_T":0},"geometry":{"type":"LineString","coordinates":[[-74.5235939507655,39.4023317510423],[-74.5239064598,39.4024696560502]]}},{"type":"Feature","id":283751,"properties":{"OBJECTID":283751,"PRIMENAME":"East Upland Avenue","ELEVTYP_F":0,"ELEVTYP_T":0},"geometry":{"type":"LineString","coordinates":[[-74.5056537833235,39.4496396331924],[-74.5049459147793,39.449146555407],[-74.5042609044722,39.4486733728199]]}},{"type":"Feature","id":283906,"properties":{"OBJECTID":283906,"PRIMENAME":"Unnamed Segment","ELEVTYP_F":0,"ELEVTYP_T":0},"geometry":{"type":"LineString","coordinates":[[-74.52756863186,39.3943654289042],[-74.5286829110387,39.3947839542711]]}},{"type":"Feature","id":284012,"properties":{"OBJECTID":284012,"PRIMENAME":"South 4th Street","ELEVTYP_F":0,"ELEVTYP_T":0},"geometry":{"type":"LineString","coordinates":[[-74.5278542309144,39.3939079612277],[-74.5281306865482,39.3934575402178]]}},{"type":"Feature","id":284124,"properties":{"OBJECTID":284124,"PRIMENAME":"East Washington Avenue","ELEVTYP_F":0,"ELEVTYP_T":0},"geometry":{"type":"LineString","coordinates":[[-74.5176200537429,39.3900175245726],[-74.5177762342169,39.390132598476],[-74.5178621218475,39.3901719577074],[-74.5180010899205,39.3902266025419]]}},{"type":"Feature","id":284194,"properties":{"OBJECTID":284194,"PRIMENAME":"Frankfort Court","ELEVTYP_F":0,"ELEVTYP_T":0},"geometry":{"type":"LineString","coordinates":[[-74.5176375213001,39.3875765477998],[-74.5183654570711,39.3863680694106]]}},{"type":"Feature","id":284428,"properties":{"OBJECTID":284428,"PRIMENAME":"Hilltop Drive","ELEVTYP_F":0,"ELEVTYP_T":0},"geometry":{"type":"LineString","coordinates":[[-74.489983912267,39.4413387193207],[-74.4899955530378,39.4411597598624],[-74.4899994587303,39.4410873307047],[-74.4899877796439,39.4410390334619],[-74.4899682762274,39.440990736444],[-74.4899332972565,39.4409424371837],[-74.4898827020433,39.4409031976741],[-74.4897697870081,39.4408518720883],[-74.4895323768223,39.4407673399813],[-74.4883763142874,39.4403386372161],[-74.4879013938258,39.4401665473306],[-74.4877963369587,39.4401423742727],[-74.4876951379349,39.4401333033943],[-74.4876172735311,39.4401302747595],[-74.4875394406722,39.4401393266683],[-74.4874732550022,39.4401694944677],[-74.4873875902067,39.4402208009301],[-74.4872436326295,39.4403126539434]]}},{"type":"Feature","id":284596,"properties":{"OBJECTID":284596,"PRIMENAME":"Pleasant Acres Road","ELEVTYP_F":0,"ELEVTYP_T":0},"geometry":{"type":"LineString","coordinates":[[-74.5164829997412,39.4046900845096],[-74.5164780204913,39.4046790494802],[-74.5164788160021,39.4046647977667],[-74.5164804087789,39.4046486875841],[-74.5164859954465,39.4046356737954],[-74.516847065343,39.4041839280015]]}},{"type":"Feature","id":285197,"properties":{"OBJECTID":285197,"PRIMENAME":"Genoa Avenue","ELEVTYP_F":0,"ELEVTYP_T":0},"geometry":{"type":"LineString","coordinates":[[-74.516836591833,39.3872858180025],[-74.5166984063122,39.3875151559647],[-74.5161898986942,39.3883536704629],[-74.5160619383281,39.3886021699355]]}},{"type":"Feature","id":285205,"properties":{"OBJECTID":285205,"PRIMENAME":"Sawmill Road","ELEVTYP_F":0,"ELEVTYP_T":0},"geometry":{"type":"LineString","coordinates":[[-74.5245832932819,39.4185661876068],[-74.5245011853542,39.4191496822841],[-74.5244568100119,39.4194650285475],[-74.5244405463969,39.4195793570569],[-74.5244045908482,39.419832100383]]}},{"type":"Feature","id":285597,"properties":{"OBJECTID":285597,"PRIMENAME":"Arbutus Avenue","ELEVTYP_F":0,"ELEVTYP_T":0},"geometry":{"type":"LineString","coordinates":[[-74.5237682187155,39.4465811199972],[-74.5237437237028,39.4465640008637],[-74.5236637753527,39.4465020757046],[-74.5235887866322,39.4464424564232],[-74.5234957024366,39.446386161986]]}},{"type":"Feature","id":286237,"properties":{"OBJECTID":286237,"PRIMENAME":"FR US 9 NB TO ACE EB","ELEVTYP_F":0,"ELEVTYP_T":0},"geometry":{"type":"LineString","coordinates":[[-74.5240544532171,39.4015136436562],[-74.5238630750816,39.4014440257548],[-74.5234686376793,39.4012926287159],[-74.5229960533114,39.4011139262461],[-74.5225469702831,39.4009383466894],[-74.5223165181668,39.4008474829511],[-74.5222262726639,39.4008086044392],[-74.5222221189231,39.4008068153364],[-74.5220704906865,39.4007414927179],[-74.5217775643273,39.4006082461348],[-74.5215080681212,39.4004780428002],[-74.5212004350632,39.4003510040116],[-74.5206458101841,39.4001326688319]]}},{"type":"Feature","id":286600,"properties":{"OBJECTID":286600,"PRIMENAME":"Mill Road","ELEVTYP_F":0,"ELEVTYP_T":0},"geometry":{"type":"LineString","coordinates":[[-74.5272043585483,39.398450584455],[-74.5271373927287,39.3989313518212]]}},{"type":"Feature","id":286906,"properties":{"OBJECTID":286906,"PRIMENAME":"South Mill Road","ELEVTYP_F":0,"ELEVTYP_T":0},"geometry":{"type":"LineString","coordinates":[[-74.5127788089537,39.4316569467765],[-74.5127350490645,39.4316669180121],[-74.5124293158939,39.4317421281352],[-74.5123861100967,39.4317527567631],[-74.5120073917553,39.4318253918377],[-74.5118796868325,39.4318419057807],[-74.5116201340861,39.4318650500983],[-74.5115980408616,39.4318666449155]]}},{"type":"Feature","id":287071,"properties":{"OBJECTID":287071,"PRIMENAME":"Atlantic City Expressway","ELEVTYP_F":0,"ELEVTYP_T":0},"geometry":{"type":"LineString","coordinates":[[-74.5289077591972,39.4044916656709],[-74.5285751556676,39.4043178001191],[-74.5281249525624,39.4040818112084],[-74.52809057343,39.4040635665465],[-74.5273232075621,39.4036563161581],[-74.5269501800866,39.4034601992835],[-74.5266457918393,39.4033006372053],[-74.5265370393286,39.4032428728496],[-74.5259512493603,39.4029317235092],[-74.5253552950941,39.4026159126627],[-74.5249008292568,39.4023732398847],[-74.5241887150825,39.4020025069498]]}},{"type":"Feature","id":289019,"properties":{"OBJECTID":289019,"PRIMENAME":"South 2nd Street","ELEVTYP_F":0,"ELEVTYP_T":0},"geometry":{"type":"LineString","coordinates":[[-74.5253872241269,39.391645564891],[-74.5252982637123,39.3917905724018]]}},{"type":"Feature","id":289022,"properties":{"OBJECTID":289022,"PRIMENAME":"West Washington Avenue","ELEVTYP_F":0,"ELEVTYP_T":0},"geometry":{"type":"LineString","coordinates":[[-74.5224313896365,39.3918875330692],[-74.5225439655013,39.3919361367502],[-74.5228826418834,39.3920586917753],[-74.5230068560577,39.3921053731023],[-74.523496017595,39.3922892052501],[-74.5237737216442,39.392391945963]]}},{"type":"Feature","id":289088,"properties":{"OBJECTID":289088,"PRIMENAME":"FR ATLANTIC AVE TO CO 646 WB","ELEVTYP_F":0,"ELEVTYP_T":0},"geometry":{"type":"LineString","coordinates":[[-74.5070686775104,39.4025833442547],[-74.5074042320798,39.4024020547641]]}},{"type":"Feature","id":289192,"properties":{"OBJECTID":289192,"PRIMENAME":"Atlantic City Expressway","ELEVTYP_F":0,"ELEVTYP_T":0},"geometry":{"type":"LineString","coordinates":[[-74.5168561515702,39.3981372050947],[-74.5158938976262,39.3976293124024],[-74.5150751670228,39.3971738343988],[-74.5149050339437,39.3970648266143]]}},{"type":"Feature","id":289634,"properties":{"OBJECTID":289634,"PRIMENAME":"West Bayview Avenue","ELEVTYP_F":0,"ELEVTYP_T":0},"geometry":{"type":"LineString","coordinates":[[-74.5307804564032,39.38810400007],[-74.5306514636206,39.388057134595],[-74.5296282701912,39.3876853931571]]}},{"type":"Feature","id":289791,"properties":{"OBJECTID":289791,"PRIMENAME":"Unnamed Segment","ELEVTYP_F":0,"ELEVTYP_T":0},"geometry":{"type":"LineString","coordinates":[[-74.5178519158236,39.4062743051742],[-74.517815582462,39.406195081558],[-74.5177701817398,39.4061528327557],[-74.5177451983792,39.4060806507568],[-74.5176793603528,39.4059979094545],[-74.5175000349006,39.4058676489885],[-74.5174387554798,39.4058570944791],[-74.5173865594293,39.4058729483106],[-74.5173570642168,39.4059081650886],[-74.5173525326544,39.4059380967321],[-74.5173525422553,39.4059768312417],[-74.5173502807609,39.4060067625461],[-74.5173434773694,39.4060296520532],[-74.5171733219827,39.4062726471662],[-74.517155172004,39.4062972985039],[-74.5171551780443,39.4063219480633],[-74.5171551823591,39.4063395560496],[-74.517168803704,39.4063571602252],[-74.5171960445483,39.4063800446926],[-74.5172391709423,39.4064011666324],[-74.5172641378312,39.4064082054037],[-74.5172822969277,39.4064205274872],[-74.5172936460573,39.4064293284426],[-74.5173095397197,39.4064557358065],[-74.5173050063609,39.4064786249718],[-74.5172891257393,39.4065050370607],[-74.5172138489096,39.4065978786233]]}},{"type":"Feature","id":290345,"properties":{"OBJECTID":290345,"PRIMENAME":"Collins Avenue","ELEVTYP_F":0,"ELEVTYP_T":0},"geometry":{"type":"LineString","coordinates":[[-74.518525101321,39.3962623278586],[-74.5167155428205,39.3955708609278],[-74.5163575726372,39.3954428814116]]}},{"type":"Feature","id":292005,"properties":{"OBJECTID":292005,"PRIMENAME":"Orchard Drive","ELEVTYP_F":0,"ELEVTYP_T":0},"geometry":{"type":"LineString","coordinates":[[-74.5140359201233,39.4086892955773],[-74.5143334022603,39.4086176374218],[-74.5143748534463,39.4086099926035],[-74.5144173321787,39.4086074407785],[-74.5144598050058,39.4086100451304],[-74.5145012384503,39.4086177436326],[-74.5145406280371,39.408630344541],[-74.5160669864829,39.4092306625595]]}},{"type":"Feature","id":292367,"properties":{"OBJECTID":292367,"PRIMENAME":"West Adams Avenue","ELEVTYP_F":0,"ELEVTYP_T":0},"geometry":{"type":"LineString","coordinates":[[-74.5227239074264,39.3967600298882],[-74.5227738938262,39.3967787208049],[-74.5230571583384,39.3968846436979],[-74.5232160694353,39.3969438363529]]}},{"type":"Feature","id":292578,"properties":{"OBJECTID":292578,"PRIMENAME":"Charles Avenue","ELEVTYP_F":0,"ELEVTYP_T":0},"geometry":{"type":"LineString","coordinates":[[-74.5153444583953,39.3929262133698],[-74.5176287868506,39.3937847860523]]}},{"type":"Feature","id":292765,"properties":{"OBJECTID":292765,"PRIMENAME":"Woodland Avenue","ELEVTYP_F":0,"ELEVTYP_T":0},"geometry":{"type":"LineString","coordinates":[[-74.5218803531015,39.3987393693561],[-74.5221285442028,39.3988814377051],[-74.5224221108614,39.3990477959629],[-74.5226840448826,39.3992211877171]]}},{"type":"Feature","id":293547,"properties":{"OBJECTID":293547,"PRIMENAME":"Atlantic City Expressway","ELEVTYP_F":0,"ELEVTYP_T":0},"geometry":{"type":"LineString","coordinates":[[-74.5183917944425,39.3989477093206],[-74.5180026428656,39.3987437138371],[-74.5178872243883,39.3986832174497],[-74.5171284651983,39.3982809552218],[-74.5168561515702,39.3981372050947]]}},{"type":"Feature","id":293600,"properties":{"OBJECTID":293600,"PRIMENAME":"Wesley Avenue","ELEVTYP_F":0,"ELEVTYP_T":0},"geometry":{"type":"LineString","coordinates":[[-74.530259066984,39.3984690766216],[-74.529029159296,39.3980041113543],[-74.5286740533021,39.3978705408516]]}},{"type":"Feature","id":294053,"properties":{"OBJECTID":294053,"PRIMENAME":"FR US 30 WB to CO 651","ELEVTYP_F":0,"ELEVTYP_T":0},"geometry":{"type":"LineString","coordinates":[[-74.5105570126305,39.4316067591925],[-74.5105948381624,39.4316959618374],[-74.5105872409332,39.4317928560277],[-74.5105342835407,39.431851590201],[-74.5104132118335,39.4319522842603]]}},{"type":"Feature","id":294230,"properties":{"OBJECTID":294230,"PRIMENAME":"Ambassador Avenue","ELEVTYP_F":0,"ELEVTYP_T":0},"geometry":{"type":"LineString","coordinates":[[-74.5077127277311,39.4338472872242],[-74.5082011804108,39.4334184395859],[-74.508345869973,39.4332881495313]]}},{"type":"Feature","id":294587,"properties":{"OBJECTID":294587,"PRIMENAME":"FR RAMP X100560 TO US 9 NB","ELEVTYP_F":0,"ELEVTYP_T":0},"geometry":{"type":"LineString","coordinates":[[-74.5247328215189,39.4018484164527],[-74.5243952398963,39.4016606648558]]}},{"type":"Feature","id":294660,"properties":{"OBJECTID":294660,"PRIMENAME":"South Franklin Boulevard","ELEVTYP_F":0,"ELEVTYP_T":0},"geometry":{"type":"LineString","coordinates":[[-74.5202233054177,39.389880422027],[-74.5201430227373,39.3900185428827],[-74.5201336742444,39.3900475864557]]}},{"type":"Feature","id":294820,"properties":{"OBJECTID":294820,"PRIMENAME":"Unnamed Segment","ELEVTYP_F":0,"ELEVTYP_T":0},"geometry":{"type":"LineString","coordinates":[[-74.52559549962,39.3874284784574],[-74.5251599228143,39.3879244875626]]}},{"type":"Feature","id":295008,"properties":{"OBJECTID":295008,"PRIMENAME":"West Delilah Road","ELEVTYP_F":0,"ELEVTYP_T":0},"geometry":{"type":"LineString","coordinates":[[-74.5214561177471,39.4084141494724],[-74.5211070097954,39.4082629191054],[-74.5204085027721,39.407962037977],[-74.5201865233591,39.4078674068943]]}},{"type":"Feature","id":295460,"properties":{"OBJECTID":295460,"PRIMENAME":"6th Avenue","ELEVTYP_F":0,"ELEVTYP_T":0},"geometry":{"type":"LineString","coordinates":[[-74.5258775590407,39.4443615208372],[-74.5255111646519,39.4446803702733],[-74.5254275788763,39.4447483032332],[-74.5254227309286,39.4447522425755]]}},{"type":"Feature","id":295539,"properties":{"OBJECTID":295539,"PRIMENAME":"Brighton Avenue","ELEVTYP_F":0,"ELEVTYP_T":0},"geometry":{"type":"LineString","coordinates":[[-74.5212193610763,39.4027016079435],[-74.5215261664417,39.4028257380898],[-74.5218238738825,39.4029444318842],[-74.5220365296073,39.4030301662609],[-74.5222279068889,39.4030928131307],[-74.5223895121262,39.4031257569355],[-74.5225511154021,39.4031521390669],[-74.5226999451637,39.4031850858167],[-74.5228403163451,39.4032180880851],[-74.5228420860934,39.4032187192006]]}},{"type":"Feature","id":295797,"properties":{"OBJECTID":295797,"PRIMENAME":"East Ocean Avenue","ELEVTYP_F":0,"ELEVTYP_T":0},"geometry":{"type":"LineString","coordinates":[[-74.4758923004696,39.4479543157961],[-74.4753881695233,39.447809103688],[-74.4740720249554,39.4474319517035],[-74.4738380420097,39.447357657498]]}},{"type":"Feature","id":296265,"properties":{"OBJECTID":296265,"PRIMENAME":"Montclaire Drive","ELEVTYP_F":0,"ELEVTYP_T":0},"geometry":{"type":"LineString","coordinates":[[-74.5017375504872,39.4099635276632],[-74.5016999243378,39.4099154794429],[-74.501673342689,39.4098680625135],[-74.5016626874459,39.4098267960268],[-74.5016547225817,39.4097773186904],[-74.5016521032373,39.409744316045],[-74.5016414130928,39.4096989581132],[-74.5016169195034,39.4096540120397],[-74.5016121757038,39.4096453364814],[-74.5015696662808,39.4095710947626],[-74.5014898856429,39.4094617915936],[-74.5013622871412,39.4093380734033],[-74.5012586167009,39.4092555953341],[-74.5010432777776,39.4091462932434],[-74.5008120486062,39.4090617566167],[-74.4997912194989,39.4086781923311]]}},{"type":"Feature","id":297001,"properties":{"OBJECTID":297001,"PRIMENAME":"Woodland Avenue","ELEVTYP_F":0,"ELEVTYP_T":0},"geometry":{"type":"LineString","coordinates":[[-74.5191426551695,39.397199456803],[-74.519610835482,39.3974484655194],[-74.519683929217,39.3974873039461],[-74.5198083665324,39.3975534252511]]}},{"type":"Feature","id":297817,"properties":{"OBJECTID":297817,"PRIMENAME":"South Pitney Road","ELEVTYP_F":0,"ELEVTYP_T":0},"geometry":{"type":"LineString","coordinates":[[-74.4968691168114,39.446686312126],[-74.4966866193374,39.4477518876997],[-74.4966347244863,39.4480528890202]]}},{"type":"Feature","id":297904,"properties":{"OBJECTID":297904,"PRIMENAME":"Unnamed Segment","ELEVTYP_F":0,"ELEVTYP_T":0},"geometry":{"type":"LineString","coordinates":[[-74.5258076419576,39.4090715383476],[-74.5275203351442,39.4097888156582],[-74.5275992625164,39.4098388779458],[-74.5276064607143,39.4099000857309],[-74.5275347751796,39.4100225226059],[-74.5269680257443,39.4107772715191]]}},{"type":"Feature","id":298070,"properties":{"OBJECTID":298070,"PRIMENAME":"Chestnut Street","ELEVTYP_F":0,"ELEVTYP_T":0},"geometry":{"type":"LineString","coordinates":[[-74.5281944395578,39.387150180978],[-74.5276818951239,39.3879850948515],[-74.527525813004,39.3882381996304]]}},{"type":"Feature","id":298811,"properties":{"OBJECTID":298811,"PRIMENAME":"South 4th Avenue","ELEVTYP_F":0,"ELEVTYP_T":0},"geometry":{"type":"LineString","coordinates":[[-74.5292718710041,39.4485694137108],[-74.5286804200312,39.4490765416192],[-74.5280877229846,39.4495892409019]]}},{"type":"Feature","id":299834,"properties":{"OBJECTID":299834,"PRIMENAME":"Colony Club Drive","ELEVTYP_F":0,"ELEVTYP_T":0},"geometry":{"type":"LineString","coordinates":[[-74.4883866646921,39.4234201721224],[-74.4881411251598,39.423820050239]]}},{"type":"Feature","id":300000,"properties":{"OBJECTID":300000,"PRIMENAME":"West Adams Avenue","ELEVTYP_F":0,"ELEVTYP_T":0},"geometry":{"type":"LineString","coordinates":[[-74.526557925579,39.3981947839447],[-74.5272043585483,39.398450584455]]}},{"type":"Feature","id":300041,"properties":{"OBJECTID":300041,"PRIMENAME":"FR US 9 NB to NEW JERSEY AVE","ELEVTYP_F":0,"ELEVTYP_T":0},"geometry":{"type":"LineString","coordinates":[[-74.5052403625868,39.4285623706996],[-74.5051012373367,39.4287249458955],[-74.5050262224013,39.4288010585747],[-74.5049613645913,39.4288223670592],[-74.5049127203367,39.4288383492997],[-74.504821908615,39.4288211100063],[-74.5047194117751,39.4287858605408]]}},{"type":"Feature","id":300586,"properties":{"OBJECTID":300586,"PRIMENAME":"Nevada Avenue","ELEVTYP_F":0,"ELEVTYP_T":0},"geometry":{"type":"LineString","coordinates":[[-74.4984640761201,39.4129319344206],[-74.498704589094,39.4130232299708],[-74.4988295350673,39.4130688559868],[-74.499110822617,39.4131715759621]]}},{"type":"Feature","id":301192,"properties":{"OBJECTID":301192,"PRIMENAME":"South Main Street","ELEVTYP_F":0,"ELEVTYP_T":0},"geometry":{"type":"LineString","coordinates":[[-74.5261350182875,39.3877196726847],[-74.5259628104055,39.387913692474],[-74.5256989947308,39.3882075360989]]}},{"type":"Feature","id":301288,"properties":{"OBJECTID":301288,"PRIMENAME":"South Main Street","ELEVTYP_F":0,"ELEVTYP_T":0},"geometry":{"type":"LineString","coordinates":[[-74.5235609451441,39.3905941873119],[-74.5233534951092,39.3908331289139]]}},{"type":"Feature","id":301602,"properties":{"OBJECTID":301602,"PRIMENAME":"Montclaire Drive","ELEVTYP_F":0,"ELEVTYP_T":0},"geometry":{"type":"LineString","coordinates":[[-74.5055285642669,39.4108375419529],[-74.5052396985127,39.4107206177369],[-74.5049740535841,39.4106159931607],[-74.5047590256673,39.4105309691659],[-74.5045819416005,39.4104622802264]]}},{"type":"Feature","id":302832,"properties":{"OBJECTID":302832,"PRIMENAME":"Whalers Drive","ELEVTYP_F":0,"ELEVTYP_T":0},"geometry":{"type":"LineString","coordinates":[[-74.512975507529,39.4137636980988],[-74.5130418393019,39.4137882654424],[-74.5132876232282,39.4138792969313]]}},{"type":"Feature","id":303110,"properties":{"OBJECTID":303110,"PRIMENAME":"FR US 9 NB TO ACE EB","ELEVTYP_F":0,"ELEVTYP_T":0},"geometry":{"type":"LineString","coordinates":[[-74.5245723578453,39.4013740568398],[-74.5244574621155,39.4014559865893],[-74.5243611142697,39.4015004920734],[-74.5243590513466,39.4015014446545],[-74.5242809522779,39.4015226848069],[-74.5241716016289,39.4015348432002],[-74.5240544532171,39.4015136436562]]}},{"type":"Feature","id":304265,"properties":{"OBJECTID":304265,"PRIMENAME":"Black Horse Pike","ELEVTYP_F":0,"ELEVTYP_T":0},"geometry":{"type":"LineString","coordinates":[[-74.5106320323077,39.3863630806654],[-74.5106890312049,39.3863670236732],[-74.5107930004837,39.3863670140736],[-74.5109781761724,39.3863669967461],[-74.5113000120572,39.3863488723479],[-74.5115964952907,39.3863109219566],[-74.5117244144562,39.386294548703],[-74.5121721345287,39.3862438179893],[-74.5123893414359,39.3862143882599],[-74.512517352936,39.3862035567816],[-74.512613308637,39.3861966003052],[-74.5126182131345,39.3861964313226],[-74.5128204002982,39.3861894667079],[-74.5131188859653,39.3861966813139],[-74.5133427534275,39.386211125495],[-74.5135670479782,39.3862425646957]]}},{"type":"Feature","id":304289,"properties":{"OBJECTID":304289,"PRIMENAME":"Madison Avenue","ELEVTYP_F":0,"ELEVTYP_T":0},"geometry":{"type":"LineString","coordinates":[[-74.518619490323,39.3946623439905],[-74.5188673233702,39.3942559386015]]}},{"type":"Feature","id":304423,"properties":{"OBJECTID":304423,"PRIMENAME":"Laurel Street","ELEVTYP_F":0,"ELEVTYP_T":0},"geometry":{"type":"LineString","coordinates":[[-74.5245832932819,39.4185661876068],[-74.524432978878,39.4185318168006],[-74.5243107689645,39.418491727953],[-74.5242543735722,39.4184771602676],[-74.5241791864689,39.4184771759206],[-74.5241133897123,39.4185027245742],[-74.5240663884317,39.4185245895328],[-74.5240335205816,39.4185756374929],[-74.5239771651513,39.4186777323515],[-74.5238550397509,39.4188855478334],[-74.5237047212036,39.4191553386],[-74.5234557569111,39.4195673458525],[-74.5229390958617,39.4204033601276],[-74.5229170534617,39.4204383713747],[-74.5229026532168,39.4204596258922],[-74.5228874273502,39.4204777728091]]}},{"type":"Feature","id":304474,"properties":{"OBJECTID":304474,"PRIMENAME":"East Elm Avenue","ELEVTYP_F":0,"ELEVTYP_T":0},"geometry":{"type":"LineString","coordinates":[[-74.4968691168114,39.446686312126],[-74.4964883235071,39.4466534915582],[-74.4960756247063,39.4466112229224],[-74.495001169646,39.4465055570608],[-74.4938232393102,39.4463843028584],[-74.4929768522368,39.4462971685641],[-74.492325442827,39.4462257411132]]}},{"type":"Feature","id":305584,"properties":{"OBJECTID":305584,"PRIMENAME":"Franklin Avenue","ELEVTYP_F":0,"ELEVTYP_T":0},"geometry":{"type":"LineString","coordinates":[[-74.5192875518364,39.3914847596003],[-74.5192222451888,39.3915689812466],[-74.519029862734,39.3918170819027],[-74.5188981983055,39.3919630625622],[-74.5188496555456,39.3920162809738],[-74.5188342765769,39.3920331420252],[-74.5187364582209,39.3921178064409],[-74.5187329206148,39.3921212390766]]}},{"type":"Feature","id":306068,"properties":{"OBJECTID":306068,"PRIMENAME":"Martin Terrace","ELEVTYP_F":0,"ELEVTYP_T":0},"geometry":{"type":"LineString","coordinates":[[-74.5247181069698,39.4028713400865],[-74.5247244013714,39.4028746762242],[-74.5251054611755,39.4030767140962],[-74.5255194700471,39.4032886982635],[-74.5259217646216,39.4034946157516],[-74.5261365942159,39.4036066455868],[-74.5262381525843,39.4036611789542],[-74.5263084582687,39.4037126439631],[-74.5263514393503,39.403755054846],[-74.5263904923695,39.4038004860952],[-74.5264295871556,39.403861074231],[-74.5264569417089,39.4039459083316],[-74.5264647790978,39.4039882992332]]}},{"type":"Feature","id":306151,"properties":{"OBJECTID":306151,"PRIMENAME":"Woodland Avenue","ELEVTYP_F":0,"ELEVTYP_T":0},"geometry":{"type":"LineString","coordinates":[[-74.5249829474845,39.4007210797455],[-74.5252298125035,39.400880603787],[-74.5254631614969,39.4010469394318],[-74.5255911230418,39.401119890836],[-74.5256213670224,39.4011360526979],[-74.5257604607108,39.40121037789],[-74.5259449125707,39.4013037438968],[-74.5259634327721,39.4013124063935],[-74.5261820314143,39.4014146427141],[-74.5263438610494,39.4014846202142],[-74.5266374375386,39.401621808756],[-74.5267756592495,39.401681687647]]}},{"type":"Feature","id":306812,"properties":{"OBJECTID":306812,"PRIMENAME":"Atlantic City Expressway","ELEVTYP_F":0,"ELEVTYP_T":0},"geometry":{"type":"LineString","coordinates":[[-74.5206458101841,39.4001326688319],[-74.5205365779529,39.4000761996803],[-74.5199064038551,39.399740421207],[-74.5199062366377,39.3997403338577],[-74.5194180402651,39.3994853069997],[-74.5192890644594,39.3994179222247],[-74.5189590147277,39.3992450555187],[-74.5184195786391,39.398962312357],[-74.5183917944425,39.3989477093206]]}},{"type":"Feature","id":307417,"properties":{"OBJECTID":307417,"PRIMENAME":"North Main Street","ELEVTYP_F":0,"ELEVTYP_T":1},"geometry":{"type":"LineString","coordinates":[[-74.5174650864707,39.3974569344983],[-74.5168561515702,39.3981372050947]]}},{"type":"Feature","id":307535,"properties":{"OBJECTID":307535,"PRIMENAME":"Ocean Avenue","ELEVTYP_F":0,"ELEVTYP_T":0},"geometry":{"type":"LineString","coordinates":[[-74.4762309840395,39.4472664547171],[-74.4758923004696,39.4479543157961]]}},{"type":"Feature","id":307588,"properties":{"OBJECTID":307588,"PRIMENAME":"Bay Drive","ELEVTYP_F":0,"ELEVTYP_T":0},"geometry":{"type":"LineString","coordinates":[[-74.5174119095472,39.3861138852643],[-74.5173782965792,39.3861144127572],[-74.517263905714,39.3861144297878],[-74.5171562359584,39.3861092282486],[-74.5170485275789,39.3860883498944],[-74.5168567045551,39.3860257223072],[-74.5166607054816,39.3859545004142]]}},{"type":"Feature","id":309367,"properties":{"OBJECTID":309367,"PRIMENAME":"West Leeds Avenue","ELEVTYP_F":0,"ELEVTYP_T":0},"geometry":{"type":"LineString","coordinates":[[-74.5155321977326,39.4110378096332],[-74.5152712999951,39.4109347798408],[-74.5148813734049,39.4107807923673],[-74.5138138201952,39.4103586434449],[-74.5137032168854,39.4103157522336]]}},{"type":"Feature","id":310067,"properties":{"OBJECTID":310067,"PRIMENAME":"6th Avenue","ELEVTYP_F":0,"ELEVTYP_T":0},"geometry":{"type":"LineString","coordinates":[[-74.498430605244,39.4107240204232],[-74.498346312228,39.4108567992498],[-74.4980182741089,39.4113735246637]]}},{"type":"Feature","id":310625,"properties":{"OBJECTID":310625,"PRIMENAME":"Pleasant Acres Road","ELEVTYP_F":0,"ELEVTYP_T":0},"geometry":{"type":"LineString","coordinates":[[-74.5165623434486,39.4057625536137],[-74.5163631749168,39.4054665393206],[-74.5166215591838,39.4051613837046]]}},{"type":"Feature","id":310931,"properties":{"OBJECTID":310931,"PRIMENAME":"East Delilah Road","ELEVTYP_F":0,"ELEVTYP_T":0},"geometry":{"type":"LineString","coordinates":[[-74.5070931719134,39.4022709694588],[-74.5067627531158,39.402131729475],[-74.5057336361049,39.4016920135352],[-74.5053287941569,39.4015166950384],[-74.5042322402518,39.4010455857541],[-74.5037531566435,39.4008388002723],[-74.5025756521052,39.4003362948127],[-74.501334073345,39.3998049218055],[-74.5009932732857,39.3996583617806],[-74.500562838526,39.3994739737785],[-74.5004185143658,39.399412148636],[-74.4995695724526,39.3990484734658],[-74.4981728623406,39.3984516639773],[-74.497778109051,39.3982789009705],[-74.4970571306091,39.3979730972238]]}},{"type":"Feature","id":311768,"properties":{"OBJECTID":311768,"PRIMENAME":"Linden Avenue","ELEVTYP_F":0,"ELEVTYP_T":0},"geometry":{"type":"LineString","coordinates":[[-74.5198083665324,39.3975534252511],[-74.5198832403051,39.3975308158128],[-74.5199405265142,39.397502909913],[-74.5199842902592,39.3974668801565],[-74.5201013854503,39.3973305377245],[-74.5202313630879,39.3971910581342],[-74.5202341208093,39.3971880976128],[-74.5203512176892,39.3970608431338],[-74.5204605283916,39.3969335908046],[-74.5205307822268,39.3968457176101],[-74.5206127371018,39.3967124012411],[-74.5207210509154,39.3965389871333],[-74.520737631514,39.3965124401863],[-74.5209210645731,39.3962245806273],[-74.5209912392794,39.3961094145957]]}},{"type":"Feature","id":311778,"properties":{"OBJECTID":311778,"PRIMENAME":"East Wright Street","ELEVTYP_F":0,"ELEVTYP_T":0},"geometry":{"type":"LineString","coordinates":[[-74.5261350182875,39.3877196726847],[-74.5259432407468,39.3876194992023],[-74.52559549962,39.3874284784574]]}},{"type":"Feature","id":312384,"properties":{"OBJECTID":312384,"PRIMENAME":"FR US 30 EB to US 30 WB","ELEVTYP_F":0,"ELEVTYP_T":0},"geometry":{"type":"LineString","coordinates":[[-74.4923266766172,39.4010705054303],[-74.4924185594569,39.4006353252323],[-74.4924483594464,39.4002919832363],[-74.4924782010622,39.3998826357376],[-74.4925123042902,39.3993346052576],[-74.4925165577678,39.3992751894253],[-74.4925378318914,39.3992190698244],[-74.4925804112467,39.3991629506783],[-74.4926357292165,39.3991101283635],[-74.4927293415538,39.3990275999156],[-74.4928059302148,39.3989582770229],[-74.4928570017586,39.3988955418946],[-74.4928868063574,39.3988328324696],[-74.4928825652956,39.3987733890751],[-74.4928655486144,39.3987205892256],[-74.4928187339689,39.3986776990818],[-74.4927549311714,39.3986446374327],[-74.4926825988606,39.3986281310843],[-74.4924918555306,39.398622353792]]}},{"type":"Feature","id":312433,"properties":{"OBJECTID":312433,"PRIMENAME":"Frankfort Avenue","ELEVTYP_F":0,"ELEVTYP_T":0},"geometry":{"type":"LineString","coordinates":[[-74.5184383862335,39.387870291579],[-74.51830749062,39.388087136103],[-74.5177008532048,39.3891024105033]]}},{"type":"Feature","id":314240,"properties":{"OBJECTID":314240,"PRIMENAME":"Clearview Avenue","ELEVTYP_F":0,"ELEVTYP_T":0},"geometry":{"type":"LineString","coordinates":[[-74.5092827153389,39.399931929895],[-74.5090960988114,39.4001367981651],[-74.5089148629862,39.4003526474114],[-74.5088937744105,39.4003886721559],[-74.5088853557426,39.400418106552],[-74.5088891457697,39.4004386986291]]}},{"type":"Feature","id":314351,"properties":{"OBJECTID":314351,"PRIMENAME":"North Main Street","ELEVTYP_F":0,"ELEVTYP_T":0},"geometry":{"type":"LineString","coordinates":[[-74.5156177984389,39.399526734307],[-74.5152799393505,39.3999047806671],[-74.5150215291962,39.4001939245032]]}},{"type":"Feature","id":314365,"properties":{"OBJECTID":314365,"PRIMENAME":"North Main Street","ELEVTYP_F":0,"ELEVTYP_T":0},"geometry":{"type":"LineString","coordinates":[[-74.5150215291962,39.4001939245032],[-74.5149001023681,39.4003297677704],[-74.514775064942,39.4004694280705]]}},{"type":"Feature","id":315376,"properties":{"OBJECTID":315376,"PRIMENAME":"North Franklin Boulevard","ELEVTYP_F":0,"ELEVTYP_T":0},"geometry":{"type":"LineString","coordinates":[[-74.5021834252567,39.4115252186784],[-74.5019806212608,39.4118490713322],[-74.5014732814153,39.4126599516576]]}},{"type":"Feature","id":315633,"properties":{"OBJECTID":315633,"PRIMENAME":"Brook Lane","ELEVTYP_F":0,"ELEVTYP_T":0},"geometry":{"type":"LineString","coordinates":[[-74.4913434301587,39.4426631306038],[-74.4919470714234,39.442726076596],[-74.4920441986391,39.4427383328127],[-74.4921404409443,39.4427542415969],[-74.4922355700055,39.4427737652054],[-74.4923293601301,39.4427968573187],[-74.4924129250155,39.4428172681403],[-74.4924977712838,39.442834205321],[-74.4925836589358,39.4428476209516],[-74.4926703450262,39.442857477084],[-74.4927575843508,39.4428637458386],[-74.4928451301401,39.4428664094835],[-74.4929327347578,39.442865460484],[-74.4930201504011,39.4428609015245],[-74.4931453278347,39.4428551229333],[-74.4932707216533,39.442856014666],[-74.493395741333,39.4428635725232],[-74.4935197981115,39.4428777609122],[-74.4937201150877,39.4429016763417],[-74.4941410420004,39.4429519258284]]}},{"type":"Feature","id":316091,"properties":{"OBJECTID":316091,"PRIMENAME":"East West Jersey Avenue","ELEVTYP_F":0,"ELEVTYP_T":0},"geometry":{"type":"LineString","coordinates":[[-74.5202233054177,39.389880422027],[-74.5200767633953,39.3898244362486],[-74.519648542126,39.3896935413051],[-74.5193550770564,39.3896030658894]]}},{"type":"Feature","id":316124,"properties":{"OBJECTID":316124,"PRIMENAME":"Wisteria Street","ELEVTYP_F":0,"ELEVTYP_T":0},"geometry":{"type":"LineString","coordinates":[[-74.5240951545087,39.4218808324002],[-74.5242000033938,39.4217597277856]]}},{"type":"Feature","id":316251,"properties":{"OBJECTID":316251,"PRIMENAME":"Morton Avenue","ELEVTYP_F":0,"ELEVTYP_T":0},"geometry":{"type":"LineString","coordinates":[[-74.5166767294003,39.4379338331942],[-74.5165717652032,39.4380245909457]]}},{"type":"Feature","id":316342,"properties":{"OBJECTID":316342,"PRIMENAME":"South 4th Street","ELEVTYP_F":0,"ELEVTYP_T":0},"geometry":{"type":"LineString","coordinates":[[-74.5281306865482,39.3934575402178],[-74.5283504439779,39.3930994927398],[-74.5284480125616,39.3929510388497],[-74.5284909104387,39.3928904312277],[-74.5285182473727,39.3928480047408],[-74.5285260216361,39.3928237585797],[-74.5285300113518,39.3928026976905],[-74.5285268942105,39.3927941327039]]}},{"type":"Feature","id":316350,"properties":{"OBJECTID":316350,"PRIMENAME":"North Hampden Court","ELEVTYP_F":0,"ELEVTYP_T":0},"geometry":{"type":"LineString","coordinates":[[-74.5176860565122,39.3907619722359],[-74.5180010899205,39.3902266025419]]}},{"type":"Feature","id":316550,"properties":{"OBJECTID":316550,"PRIMENAME":"5th Avenue","ELEVTYP_F":0,"ELEVTYP_T":0},"geometry":{"type":"LineString","coordinates":[[-74.5269824184106,39.4469633057364],[-74.5274133556372,39.4465936154722],[-74.5278272627297,39.4462411707073],[-74.5281778635555,39.4459261066384]]}},{"type":"Feature","id":316871,"properties":{"OBJECTID":316871,"PRIMENAME":"Whalers Drive","ELEVTYP_F":0,"ELEVTYP_T":0},"geometry":{"type":"LineString","coordinates":[[-74.5132876232282,39.4138792969313],[-74.5134306094853,39.413653392855],[-74.5134495615946,39.4136284564826],[-74.5134731790758,39.4136060445131],[-74.5135009127377,39.4135866776705],[-74.5135321204743,39.4135708037249],[-74.5135660765544,39.4135587929876],[-74.5142453899323,39.4133485241771],[-74.5142772981696,39.4133408958816],[-74.5143103685176,39.4133373408584],[-74.5143437462954,39.4133379528954],[-74.5143765640259,39.413342715885],[-74.5144079716286,39.4133515065233],[-74.5148766772083,39.4135720249629]]}},{"type":"Feature","id":317305,"properties":{"OBJECTID":317305,"PRIMENAME":"Sharswood Avenue","ELEVTYP_F":0,"ELEVTYP_T":0},"geometry":{"type":"LineString","coordinates":[[-74.4787065390279,39.4420425006031],[-74.4780336219892,39.4418513614813]]}},{"type":"Feature","id":317396,"properties":{"OBJECTID":317396,"PRIMENAME":"West Mulberry Avenue","ELEVTYP_F":0,"ELEVTYP_T":0},"geometry":{"type":"LineString","coordinates":[[-74.5228420860934,39.4032187192006],[-74.5229550624553,39.4030299886402],[-74.5230272954667,39.4029244038519],[-74.5230740639966,39.4028683006784],[-74.5231080566901,39.4028155221857],[-74.5231208248359,39.4027891342262],[-74.5231335537028,39.4027528338361],[-74.5231351318244,39.4027393034601],[-74.5231377878854,39.4027165360349],[-74.5231250339634,39.4026769464739],[-74.5230867689999,39.4026538628878],[-74.5229761943326,39.4026077024063],[-74.5226911964277,39.4025087781003],[-74.5222957238017,39.4023406007575],[-74.5218153642147,39.4021398640714],[-74.5216960609138,39.402090008911],[-74.5215914474625,39.4020459754956],[-74.5209517797191,39.4017767288807],[-74.5209335704122,39.401769356382],[-74.5200884762847,39.4014271668174],[-74.5195815620537,39.4012164418553]]}},{"type":"Feature","id":317661,"properties":{"OBJECTID":317661,"PRIMENAME":"West Leeds Avenue","ELEVTYP_F":0,"ELEVTYP_T":0},"geometry":{"type":"LineString","coordinates":[[-74.5122052164297,39.4096267262946],[-74.5117297676803,39.4093856485241],[-74.5115124261852,39.4092754787258],[-74.5111922548675,39.4091131854393]]}},{"type":"Feature","id":317788,"properties":{"OBJECTID":317788,"PRIMENAME":"Stuart Place","ELEVTYP_F":0,"ELEVTYP_T":0},"geometry":{"type":"LineString","coordinates":[[-74.5044570303563,39.4123148550311],[-74.504537470006,39.4124009298178]]}},{"type":"Feature","id":318269,"properties":{"OBJECTID":318269,"PRIMENAME":"FR ACE WB TO FRANKLIN AVE","ELEVTYP_F":0,"ELEVTYP_T":0},"geometry":{"type":"LineString","coordinates":[[-74.5122787821655,39.3951072159005],[-74.5123208863349,39.3951992576707],[-74.5123695793631,39.3952893217271],[-74.5124247078973,39.3953771243777],[-74.5124860983117,39.3954623890525],[-74.5126038820118,39.3956179152456],[-74.5127253704072,39.3957717163981],[-74.5131370524825,39.3962766515193],[-74.5132350963799,39.3963894905144],[-74.5133368666891,39.3965003256062],[-74.5134422954238,39.3966090827338],[-74.5135513121516,39.3967156892242],[-74.5136517552964,39.396809477029],[-74.5137556208421,39.3969009933807],[-74.5138628235106,39.396990163129],[-74.5139732752824,39.3970769130499],[-74.5142521169707,39.3972804305947],[-74.5145346101889,39.3974808944673]]}},{"type":"Feature","id":318364,"properties":{"OBJECTID":318364,"PRIMENAME":"Unnamed Segment","ELEVTYP_F":0,"ELEVTYP_T":0},"geometry":{"type":"LineString","coordinates":[[-74.5128219031256,39.4337879545656],[-74.5124319468804,39.4335325800558],[-74.5124111558049,39.433517247987],[-74.5121965932751,39.4333590202403]]}},{"type":"Feature","id":318527,"properties":{"OBJECTID":318527,"PRIMENAME":"Holy Spirit Drive","ELEVTYP_F":0,"ELEVTYP_T":0},"geometry":{"type":"LineString","coordinates":[[-74.5085961366551,39.4143749826307],[-74.5085907463755,39.4143978534726],[-74.5085040603535,39.414765663298],[-74.5085040703916,39.4148482622644],[-74.5085421084537,39.4149190597487],[-74.5086296549274,39.4149650635081],[-74.5088754754154,39.4150365461023],[-74.5094639771726,39.4152206207584],[-74.5097225206236,39.415301488673],[-74.5097634321424,39.4153142847291],[-74.5097784851052,39.4153306339058],[-74.5097824260556,39.4153349132806],[-74.5097932020682,39.4153691202965],[-74.5097755346592,39.4154004543482],[-74.5091752336117,39.4163831294609],[-74.5087451516845,39.4171458409972],[-74.5085992276894,39.4173961078605],[-74.5086069249982,39.4175271927242],[-74.5087307160317,39.4185318654469],[-74.5087534471417,39.4186121548005],[-74.5087812251188,39.4186513195173],[-74.5088064785464,39.4186924400565],[-74.5088595022167,39.4187198536974],[-74.5089357363679,39.4187410355961],[-74.5094060170593,39.418832026214]]}},{"type":"Feature","id":319643,"properties":{"OBJECTID":319643,"PRIMENAME":"Richmond Avenue","ELEVTYP_F":0,"ELEVTYP_T":0},"geometry":{"type":"LineString","coordinates":[[-74.5189375273172,39.4055821297571],[-74.5190289028845,39.405653030533],[-74.5197082786449,39.40589612151],[-74.5198912213106,39.4059265068724],[-74.5201131942543,39.4059163445849],[-74.5203091827261,39.4059264346538]]}},{"type":"Feature","id":319796,"properties":{"OBJECTID":319796,"PRIMENAME":"Gail Lane","ELEVTYP_F":0,"ELEVTYP_T":0},"geometry":{"type":"LineString","coordinates":[[-74.5183826051136,39.4446727372621],[-74.5173120746994,39.4455918923327],[-74.5172100466003,39.4456794928126]]}},{"type":"Feature","id":320224,"properties":{"OBJECTID":320224,"PRIMENAME":"5th Avenue","ELEVTYP_F":0,"ELEVTYP_T":0},"geometry":{"type":"LineString","coordinates":[[-74.5282964559812,39.4458289927151],[-74.5282529143006,39.4458663989613]]}},{"type":"Feature","id":320372,"properties":{"OBJECTID":320372,"PRIMENAME":"East Dickinson Avenue","ELEVTYP_F":0,"ELEVTYP_T":0},"geometry":{"type":"LineString","coordinates":[[-74.4798292098349,39.4438341171491],[-74.4790796504041,39.4436152397943],[-74.4779801557443,39.4433008263469]]}},{"type":"Feature","id":320455,"properties":{"OBJECTID":320455,"PRIMENAME":"Cordova Avenue","ELEVTYP_F":0,"ELEVTYP_T":0},"geometry":{"type":"LineString","coordinates":[[-74.5135670479782,39.3862425646957],[-74.5129993659371,39.3871576209726]]}},{"type":"Feature","id":320814,"properties":{"OBJECTID":320814,"PRIMENAME":"South 8th Avenue","ELEVTYP_F":0,"ELEVTYP_T":0},"geometry":{"type":"LineString","coordinates":[[-74.5181113918304,39.4438777259023],[-74.5185725567753,39.4434787677706],[-74.5188337519565,39.4432555011196],[-74.5191810455543,39.4429586327119],[-74.5194979514962,39.4426877365231]]}},{"type":"Feature","id":320844,"properties":{"OBJECTID":320844,"PRIMENAME":"South 4th Avenue","ELEVTYP_F":0,"ELEVTYP_T":0},"geometry":{"type":"LineString","coordinates":[[-74.5305015789488,39.4475066754465],[-74.5301477191008,39.4478104071568],[-74.5296254563863,39.4482662063348],[-74.5292718710041,39.4485694137108]]}},{"type":"Feature","id":321329,"properties":{"OBJECTID":321329,"PRIMENAME":"Palermo Avenue","ELEVTYP_F":0,"ELEVTYP_T":0},"geometry":{"type":"LineString","coordinates":[[-74.515226159809,39.3883525646817],[-74.5146479240848,39.3881794699085],[-74.5143979244169,39.3881013319313]]}},{"type":"Feature","id":321456,"properties":{"OBJECTID":321456,"PRIMENAME":"Cordova Avenue","ELEVTYP_F":0,"ELEVTYP_T":0},"geometry":{"type":"LineString","coordinates":[[-74.5143968080481,39.384736579875],[-74.5143987996813,39.3847858645195],[-74.5143909190744,39.3848317723632],[-74.5143672614999,39.3848929760371],[-74.5136301139188,39.3861354497303]]}},{"type":"Feature","id":321469,"properties":{"OBJECTID":321469,"PRIMENAME":"FR US 30 WB to HADDON AVE","ELEVTYP_F":0,"ELEVTYP_T":0},"geometry":{"type":"LineString","coordinates":[[-74.5152276771853,39.4348601259346],[-74.5156466655253,39.4352610704864],[-74.5157030900006,39.435352877621],[-74.5157323232381,39.4354523478935],[-74.5157486677394,39.4355506119328],[-74.5157602689156,39.43565255547],[-74.5157728963371,39.4357514244415],[-74.5157878617703,39.4358534774134],[-74.5158082792857,39.4359571501761],[-74.5158344923283,39.4360040970985],[-74.5158652732697,39.4360570841422],[-74.5159295481768,39.4361036132784]]}},{"type":"Feature","id":321650,"properties":{"OBJECTID":321650,"PRIMENAME":"Pennsylvania Avenue","ELEVTYP_F":0,"ELEVTYP_T":0},"geometry":{"type":"LineString","coordinates":[[-74.5017198493952,39.4083864270516],[-74.5019425725815,39.408087915697]]}},{"type":"Feature","id":322445,"properties":{"OBJECTID":322445,"PRIMENAME":"West Adams Avenue","ELEVTYP_F":0,"ELEVTYP_T":0},"geometry":{"type":"LineString","coordinates":[[-74.5272043585483,39.398450584455],[-74.5280867342868,39.398799813649]]}},{"type":"Feature","id":322788,"properties":{"OBJECTID":322788,"PRIMENAME":"Ambassador Avenue","ELEVTYP_F":0,"ELEVTYP_T":0},"geometry":{"type":"LineString","coordinates":[[-74.5053658150716,39.4361688560222],[-74.5054456534237,39.4360880210121],[-74.5055250633615,39.4359684444494],[-74.5057118474731,39.4356641918167],[-74.5057585786642,39.4355809143415],[-74.5058034343704,39.4355200136631]]}},{"type":"Feature","id":322990,"properties":{"OBJECTID":322990,"PRIMENAME":"East West Jersey Avenue","ELEVTYP_F":0,"ELEVTYP_T":0},"geometry":{"type":"LineString","coordinates":[[-74.5193550770564,39.3896030658894],[-74.5193514652157,39.3896019530952],[-74.5189856017746,39.3894891821283],[-74.5185225656613,39.3893522479099]]}},{"type":"Feature","id":323472,"properties":{"OBJECTID":323472,"PRIMENAME":"North Main Street","ELEVTYP_F":0,"ELEVTYP_T":0},"geometry":{"type":"LineString","coordinates":[[-74.5049626644056,39.4117166698282],[-74.504776577005,39.4120164473017],[-74.504537470006,39.4124009298178]]}},{"type":"Feature","id":323828,"properties":{"OBJECTID":323828,"PRIMENAME":"East Brook Lane","ELEVTYP_F":0,"ELEVTYP_T":0},"geometry":{"type":"LineString","coordinates":[[-74.4788493840699,39.4401733258044],[-74.4788095237563,39.4401394098389],[-74.4787702955087,39.4401206498891],[-74.4787069143968,39.4401112754182],[-74.4786133320848,39.4400972553576],[-74.4783174995052,39.4400503600366],[-74.4780367849908,39.4400105236641],[-74.4775839896995,39.439942537897],[-74.4765607427736,39.4397878665998],[-74.4759238648432,39.4396964443254],[-74.4752839085205,39.4396026839427],[-74.4748643329577,39.4395323606719],[-74.4746771720326,39.4394995364614],[-74.4746575934535,39.4394966739678],[-74.4745172013611,39.4394761366464],[-74.4743572308173,39.4394526807619],[-74.4742575942337,39.4394386288369],[-74.4741700639902,39.4394339144784],[-74.4740885529065,39.4394315623848],[-74.4740070752395,39.4394362121396],[-74.4739346261334,39.4394385569186],[-74.4738470584321,39.4394408712305],[-74.473756514089,39.4394502137269],[-74.4736599110365,39.4394665828021],[-74.4735663188445,39.4394805923922],[-74.4734667095196,39.4394899317019],[-74.4733851957199,39.4394946080366],[-74.473297662782,39.4394969219429],[-74.4732100967748,39.4394945678437],[-74.4731255756495,39.4394921873582],[-74.4730048327611,39.439485158404],[-74.4728690058948,39.4394757639168],[-74.4727573306999,39.4394616799737],[-74.472588297045,39.4394382474582],[-74.4724222702814,39.4394171214512],[-74.472232096149,39.4393960173703],[-74.4720721228068,39.4393819491548],[-74.471981549792,39.4393725644869],[-74.4719091084407,39.4393584891723],[-74.4718276389757,39.4393397445953],[-74.4717521594401,39.4393093045618],[-74.4716797305187,39.4392648073778],[-74.4716073033698,39.4392133091514],[-74.4715379536051,39.439173480562],[-74.4714805680584,39.4391430447771],[-74.471414150661,39.4391172746769],[-74.4713598384074,39.4391055653641],[-74.4713054844034,39.4391078850345],[-74.47125116256,39.4391195684767],[-74.4712028585615,39.4391336143734],[-74.471139429056,39.439161686418],[-74.471082083589,39.4392061508501],[-74.471003551642,39.4392763376487],[-74.4707045504268,39.4395454444081],[-74.4704508867859,39.439781335102],[-74.470281808894,39.4399385676353]]}},{"type":"Feature","id":323984,"properties":{"OBJECTID":323984,"PRIMENAME":"6th Avenue","ELEVTYP_F":0,"ELEVTYP_T":0},"geometry":{"type":"LineString","coordinates":[[-74.4978451902753,39.4116485057298],[-74.4975451565113,39.4121401564405],[-74.4974202014481,39.412346103111]]}},{"type":"Feature","id":325469,"properties":{"OBJECTID":325469,"PRIMENAME":"South Main Street","ELEVTYP_F":0,"ELEVTYP_T":0},"geometry":{"type":"LineString","coordinates":[[-74.5248434446203,39.3891584074738],[-74.5241447559175,39.389929205961]]}},{"type":"Feature","id":325567,"properties":{"OBJECTID":325567,"PRIMENAME":"East Windsor Avenue","ELEVTYP_F":0,"ELEVTYP_T":0},"geometry":{"type":"LineString","coordinates":[[-74.5207159683854,39.4071403753369],[-74.5220293503857,39.407735137404],[-74.5214561177471,39.4084141494724]]}},{"type":"Feature","id":328344,"properties":{"OBJECTID":328344,"PRIMENAME":"Richmond Avenue","ELEVTYP_F":0,"ELEVTYP_T":0},"geometry":{"type":"LineString","coordinates":[[-74.5181910948061,39.405311755855],[-74.5185374704891,39.4054368280695],[-74.5187154205702,39.405501083556],[-74.5189375273172,39.4055821297571]]}},{"type":"Feature","id":328465,"properties":{"OBJECTID":328465,"PRIMENAME":"New Jersey Avenue","ELEVTYP_F":0,"ELEVTYP_T":0},"geometry":{"type":"LineString","coordinates":[[-74.5092202020061,39.4328552877096],[-74.5092499930921,39.4329641774575],[-74.5093479006056,39.433033634696],[-74.5095011168861,39.4331423765673],[-74.509807514214,39.4333469287411],[-74.5101352312582,39.4335745963319],[-74.5104799464936,39.4338122008679],[-74.5108332344184,39.4340563388653],[-74.5108350397853,39.4340576016162]]}},{"type":"Feature","id":328748,"properties":{"OBJECTID":328748,"PRIMENAME":"Roosevelt Drive","ELEVTYP_F":0,"ELEVTYP_T":0},"geometry":{"type":"LineString","coordinates":[[-74.5232265053073,39.3870097127076],[-74.5232233553794,39.3870080657631],[-74.5231292791721,39.3869204982815],[-74.5230238757171,39.3868154149991],[-74.5229448714595,39.3867249338791],[-74.5228470047703,39.3866198768713],[-74.5227679369949,39.386546884781],[-74.5226776588222,39.3864943782402],[-74.5225497336063,39.3864418510066],[-74.5223164699456,39.3863689163157]]}},{"type":"Feature","id":328816,"properties":{"OBJECTID":328816,"PRIMENAME":"Unnamed Segment","ELEVTYP_F":0,"ELEVTYP_T":0},"geometry":{"type":"LineString","coordinates":[[-74.525708954118,39.3936521482696],[-74.526451605884,39.3939425002356]]}},{"type":"Feature","id":329150,"properties":{"OBJECTID":329150,"PRIMENAME":"Tunis Avenue","ELEVTYP_F":0,"ELEVTYP_T":0},"geometry":{"type":"LineString","coordinates":[[-74.5216272296091,39.3875427339232],[-74.5211753021026,39.3873739043221],[-74.5207585181687,39.3872249726951]]}},{"type":"Feature","id":329642,"properties":{"OBJECTID":329642,"PRIMENAME":"East Merion Avenue","ELEVTYP_F":0,"ELEVTYP_T":0},"geometry":{"type":"LineString","coordinates":[[-74.515655032798,39.3962257102235],[-74.5165049354614,39.3965403823314],[-74.5178373322661,39.3970383852296]]}},{"type":"Feature","id":329697,"properties":{"OBJECTID":329697,"PRIMENAME":"FR US 30 EB to SHOPPING CENTER","ELEVTYP_F":0,"ELEVTYP_T":0},"geometry":{"type":"LineString","coordinates":[[-74.4921920977618,39.4174977491221],[-74.4920081324791,39.4172013164143],[-74.4918719776361,39.4170164158072],[-74.491795392664,39.4168777546574],[-74.4917102771715,39.4167357986177],[-74.4916337343499,39.4165509289722],[-74.4916074060049,39.4164898365578],[-74.4915692021751,39.4162719939992],[-74.4915981365504,39.4161579699997],[-74.4916402514669,39.4160575130018],[-74.4916763511975,39.4159714089204],[-74.4917966149063,39.4158128557584],[-74.491880805748,39.4156682488611],[-74.4919710153635,39.4155236963629],[-74.4920133258675,39.4154211223497]]}},{"type":"Feature","id":330138,"properties":{"OBJECTID":330138,"PRIMENAME":"East Dickinson Avenue","ELEVTYP_F":0,"ELEVTYP_T":0},"geometry":{"type":"LineString","coordinates":[[-74.4831084764141,39.4447659038028],[-74.4829611158139,39.4447251059545],[-74.4828184987149,39.4446856201798],[-74.4821703395284,39.4445061641355],[-74.4816560919627,39.4443604280723]]}},{"type":"Feature","id":330873,"properties":{"OBJECTID":330873,"PRIMENAME":"FR GENOA AVE to US 40 EB","ELEVTYP_F":0,"ELEVTYP_T":0},"geometry":{"type":"LineString","coordinates":[[-74.5162345531618,39.3866773553885],[-74.5161816159592,39.3866553425712],[-74.5161421960258,39.386640055071],[-74.516071179143,39.3866247440016],[-74.5159804934655,39.3866217090681],[-74.5156886958215,39.3866309189843],[-74.5155151800985,39.3866309422539],[-74.5153850393672,39.3866156665603],[-74.5152194079414,39.3865881489175],[-74.5150182815107,39.3865330970983],[-74.514667244681,39.3864342658577]]}},{"type":"Feature","id":331250,"properties":{"OBJECTID":331250,"PRIMENAME":"Chatham Avenue","ELEVTYP_F":0,"ELEVTYP_T":0},"geometry":{"type":"LineString","coordinates":[[-74.5088891457697,39.4004386986291],[-74.5088895698501,39.4004409776294],[-74.5089106651974,39.4004671416528],[-74.5089528181793,39.4004965721682],[-74.509129881329,39.4005652545751],[-74.5097580479116,39.4008268374175],[-74.5110964699105,39.4013933101251]]}},{"type":"Feature","id":331697,"properties":{"OBJECTID":331697,"PRIMENAME":"South Main Street","ELEVTYP_F":0,"ELEVTYP_T":0},"geometry":{"type":"LineString","coordinates":[[-74.5231646832051,39.3910506497908],[-74.522668420141,39.3916223388432],[-74.5224313896365,39.3918875330692]]}},{"type":"Feature","id":332919,"properties":{"OBJECTID":332919,"PRIMENAME":"East Washington Avenue","ELEVTYP_F":0,"ELEVTYP_T":0},"geometry":{"type":"LineString","coordinates":[[-74.5198760640268,39.3906987983624],[-74.5202260277342,39.3908534557987],[-74.5209974151966,39.3912124232042],[-74.5211432917853,39.3912825217408]]}},{"type":"Feature","id":333119,"properties":{"OBJECTID":333119,"PRIMENAME":"Woodland Avenue","ELEVTYP_F":0,"ELEVTYP_T":0},"geometry":{"type":"LineString","coordinates":[[-74.5239599938242,39.4000574145034],[-74.5240592834915,39.4001217888496],[-74.5241847996273,39.4002032846375],[-74.5248459219045,39.4006325339942],[-74.5249829474845,39.4007210797455]]}},{"type":"Feature","id":333184,"properties":{"OBJECTID":333184,"PRIMENAME":"Morton Avenue","ELEVTYP_F":0,"ELEVTYP_T":0},"geometry":{"type":"LineString","coordinates":[[-74.5174553773196,39.437141767346],[-74.5175762557959,39.4371226945664],[-74.5176696480881,39.4370683442951],[-74.5181719684377,39.4366255500065],[-74.5185942892325,39.4362532672788]]}},{"type":"Feature","id":333215,"properties":{"OBJECTID":333215,"PRIMENAME":"Genoa Avenue","ELEVTYP_F":0,"ELEVTYP_T":0},"geometry":{"type":"LineString","coordinates":[[-74.5166607054816,39.3859545004142],[-74.5162938836561,39.3865767154002],[-74.5162345531618,39.3866773553885]]}},{"type":"Feature","id":333320,"properties":{"OBJECTID":333320,"PRIMENAME":"Pennsylvania Avenue","ELEVTYP_F":0,"ELEVTYP_T":0},"geometry":{"type":"LineString","coordinates":[[-74.5171381875474,39.3921695338565],[-74.5172379031949,39.3920261677615],[-74.5172421317165,39.3920183958923],[-74.5173120727641,39.3918898352623],[-74.517458648866,39.3916502272109]]}},{"type":"Feature","id":333592,"properties":{"OBJECTID":333592,"PRIMENAME":"East Reading Avenue","ELEVTYP_F":0,"ELEVTYP_T":0},"geometry":{"type":"LineString","coordinates":[[-74.5092827153389,39.399931929895],[-74.5100572554785,39.4002544801693],[-74.5113683809527,39.4007972574299],[-74.5115565966362,39.4008774121854]]}},{"type":"Feature","id":334289,"properties":{"OBJECTID":334289,"PRIMENAME":"Frankfort Avenue","ELEVTYP_F":0,"ELEVTYP_T":0},"geometry":{"type":"LineString","coordinates":[[-74.5191709462174,39.3866565909146],[-74.5185124667598,39.38774755679],[-74.5184383862335,39.387870291579]]}},{"type":"Feature","id":334458,"properties":{"OBJECTID":334458,"PRIMENAME":"Kline Avenue","ELEVTYP_F":0,"ELEVTYP_T":0},"geometry":{"type":"LineString","coordinates":[[-74.5164237358522,39.4113898997599],[-74.516671908795,39.4110213707745],[-74.5168929809386,39.4107079229026],[-74.5171182993617,39.4104010912597],[-74.5173903908769,39.4100315410523],[-74.5176320879035,39.4097032344128]]}},{"type":"Feature","id":334883,"properties":{"OBJECTID":334883,"PRIMENAME":"Broad Street","ELEVTYP_F":0,"ELEVTYP_T":0},"geometry":{"type":"LineString","coordinates":[[-74.5300855222908,39.38693642453],[-74.5298652207754,39.3872972782073],[-74.5296282701912,39.3876853931571]]}},{"type":"Feature","id":335468,"properties":{"OBJECTID":335468,"PRIMENAME":"South Main Street","ELEVTYP_F":0,"ELEVTYP_T":0},"geometry":{"type":"LineString","coordinates":[[-74.5235609451441,39.3905941873119],[-74.522789508149,39.3903165075014],[-74.5219185804474,39.3899916193462]]}},{"type":"Feature","id":335522,"properties":{"OBJECTID":335522,"PRIMENAME":"Harrison Avenue","ELEVTYP_F":0,"ELEVTYP_T":0},"geometry":{"type":"LineString","coordinates":[[-74.5159429650121,39.4432352087077],[-74.5159358106605,39.4432296634824],[-74.5159196594124,39.4432136306107],[-74.5158954693558,39.4431955954637],[-74.5158730501702,39.4431789049596],[-74.5158569010096,39.4431719611185],[-74.5158371766827,39.4431685038457],[-74.5158147258088,39.4431657063237],[-74.5157914254627,39.4431671102289],[-74.515772587132,39.4431719725841],[-74.5157501742489,39.4431830950574],[-74.5157331453652,39.4431956175371],[-74.5157232698062,39.4432143986843],[-74.5157188111587,39.4432310928533],[-74.5157205865597,39.4432526459781],[-74.5157277791046,39.4432679387334],[-74.5157367405767,39.443281143202],[-74.5157591589766,39.4432943467479],[-74.5157896496689,39.4433033758023],[-74.51581925547,39.4433089459093],[-74.5158497433381,39.4433054547739],[-74.5158757685435,39.4432957316268],[-74.5158963740785,39.4432811214914],[-74.515913402847,39.4432630257582],[-74.5159429650121,39.4432352087077]]}},{"type":"Feature","id":335683,"properties":{"OBJECTID":335683,"PRIMENAME":"Brad Street","ELEVTYP_F":0,"ELEVTYP_T":0},"geometry":{"type":"LineString","coordinates":[[-74.5298048732155,39.3955740405944],[-74.5299725886393,39.395636237671]]}},{"type":"Feature","id":335794,"properties":{"OBJECTID":335794,"PRIMENAME":"Elmhurst Avenue","ELEVTYP_F":0,"ELEVTYP_T":0},"geometry":{"type":"LineString","coordinates":[[-74.5017375504872,39.4099635276632],[-74.5015416138455,39.4102726631351],[-74.5011373835318,39.4109104274134],[-74.5010254329015,39.4110909004947]]}},{"type":"Feature","id":336143,"properties":{"OBJECTID":336143,"PRIMENAME":"South Franklin Boulevard","ELEVTYP_F":0,"ELEVTYP_T":0},"geometry":{"type":"LineString","coordinates":[[-74.5218990421652,39.3870938225229],[-74.5217900131049,39.3872738761775]]}},{"type":"Feature","id":336223,"properties":{"OBJECTID":336223,"PRIMENAME":"7th Avenue","ELEVTYP_F":0,"ELEVTYP_T":0},"geometry":{"type":"LineString","coordinates":[[-74.5010254329015,39.4110909004947],[-74.5003174695184,39.4122321059506]]}},{"type":"Feature","id":336409,"properties":{"OBJECTID":336409,"PRIMENAME":"Sharswood Avenue","ELEVTYP_F":0,"ELEVTYP_T":0},"geometry":{"type":"LineString","coordinates":[[-74.4804490240635,39.4425425938671],[-74.4799714424502,39.4424050663274],[-74.479227986543,39.4421906120379],[-74.4787065390279,39.4420425006031]]}},{"type":"Feature","id":336666,"properties":{"OBJECTID":336666,"PRIMENAME":"Belmont Avenue","ELEVTYP_F":0,"ELEVTYP_T":0},"geometry":{"type":"LineString","coordinates":[[-74.5288379446064,39.4007251307348],[-74.5283550240637,39.4014417276846]]}},{"type":"Feature","id":336670,"properties":{"OBJECTID":336670,"PRIMENAME":"West Adams Avenue","ELEVTYP_F":0,"ELEVTYP_T":0},"geometry":{"type":"LineString","coordinates":[[-74.5296704178266,39.3993944319594],[-74.5298251632814,39.3994521879486],[-74.5306665180916,39.3997730633399],[-74.5310903709467,39.399934708128],[-74.5315240570238,39.400100098748],[-74.531643373984,39.400143942691]]}},{"type":"Feature","id":336799,"properties":{"OBJECTID":336799,"PRIMENAME":"East Leeds Avenue","ELEVTYP_F":0,"ELEVTYP_T":0},"geometry":{"type":"LineString","coordinates":[[-74.5064349998836,39.4071025868798],[-74.5057203570173,39.4067963468965],[-74.5054269411612,39.4066701711452]]}},{"type":"Feature","id":336993,"properties":{"OBJECTID":336993,"PRIMENAME":"North 1st Street","ELEVTYP_F":0,"ELEVTYP_T":0},"geometry":{"type":"LineString","coordinates":[[-74.5233302435506,39.3935842551148],[-74.5227889432903,39.3944537197498]]}},{"type":"Feature","id":337149,"properties":{"OBJECTID":337149,"PRIMENAME":"Seventh Street","ELEVTYP_F":0,"ELEVTYP_T":0},"geometry":{"type":"LineString","coordinates":[[-74.4968241883116,39.4199325047406],[-74.4967759435164,39.4200184433769],[-74.4967182997914,39.4201211276067],[-74.4966171205518,39.4202780108064],[-74.4965685835035,39.4203690271547],[-74.4965645456327,39.4204097999617],[-74.4965807195883,39.4204756957842],[-74.4966211780884,39.4205510101784],[-74.4967263437962,39.4206890644339]]}},{"type":"Feature","id":337153,"properties":{"OBJECTID":337153,"PRIMENAME":"New Jersey Avenue","ELEVTYP_F":0,"ELEVTYP_T":0},"geometry":{"type":"LineString","coordinates":[[-74.5108350397853,39.4340576016162],[-74.5117142143887,39.4346634788088],[-74.5122419820343,39.4350297195842],[-74.5127447894141,39.4353791031456]]}},{"type":"Feature","id":337262,"properties":{"OBJECTID":337262,"PRIMENAME":"Ansley Boulevard","ELEVTYP_F":0,"ELEVTYP_T":0},"geometry":{"type":"LineString","coordinates":[[-74.5218990421652,39.3870938225229],[-74.5216239465166,39.3869967878619],[-74.5211257379894,39.3868148139829],[-74.5210227989805,39.3867764763285],[-74.5210165005998,39.3867738137844]]}},{"type":"Feature","id":337271,"properties":{"OBJECTID":337271,"PRIMENAME":"South Franklin Boulevard","ELEVTYP_F":0,"ELEVTYP_T":0},"geometry":{"type":"LineString","coordinates":[[-74.5223164699456,39.3863689163157],[-74.5221679481256,39.386627050735]]}},{"type":"Feature","id":337536,"properties":{"OBJECTID":337536,"PRIMENAME":"West Wright Street","ELEVTYP_F":0,"ELEVTYP_T":0},"geometry":{"type":"LineString","coordinates":[[-74.527525813004,39.3882381996304],[-74.5271302773602,39.3880918936532],[-74.5261350182875,39.3877196726847]]}},{"type":"Feature","id":337935,"properties":{"OBJECTID":337935,"PRIMENAME":"Madison Avenue","ELEVTYP_F":0,"ELEVTYP_T":0},"geometry":{"type":"LineString","coordinates":[[-74.5183555376085,39.3950951755602],[-74.518619490323,39.3946623439905]]}},{"type":"Feature","id":338109,"properties":{"OBJECTID":338109,"PRIMENAME":"South Mill Road","ELEVTYP_F":0,"ELEVTYP_T":0},"geometry":{"type":"LineString","coordinates":[[-74.5230940337558,39.4290696221026],[-74.5230919676271,39.4291407892354],[-74.5230650304834,39.42928260646],[-74.5230537273072,39.4293421073721],[-74.5230112280308,39.4295137179838],[-74.5229687274645,39.4296820343536],[-74.5229432422338,39.4298074323891],[-74.5229304864131,39.4298866466526]]}},{"type":"Feature","id":338705,"properties":{"OBJECTID":338705,"PRIMENAME":"Linden Avenue","ELEVTYP_F":0,"ELEVTYP_T":0},"geometry":{"type":"LineString","coordinates":[[-74.5131265928175,39.4048471576815],[-74.5130685616462,39.4049119895848],[-74.5123393167908,39.4057267587782]]}},{"type":"Feature","id":339055,"properties":{"OBJECTID":339055,"PRIMENAME":"Elmhurst Avenue","ELEVTYP_F":0,"ELEVTYP_T":0},"geometry":{"type":"LineString","coordinates":[[-74.5025163601018,39.4088024056816],[-74.5020100739287,39.4095335272354],[-74.5019129570073,39.4096867634058],[-74.5017375504872,39.4099635276632]]}},{"type":"Feature","id":339425,"properties":{"OBJECTID":339425,"PRIMENAME":"Mill Road","ELEVTYP_F":0,"ELEVTYP_T":0},"geometry":{"type":"LineString","coordinates":[[-74.5267756592495,39.401681687647],[-74.5266927188322,39.4023269970667],[-74.5266750597164,39.4024643862045],[-74.5266633880113,39.4025764668021],[-74.5266646344085,39.4025961526673],[-74.526668745917,39.4026114725837],[-74.526678239107,39.4026357965945],[-74.5266863502393,39.4026531198798]]}},{"type":"Feature","id":339620,"properties":{"OBJECTID":339620,"PRIMENAME":"FR CO 651 NB TO CO 651 NB","ELEVTYP_F":0,"ELEVTYP_T":0},"geometry":{"type":"LineString","coordinates":[[-74.5230940337558,39.4290696221026],[-74.5229996754269,39.4293730334925],[-74.5229136246491,39.429533862902],[-74.5228197605016,39.429618859121],[-74.522733677627,39.4296795546925],[-74.5226084731739,39.4297432772884],[-74.5224793708853,39.429797968192],[-74.5223424402399,39.4298404699448],[-74.522081182548,39.4299254975979]]}},{"type":"Feature","id":339693,"properties":{"OBJECTID":339693,"PRIMENAME":"South 4th Avenue","ELEVTYP_F":0,"ELEVTYP_T":0},"geometry":{"type":"LineString","coordinates":[[-74.5280877229846,39.4495892409019],[-74.5279778349088,39.4496842941381],[-74.527222411996,39.4503282135701],[-74.5268939421006,39.450609497678]]}},{"type":"Feature","id":339930,"properties":{"OBJECTID":339930,"PRIMENAME":"West Leeds Avenue","ELEVTYP_F":0,"ELEVTYP_T":0},"geometry":{"type":"LineString","coordinates":[[-74.5137032168854,39.4103157522336],[-74.5134735818107,39.4102266996593],[-74.5133320287555,39.4101725165196]]}},{"type":"Feature","id":340294,"properties":{"OBJECTID":340294,"PRIMENAME":"FR US 30 EB to HADDON AV","ELEVTYP_F":0,"ELEVTYP_T":0},"geometry":{"type":"LineString","coordinates":[[-74.5174553773196,39.437141767346],[-74.5174018791753,39.43687385559],[-74.5173325123122,39.4367156074871],[-74.5172554623539,39.4365662837818],[-74.5171937933453,39.4364647594872],[-74.5171360235503,39.436384155614],[-74.5171013462466,39.4363304020028],[-74.5170589828255,39.4362647049286],[-74.517031955787,39.4362228929515],[-74.5170165762104,39.436169162609],[-74.5170011439391,39.4360467094989],[-74.5169702476849,39.4356704516141],[-74.5169625057439,39.4355719117508],[-74.5169570824238,39.4355497826377],[-74.5169425947712,39.4355230427593],[-74.5169124193937,39.4354882871583],[-74.5168688256555,39.4354577348182],[-74.5168407446716,39.4354465635877],[-74.5168102918945,39.4354366015642],[-74.5167685808531,39.4354285355347],[-74.5167262689863,39.4354290911144],[-74.5166907565538,39.4354308527723],[-74.5166462169933,39.4354426659151],[-74.5166159120859,39.4354584576344],[-74.51658479396,39.4354789444209],[-74.5165542791703,39.4355062681698],[-74.5164850032238,39.4355719804133],[-74.5164665367732,39.4355932589768],[-74.5164203665308,39.4356464513194]]}},{"type":"Feature","id":340681,"properties":{"OBJECTID":340681,"PRIMENAME":"West Washington Avenue","ELEVTYP_F":0,"ELEVTYP_T":0},"geometry":{"type":"LineString","coordinates":[[-74.5278542309144,39.3939079612277],[-74.5288131667445,39.3942615060122],[-74.5289669816367,39.3943244259358]]}},{"type":"Feature","id":340787,"properties":{"OBJECTID":340787,"PRIMENAME":"West Windsor Avenue","ELEVTYP_F":0,"ELEVTYP_T":0},"geometry":{"type":"LineString","coordinates":[[-74.513751685461,39.4041495253862],[-74.5129000620411,39.4037839239972],[-74.5122203979544,39.4034921399345],[-74.5121271691557,39.4034384167943]]}},{"type":"Feature","id":340832,"properties":{"OBJECTID":340832,"PRIMENAME":"South Franklin Boulevard","ELEVTYP_F":0,"ELEVTYP_T":0},"geometry":{"type":"LineString","coordinates":[[-74.5198760640268,39.3906987983624],[-74.5198083710837,39.3908126716518],[-74.519756693851,39.3908852763077]]}},{"type":"Feature","id":341234,"properties":{"OBJECTID":341234,"PRIMENAME":"Franklin Avenue","ELEVTYP_F":0,"ELEVTYP_T":0},"geometry":{"type":"LineString","coordinates":[[-74.5170818858235,39.3946214140641],[-74.5169875723009,39.3947338626677],[-74.5168671828214,39.3948652597917],[-74.5163575726372,39.3954428814116]]}},{"type":"Feature","id":341269,"properties":{"OBJECTID":341269,"PRIMENAME":"West Edgewater Avenue","ELEVTYP_F":0,"ELEVTYP_T":0},"geometry":{"type":"LineString","coordinates":[[-74.5300855222908,39.38693642453],[-74.5313036008048,39.387397045347]]}},{"type":"Feature","id":341430,"properties":{"OBJECTID":341430,"PRIMENAME":"East Bayview Avenue","ELEVTYP_F":0,"ELEVTYP_T":0},"geometry":{"type":"LineString","coordinates":[[-74.5270305649097,39.3867113163064],[-74.5263921466353,39.386471990019],[-74.5260372018325,39.3863389291225],[-74.5258951936723,39.386287041082]]}},{"type":"Feature","id":342429,"properties":{"OBJECTID":342429,"PRIMENAME":"Old Shore Road","ELEVTYP_F":0,"ELEVTYP_T":0},"geometry":{"type":"LineString","coordinates":[[-74.4785182660574,39.4427202535142],[-74.4784960148929,39.4427609392982],[-74.4784259097204,39.4428484576486],[-74.4783441192269,39.4429359728798],[-74.4782350908271,39.4430415772649],[-74.4781104738983,39.4431713668091],[-74.4779801557443,39.4433008263469]]}},{"type":"Feature","id":342586,"properties":{"OBJECTID":342586,"PRIMENAME":"Linden Avenue","ELEVTYP_F":0,"ELEVTYP_T":0},"geometry":{"type":"LineString","coordinates":[[-74.5178442404313,39.3995676817083],[-74.5175788605636,39.3998611228363]]}},{"type":"Feature","id":342689,"properties":{"OBJECTID":342689,"PRIMENAME":"Balfour Avenue","ELEVTYP_F":0,"ELEVTYP_T":0},"geometry":{"type":"LineString","coordinates":[[-74.5212193610763,39.4027016079435],[-74.5207419016187,39.4034031818001]]}},{"type":"Feature","id":342782,"properties":{"OBJECTID":342782,"PRIMENAME":"7th Avenue","ELEVTYP_F":0,"ELEVTYP_T":0},"geometry":{"type":"LineString","coordinates":[[-74.5200191386702,39.445811574657],[-74.5208456291709,39.4450952314222],[-74.5212010738142,39.444791939242]]}},{"type":"Feature","id":343267,"properties":{"OBJECTID":343267,"PRIMENAME":"Jefferson Avenue","ELEVTYP_F":0,"ELEVTYP_T":0},"geometry":{"type":"LineString","coordinates":[[-74.4684837578265,39.445814547881],[-74.468396954642,39.4459863737551],[-74.4683153618804,39.4461478490274],[-74.468260951407,39.4462648530392],[-74.4682337485343,39.4463538046522],[-74.4682458076193,39.4463912576495],[-74.4682495944387,39.446395487021]]}},{"type":"Feature","id":343654,"properties":{"OBJECTID":343654,"PRIMENAME":"Woodland Avenue","ELEVTYP_F":0,"ELEVTYP_T":0},"geometry":{"type":"LineString","coordinates":[[-74.5267756592495,39.401681687647],[-74.5268933508252,39.4017326747883],[-74.5271342195746,39.4018318468357],[-74.5277702514969,39.4020973931531],[-74.5278774308468,39.4021398980398]]}},{"type":"Feature","id":343806,"properties":{"OBJECTID":343806,"PRIMENAME":"West Leeds Avenue","ELEVTYP_F":0,"ELEVTYP_T":0},"geometry":{"type":"LineString","coordinates":[[-74.5111922548675,39.4091131854393],[-74.5110973744456,39.4092238364474],[-74.5107960673543,39.4095752163384]]}},{"type":"Feature","id":344048,"properties":{"OBJECTID":344048,"PRIMENAME":"Ansley Boulevard","ELEVTYP_F":0,"ELEVTYP_T":0},"geometry":{"type":"LineString","coordinates":[[-74.5256989947308,39.3882075360989],[-74.5251912897946,39.3879418672197],[-74.5251599228143,39.3879244875626]]}},{"type":"Feature","id":344132,"properties":{"OBJECTID":344132,"PRIMENAME":"Brook Lane","ELEVTYP_F":0,"ELEVTYP_T":0},"geometry":{"type":"LineString","coordinates":[[-74.4789553058522,39.4400193969587],[-74.4791624471098,39.4401502092931],[-74.4793375864815,39.4402588577654],[-74.479469926233,39.440334386021],[-74.479563323313,39.4403796783369],[-74.4796450401826,39.4404098666687],[-74.479722901334,39.4404280016042],[-74.4798202061933,39.4404310388974],[-74.4800226408276,39.4404431265043],[-74.4801511049183,39.4404491892405],[-74.480267882596,39.4404612896985],[-74.4803522352664,39.4404769904586],[-74.4803651844555,39.4404794004759],[-74.4805403432962,39.4405277531745],[-74.4814122414909,39.4407814269268],[-74.4818014733445,39.4408931539866],[-74.4818763955738,39.4409144163886]]}},{"type":"Feature","id":344221,"properties":{"OBJECTID":344221,"PRIMENAME":"Belmont Avenue","ELEVTYP_F":0,"ELEVTYP_T":0},"geometry":{"type":"LineString","coordinates":[[-74.5292250596774,39.400103857205],[-74.5288459024112,39.400713349857],[-74.5288379446064,39.4007251307348]]}},{"type":"Feature","id":344447,"properties":{"OBJECTID":344447,"PRIMENAME":"Cordova Avenue","ELEVTYP_F":0,"ELEVTYP_T":0},"geometry":{"type":"LineString","coordinates":[[-74.5151406191667,39.3853145019279],[-74.5150914427993,39.3853389724008],[-74.5150535202061,39.3853672022614],[-74.5150159884689,39.385410232298],[-74.514986490154,39.3854559510935],[-74.5148997675863,39.3856150733543],[-74.5147001914057,39.385935386521],[-74.5144897898758,39.3862730682093]]}},{"type":"Feature","id":344561,"properties":{"OBJECTID":344561,"PRIMENAME":"West West Jersey Avenue","ELEVTYP_F":0,"ELEVTYP_T":0},"geometry":{"type":"LineString","coordinates":[[-74.5255817149263,39.3913526328094],[-74.5254460919343,39.391372843282],[-74.5253555424436,39.3913728630513],[-74.5252402560717,39.3913664906034],[-74.5250796729879,39.3913505729776],[-74.5249437862898,39.3913250400518],[-74.5247420015788,39.3912675613447],[-74.5243104267573,39.3911279537047],[-74.5241202543831,39.3910664358844],[-74.523650825691,39.3909195839566],[-74.5233534951092,39.3908331289139]]}},{"type":"Feature","id":345154,"properties":{"OBJECTID":345154,"PRIMENAME":"West Wright Street","ELEVTYP_F":0,"ELEVTYP_T":0},"geometry":{"type":"LineString","coordinates":[[-74.5317547667316,39.3898114559056],[-74.5312694631545,39.3896329000487],[-74.5303049857249,39.3892726224258],[-74.5295894580871,39.3890048648026],[-74.5288406112881,39.3887246312744],[-74.527525813004,39.3882381996304]]}},{"type":"Feature","id":345509,"properties":{"OBJECTID":345509,"PRIMENAME":"Mill Road","ELEVTYP_F":0,"ELEVTYP_T":0},"geometry":{"type":"LineString","coordinates":[[-74.526036004545,39.4071059189607],[-74.5260069551768,39.4071275618312],[-74.525971534567,39.4071465694683],[-74.5258949887475,39.407172971935],[-74.5257801915113,39.4072192067922]]}},{"type":"Feature","id":345623,"properties":{"OBJECTID":345623,"PRIMENAME":"Green Street","ELEVTYP_F":0,"ELEVTYP_T":0},"geometry":{"type":"LineString","coordinates":[[-74.5219185804474,39.3899916193462],[-74.5217586401055,39.3899319557197],[-74.5215204404951,39.3898380703772],[-74.5214919161058,39.3898228376313],[-74.5214735821221,39.3898077948694],[-74.5214689445567,39.3897971148793],[-74.5214672581932,39.3897871090476]]}},{"type":"Feature","id":345986,"properties":{"OBJECTID":345986,"PRIMENAME":"East Bayview Avenue","ELEVTYP_F":0,"ELEVTYP_T":0},"geometry":{"type":"LineString","coordinates":[[-74.5258951936723,39.386287041082],[-74.5247118899085,39.3858546639917]]}},{"type":"Feature","id":346069,"properties":{"OBJECTID":346069,"PRIMENAME":"West Redwood Avenue","ELEVTYP_F":0,"ELEVTYP_T":0},"geometry":{"type":"LineString","coordinates":[[-74.5051091244293,39.4126208602292],[-74.5050713610981,39.4126063319532],[-74.504537470006,39.4124009298178]]}},{"type":"Feature","id":346475,"properties":{"OBJECTID":346475,"PRIMENAME":"South 8th Avenue","ELEVTYP_F":0,"ELEVTYP_T":0},"geometry":{"type":"LineString","coordinates":[[-74.5175628454817,39.4443523109782],[-74.5177259171319,39.4442112701285]]}},{"type":"Feature","id":347133,"properties":{"OBJECTID":347133,"PRIMENAME":"East Plaza Place","ELEVTYP_F":0,"ELEVTYP_T":0},"geometry":{"type":"LineString","coordinates":[[-74.510684027331,39.3862637323539],[-74.5111533153634,39.3854489680991],[-74.511526702809,39.3848183910505]]}},{"type":"Feature","id":347447,"properties":{"OBJECTID":347447,"PRIMENAME":"East Redwood Avenue","ELEVTYP_F":0,"ELEVTYP_T":0},"geometry":{"type":"LineString","coordinates":[[-74.504537470006,39.4124009298178],[-74.5043989261851,39.4123497840242],[-74.5033171867186,39.4119504378092],[-74.5033119841727,39.4119484886228]]}},{"type":"Feature","id":347639,"properties":{"OBJECTID":347639,"PRIMENAME":"Woodland Avenue","ELEVTYP_F":0,"ELEVTYP_T":0},"geometry":{"type":"LineString","coordinates":[[-74.5181585595544,39.3966759637062],[-74.5186340018487,39.3969288802278],[-74.5191426551695,39.397199456803]]}},{"type":"Feature","id":349459,"properties":{"OBJECTID":349459,"PRIMENAME":"East White Horse Pike","ELEVTYP_F":0,"ELEVTYP_T":0},"geometry":{"type":"LineString","coordinates":[[-74.5240662132456,39.4431272534801],[-74.5246078159198,39.4434992655973],[-74.5246300590421,39.4435145438063],[-74.5253519195115,39.4440044022801],[-74.5256195914712,39.444186241491],[-74.5258775590407,39.4443615208372]]}},{"type":"Feature","id":349523,"properties":{"OBJECTID":349523,"PRIMENAME":"Highland Boulevard","ELEVTYP_F":0,"ELEVTYP_T":0},"geometry":{"type":"LineString","coordinates":[[-74.5094145814354,39.4360165178934],[-74.5094303211727,39.436157203235],[-74.50953280929,39.4370713821616]]}},{"type":"Feature","id":349539,"properties":{"OBJECTID":349539,"PRIMENAME":"Coolidge Avenue","ELEVTYP_F":0,"ELEVTYP_T":0},"geometry":{"type":"LineString","coordinates":[[-74.4940168981243,39.4341749718245],[-74.4943029145818,39.4341499728137],[-74.4952013606474,39.4340758262895],[-74.4973517129448,39.4338891641064]]}},{"type":"Feature","id":349542,"properties":{"OBJECTID":349542,"PRIMENAME":"Connecticut Avenue","ELEVTYP_F":0,"ELEVTYP_T":0},"geometry":{"type":"LineString","coordinates":[[-74.4976225776521,39.4357986241161],[-74.4987504828078,39.4357066350736]]}},{"type":"Feature","id":349558,"properties":{"OBJECTID":349558,"PRIMENAME":"Atlantic City Expressway","ELEVTYP_F":0,"ELEVTYP_T":0},"geometry":{"type":"LineString","coordinates":[[-74.516753729397,39.3982516039549],[-74.5172014168989,39.3984904380816],[-74.5182896226099,39.3990642236634]]}},{"type":"Feature","id":349590,"properties":{"OBJECTID":349590,"PRIMENAME":"Meadowview Avenue","ELEVTYP_F":0,"ELEVTYP_T":0},"geometry":{"type":"LineString","coordinates":[[-74.5097559350402,39.4194400368507],[-74.5091395494505,39.4193186743286]]}},{"type":"Feature","id":349620,"properties":{"OBJECTID":349620,"PRIMENAME":"New Jersey Avenue","ELEVTYP_F":0,"ELEVTYP_T":0},"geometry":{"type":"LineString","coordinates":[[-74.5150796397394,39.4368260763742],[-74.5147702001584,39.436613466549],[-74.5137571862122,39.4359139753121],[-74.51303786278,39.435419047174],[-74.5128493305766,39.4352881831059]]}},{"type":"Feature","id":349625,"properties":{"OBJECTID":349625,"PRIMENAME":"Chelsea Road","ELEVTYP_F":0,"ELEVTYP_T":0},"geometry":{"type":"LineString","coordinates":[[-74.5097798684464,39.4392159787385],[-74.5086548240266,39.4384421000171],[-74.5081508464332,39.4380931116081]]}},{"type":"Feature","id":349645,"properties":{"OBJECTID":349645,"PRIMENAME":"South Shore Road","ELEVTYP_F":0,"ELEVTYP_T":0},"geometry":{"type":"LineString","coordinates":[[-74.5011637973219,39.4178176533791],[-74.5010459593685,39.4180080927834],[-74.5006875209242,39.4185790247291],[-74.5005722284265,39.4187666080755]]}},{"type":"Feature","id":349693,"properties":{"OBJECTID":349693,"PRIMENAME":"Traymore Avenue","ELEVTYP_F":0,"ELEVTYP_T":0},"geometry":{"type":"LineString","coordinates":[[-74.5129030662147,39.4394436443482],[-74.5127655175479,39.4393351792007],[-74.5124624836443,39.4391258018928]]}},{"type":"Feature","id":349752,"properties":{"OBJECTID":349752,"PRIMENAME":"Shore Road","ELEVTYP_F":0,"ELEVTYP_T":0},"geometry":{"type":"LineString","coordinates":[[-74.4887632986975,39.4333338680515],[-74.4884818946688,39.4335244981006],[-74.4881686093614,39.4337297991296],[-74.4878410395476,39.4339444607124],[-74.4878145699525,39.4339621757436],[-74.4874015918803,39.4342385542999]]}},{"type":"Feature","id":349817,"properties":{"OBJECTID":349817,"PRIMENAME":"Lazy Lane","ELEVTYP_F":0,"ELEVTYP_T":0},"geometry":{"type":"LineString","coordinates":[[-74.483879246478,39.4303511722619],[-74.4837054946082,39.4302912386309],[-74.4834642698486,39.4301976602425],[-74.4832064419464,39.4301009216571],[-74.4829943140085,39.4300331291521],[-74.4828362763101,39.4300008447345],[-74.4826615993972,39.4299685576235],[-74.4825243730378,39.4299620846695],[-74.4823954293316,39.4299620652293],[-74.4822415238928,39.4299749457823],[-74.4820917933806,39.4299910678485],[-74.4819794788503,39.4300394279077],[-74.4818754749213,39.430120051263],[-74.4817714631915,39.4302296964592],[-74.48169659411,39.4303199888835],[-74.4816341524469,39.4304103102446],[-74.4815842419531,39.4305038467043],[-74.4815550827231,39.4305844536652],[-74.4815343137559,39.4306683570715],[-74.4815176160772,39.4307521791471],[-74.4815092812326,39.4308070076393],[-74.4814843039327,39.430868286805],[-74.4814468600594,39.4309489203396],[-74.4813521471781,39.4310978288387]]}},{"type":"Feature","id":349835,"properties":{"OBJECTID":349835,"PRIMENAME":"Alameda Avenue","ELEVTYP_F":0,"ELEVTYP_T":0},"geometry":{"type":"LineString","coordinates":[[-74.50275884285,39.433028898128],[-74.5031032798164,39.432385613967]]}},{"type":"Feature","id":349919,"properties":{"OBJECTID":349919,"PRIMENAME":"North New Road","ELEVTYP_F":0,"ELEVTYP_T":0},"geometry":{"type":"LineString","coordinates":[[-74.5236014932815,39.4029483393173],[-74.5232985186821,39.4034204067508]]}},{"type":"Feature","id":349950,"properties":{"OBJECTID":349950,"PRIMENAME":"Atlantic City Expressway","ELEVTYP_F":0,"ELEVTYP_T":0},"geometry":{"type":"LineString","coordinates":[[-74.514803318342,39.3971790858653],[-74.5149723174234,39.3972835917244],[-74.5151994673798,39.3974232337165],[-74.5154567347595,39.3975661934286],[-74.5157182134841,39.3977058298348],[-74.5159582444705,39.3978355021003],[-74.5165283836428,39.3981313761822],[-74.516753729397,39.3982516039549]]}},{"type":"Feature","id":349968,"properties":{"OBJECTID":349968,"PRIMENAME":"Coolidge Avenue","ELEVTYP_F":0,"ELEVTYP_T":0},"geometry":{"type":"LineString","coordinates":[[-74.4904586720924,39.4344798573205],[-74.4907922777204,39.4344529215088],[-74.4911957770093,39.4344207194798],[-74.4918987137836,39.4343594874443],[-74.4925808642306,39.4342982507375],[-74.4932339104969,39.4342434598576],[-74.4940168981243,39.4341749718245]]}},{"type":"Feature","id":349989,"properties":{"OBJECTID":349989,"PRIMENAME":"South Shore Road","ELEVTYP_F":0,"ELEVTYP_T":0},"geometry":{"type":"LineString","coordinates":[[-74.5017050508148,39.4169470848628],[-74.5015716414839,39.4171607531063]]}},{"type":"Feature","id":350276,"properties":{"OBJECTID":350276,"PRIMENAME":"South New Road","ELEVTYP_F":0,"ELEVTYP_T":0},"geometry":{"type":"LineString","coordinates":[[-74.5308117293745,39.3913381630933],[-74.530690029955,39.3915259391979]]}},{"type":"Feature","id":350327,"properties":{"OBJECTID":350327,"PRIMENAME":"10th Avenue","ELEVTYP_F":0,"ELEVTYP_T":0},"geometry":{"type":"LineString","coordinates":[[-74.506916260482,39.4463652937884],[-74.5063176538816,39.4468810400265]]}},{"type":"Feature","id":350328,"properties":{"OBJECTID":350328,"PRIMENAME":"West Illinois Avenue","ELEVTYP_F":0,"ELEVTYP_T":0},"geometry":{"type":"LineString","coordinates":[[-74.5000687181183,39.4202640569567],[-74.5002106701293,39.4202337718748],[-74.5003040535681,39.4202242997503],[-74.5003791008349,39.4202188902221],[-74.5005494070688,39.4201964848319],[-74.5007112186982,39.4201713894548],[-74.5008973124374,39.4201243276497],[-74.5010389107719,39.4200960737649],[-74.5011441168342,39.4200803952455],[-74.5012695024001,39.4200803939421],[-74.5014353838094,39.4200929392587],[-74.5016335862431,39.4201243196249],[-74.5020926190471,39.4202306769707]]}},{"type":"Feature","id":350356,"properties":{"OBJECTID":350356,"PRIMENAME":"Pitney Road","ELEVTYP_F":0,"ELEVTYP_T":0},"geometry":{"type":"LineString","coordinates":[[-74.4998661799411,39.4291871217378],[-74.499818029558,39.4294728605077],[-74.4997531684048,39.4298188932824],[-74.4997046988646,39.4301028195664]]}},{"type":"Feature","id":350376,"properties":{"OBJECTID":350376,"PRIMENAME":"Pa Avenue","ELEVTYP_F":0,"ELEVTYP_T":0},"geometry":{"type":"LineString","coordinates":[[-74.5137133259275,39.3944011628497],[-74.5137126509413,39.3943988028218],[-74.5137126456031,39.394371539077],[-74.5137321352155,39.3943321364951],[-74.5139039630051,39.3941079599169],[-74.5141654338776,39.3937655731372],[-74.5142122714548,39.3936958820907],[-74.5142435076566,39.3936474176913],[-74.5142933252753,39.3936176490005]]}},{"type":"Feature","id":350378,"properties":{"OBJECTID":350378,"PRIMENAME":"Absecon Boulevard","ELEVTYP_F":0,"ELEVTYP_T":0},"geometry":{"type":"LineString","coordinates":[[-74.4985443475361,39.4215277526734],[-74.4984772704426,39.4214388806723],[-74.4983078514835,39.4212144493697],[-74.4979265012402,39.420723439506],[-74.4977548891978,39.4205104565035],[-74.4976061465267,39.4203211692658],[-74.4974612615389,39.4201673275103],[-74.4973544655836,39.4200638141603],[-74.4972328018278,39.4199587635924]]}},{"type":"Feature","id":350480,"properties":{"OBJECTID":350480,"PRIMENAME":"12th Street","ELEVTYP_F":0,"ELEVTYP_T":0},"geometry":{"type":"LineString","coordinates":[[-74.5048717283865,39.4314563183435],[-74.5042564470282,39.4319926842815],[-74.5040563527317,39.4321671139557],[-74.5038029573946,39.4323840915505],[-74.5037125087915,39.4324615397226],[-74.5033149193483,39.4328115659844],[-74.503203855474,39.4329087652471],[-74.5031788609227,39.4329556065493],[-74.5031670015718,39.432996543656],[-74.5031670033906,39.4330366850335],[-74.5031706164787,39.4330727628109]]}},{"type":"Feature","id":350483,"properties":{"OBJECTID":350483,"PRIMENAME":"Saint Charles Avenue","ELEVTYP_F":0,"ELEVTYP_T":0},"geometry":{"type":"LineString","coordinates":[[-74.5127447894141,39.4353791031456],[-74.5124304929586,39.4356524221599],[-74.5122064703606,39.4358472371417],[-74.512132657033,39.4359120140389]]}},{"type":"Feature","id":350486,"properties":{"OBJECTID":350486,"PRIMENAME":"East Thompson Avenue","ELEVTYP_F":0,"ELEVTYP_T":0},"geometry":{"type":"LineString","coordinates":[[-74.5058926303826,39.4044800792532],[-74.5074020076744,39.4051278296135],[-74.508978801782,39.4058014460027],[-74.5097289854648,39.4061274599937]]}},{"type":"Feature","id":350501,"properties":{"OBJECTID":350501,"PRIMENAME":"Atlantic City Expressway","ELEVTYP_F":0,"ELEVTYP_T":0},"geometry":{"type":"LineString","coordinates":[[-74.5287957832836,39.4046177716009],[-74.5288116617445,39.4046259136289],[-74.5289953838798,39.4047200991584],[-74.5290664586995,39.404756835075],[-74.5292526312269,39.4048530617036],[-74.5293512502168,39.4048962528749],[-74.5295527762607,39.4049926571082],[-74.5298271492465,39.4051122695338],[-74.5300887413451,39.4052186518247],[-74.5303244887893,39.4053050505533],[-74.530590288036,39.4053980861257],[-74.5308304188545,39.4054711949339],[-74.5311133788651,39.4055509352181],[-74.5314048622449,39.4056173568482],[-74.5316363876103,39.4056738266869],[-74.5319664821376,39.405733592082],[-74.5322494307157,39.4057834022382],[-74.5325151720955,39.4058199278767],[-74.5329224476166,39.4058563850154],[-74.5333297156532,39.4058762299309],[-74.5335312711166,39.4058785393201]]}},{"type":"Feature","id":350521,"properties":{"OBJECTID":350521,"PRIMENAME":"Michigan Avenue","ELEVTYP_F":0,"ELEVTYP_T":0},"geometry":{"type":"LineString","coordinates":[[-74.507188540354,39.4311311422959],[-74.5075808006574,39.4308780794283],[-74.5080102301414,39.4305994507063]]}},{"type":"Feature","id":350540,"properties":{"OBJECTID":350540,"PRIMENAME":"Atlantic City Expressway","ELEVTYP_F":0,"ELEVTYP_T":0},"geometry":{"type":"LineString","coordinates":[[-74.524110405405,39.4021321181557],[-74.5243735794511,39.4022669297618],[-74.5248923264342,39.4025461625726],[-74.5254754254808,39.4028486629398],[-74.5258827104603,39.4030647378415],[-74.526506243298,39.4033908637838],[-74.5269631280452,39.4036298228822],[-74.5270921612544,39.4036983980551],[-74.5278763408892,39.404115148506],[-74.5283394021075,39.404377740457],[-74.5287295715799,39.404583815996],[-74.5287957832836,39.4046177716009]]}},{"type":"Feature","id":350588,"properties":{"OBJECTID":350588,"PRIMENAME":"Spartan Lane","ELEVTYP_F":0,"ELEVTYP_T":0},"geometry":{"type":"LineString","coordinates":[[-74.5091395494505,39.4193186743286],[-74.5094060170593,39.418832026214]]}},{"type":"Feature","id":350673,"properties":{"OBJECTID":350673,"PRIMENAME":"North New Road","ELEVTYP_F":0,"ELEVTYP_T":0},"geometry":{"type":"LineString","coordinates":[[-74.5207159683854,39.4071403753369],[-74.5202915617425,39.4077159934806],[-74.5201865233591,39.4078674068943]]}},{"type":"Feature","id":350708,"properties":{"OBJECTID":350708,"PRIMENAME":"Lisbon Avenue","ELEVTYP_F":0,"ELEVTYP_T":0},"geometry":{"type":"LineString","coordinates":[[-74.4892361464392,39.4296566780418],[-74.4892404423934,39.4295550845363],[-74.4892551837811,39.4292064289637],[-74.4892582486153,39.4291339644728],[-74.4892742515714,39.4286695959464]]}},{"type":"Feature","id":350720,"properties":{"OBJECTID":350720,"PRIMENAME":"New Jersey Avenue","ELEVTYP_F":0,"ELEVTYP_T":0},"geometry":{"type":"LineString","coordinates":[[-74.5019579069081,39.42610811501],[-74.5016972323372,39.4258764145688],[-74.501442897699,39.4256427641255],[-74.5012903114476,39.4255031500996],[-74.501125970212,39.4252786131044],[-74.5010689365604,39.4251907532544]]}},{"type":"Feature","id":350728,"properties":{"OBJECTID":350728,"PRIMENAME":"South New Road","ELEVTYP_F":0,"ELEVTYP_T":0},"geometry":{"type":"LineString","coordinates":[[-74.5313481544863,39.3908917088182],[-74.5312377098403,39.3909488756777],[-74.5311995005334,39.3909745967034],[-74.5311124846891,39.3910331732234],[-74.5309830583642,39.391136939046],[-74.5309160351756,39.3912080141639],[-74.5308577831502,39.3912698068248],[-74.5308117293745,39.3913381630933]]}},{"type":"Feature","id":350756,"properties":{"OBJECTID":350756,"PRIMENAME":"Plaza Place","ELEVTYP_F":0,"ELEVTYP_T":0},"geometry":{"type":"LineString","coordinates":[[-74.5099148715806,39.4403812693585],[-74.5100081414205,39.4403896081559],[-74.5100813363043,39.4404045379524],[-74.5101544962132,39.4404344047255],[-74.5102469609056,39.4404971065142],[-74.5106072936162,39.4407460212215]]}},{"type":"Feature","id":350759,"properties":{"OBJECTID":350759,"PRIMENAME":"Shelburne Avenue","ELEVTYP_F":0,"ELEVTYP_T":0},"geometry":{"type":"LineString","coordinates":[[-74.5108581243872,39.4370173144881],[-74.5117947049405,39.4376629420921],[-74.5129964431524,39.4385079486098],[-74.5130931928972,39.4385743265348]]}},{"type":"Feature","id":350790,"properties":{"OBJECTID":350790,"PRIMENAME":"Absecon Boulevard","ELEVTYP_F":0,"ELEVTYP_T":0},"geometry":{"type":"LineString","coordinates":[[-74.4923266766172,39.4010705054303],[-74.4923531929325,39.4006599218971],[-74.4924084566192,39.3998776389561],[-74.4924328634605,39.3995321616628],[-74.49243719385,39.399470866764],[-74.4924904820566,39.3986436685211],[-74.4924918555306,39.398622353792]]}},{"type":"Feature","id":350842,"properties":{"OBJECTID":350842,"PRIMENAME":"New York Road","ELEVTYP_F":0,"ELEVTYP_T":0},"geometry":{"type":"LineString","coordinates":[[-74.4764497668038,39.4447833612961],[-74.4764233592422,39.4448134479561],[-74.4762974254567,39.4449426866655],[-74.4761408519352,39.4450956693557],[-74.4759911144945,39.4452433808804],[-74.4758921746892,39.4453401437911]]}},{"type":"Feature","id":350882,"properties":{"OBJECTID":350882,"PRIMENAME":"Reed Road","ELEVTYP_F":0,"ELEVTYP_T":0},"geometry":{"type":"LineString","coordinates":[[-74.4910332067804,39.4210174733645],[-74.4906539147666,39.4211500034798],[-74.4905729858091,39.4211876666153],[-74.4905244131891,39.4212127580633],[-74.4904799116076,39.4212441094848],[-74.4904435125106,39.4212974545918],[-74.4903504203184,39.4214825856695],[-74.490067194816,39.4219030301211],[-74.489948190512,39.4220717397596]]}},{"type":"Feature","id":350894,"properties":{"OBJECTID":350894,"PRIMENAME":"West California Avenue","ELEVTYP_F":0,"ELEVTYP_T":0},"geometry":{"type":"LineString","coordinates":[[-74.5170939732394,39.4161664483668],[-74.516257929637,39.4158931967371],[-74.5160508963908,39.4158226017877]]}},{"type":"Feature","id":351159,"properties":{"OBJECTID":351159,"PRIMENAME":"New York Road","ELEVTYP_F":0,"ELEVTYP_T":0},"geometry":{"type":"LineString","coordinates":[[-74.4715296711608,39.4496020538893],[-74.4713485949856,39.4497824244087],[-74.4708887383557,39.4502435167381],[-74.470606951151,39.4505260588027],[-74.4704147393281,39.450714236724]]}},{"type":"Feature","id":351167,"properties":{"OBJECTID":351167,"PRIMENAME":"New Yrok Road","ELEVTYP_F":0,"ELEVTYP_T":0},"geometry":{"type":"LineString","coordinates":[[-74.4844560163967,39.4361883753479],[-74.4841935921011,39.4363618030324],[-74.4836355877981,39.4367284613949],[-74.4830380209831,39.4371251763208],[-74.4828529457235,39.4372480423212],[-74.4827263412696,39.4373315734804]]}},{"type":"Feature","id":351227,"properties":{"OBJECTID":351227,"PRIMENAME":"West Thompson Avenue","ELEVTYP_F":0,"ELEVTYP_T":0},"geometry":{"type":"LineString","coordinates":[[-74.5113497897587,39.4068419512858],[-74.5118499985716,39.4070636402256],[-74.512988397085,39.4075704479181],[-74.5134650332882,39.4077722887417]]}},{"type":"Feature","id":351228,"properties":{"OBJECTID":351228,"PRIMENAME":"East White Horse Pike","ELEVTYP_F":0,"ELEVTYP_T":0},"geometry":{"type":"LineString","coordinates":[[-74.5212366304019,39.4411871078096],[-74.5217811069861,39.441561593669],[-74.5221612514962,39.4418297152514],[-74.5223564768498,39.4419643380299],[-74.5226659471664,39.4421777372839],[-74.5227036838935,39.4422037584511],[-74.5232076912992,39.4425480165166],[-74.5234981621859,39.4427466325453],[-74.5235389298694,39.4427739427676]]}},{"type":"Feature","id":351267,"properties":{"OBJECTID":351267,"PRIMENAME":"Shore Road","ELEVTYP_F":0,"ELEVTYP_T":0},"geometry":{"type":"LineString","coordinates":[[-74.495921356996,39.4285340269482],[-74.4958819506832,39.4285735625331],[-74.4957598710746,39.4286829998316],[-74.4956149571322,39.4287983390781],[-74.4954585707208,39.4289048363523],[-74.4952106256406,39.4290704707402],[-74.494493552078,39.429543677359],[-74.4936086395846,39.4301293054306],[-74.4933326090693,39.4303123142466]]}},{"type":"Feature","id":351275,"properties":{"OBJECTID":351275,"PRIMENAME":"Linden Place","ELEVTYP_F":0,"ELEVTYP_T":0},"geometry":{"type":"LineString","coordinates":[[-74.4945169907138,39.431535127452],[-74.4944486676299,39.4316631177859],[-74.4943987737632,39.4317663234924],[-74.4943945882881,39.4318566274469],[-74.494428594285,39.4320998933304]]}},{"type":"Feature","id":351279,"properties":{"OBJECTID":351279,"PRIMENAME":"Upland Avenue","ELEVTYP_F":0,"ELEVTYP_T":0},"geometry":{"type":"LineString","coordinates":[[-74.4978757484165,39.4443301089731],[-74.4976702040045,39.4442254198617],[-74.4973213345934,39.4440465069354]]}},{"type":"Feature","id":351314,"properties":{"OBJECTID":351314,"PRIMENAME":"Highland Boulevard","ELEVTYP_F":0,"ELEVTYP_T":0},"geometry":{"type":"LineString","coordinates":[[-74.5089808708034,39.4326722822154],[-74.5090624485529,39.4329718805382],[-74.5090866476672,39.4331004018603],[-74.5090887750657,39.4331220100453],[-74.5090941289379,39.4331755765022],[-74.5091051543216,39.4332864999483],[-74.5091098885674,39.4333272363807],[-74.5091720761996,39.4338622822579]]}},{"type":"Feature","id":351320,"properties":{"OBJECTID":351320,"PRIMENAME":"Davis Avenue","ELEVTYP_F":0,"ELEVTYP_T":0},"geometry":{"type":"LineString","coordinates":[[-74.4892286950791,39.4341386861434],[-74.489261559585,39.4345495738566],[-74.4892947878523,39.4349011557212],[-74.4893079217567,39.4350887634416],[-74.4893155626592,39.4351979066371],[-74.4893155559275,39.4352419862878],[-74.4893155163549,39.4355011071392],[-74.4893177352331,39.4355763933366]]}},{"type":"Feature","id":351331,"properties":{"OBJECTID":351331,"PRIMENAME":"Absecon Boulevard","ELEVTYP_F":0,"ELEVTYP_T":0},"geometry":{"type":"LineString","coordinates":[[-74.4917168106325,39.4102882210891],[-74.4917268089644,39.4101399020609],[-74.4917559080044,39.4096687234395],[-74.491764254519,39.409533583009],[-74.4917726615007,39.4093974543992],[-74.4918351766561,39.4085232240391],[-74.4918414027305,39.4084361520349],[-74.4918881319099,39.4076940897143],[-74.4918886682051,39.4076855762689]]}},{"type":"Feature","id":351366,"properties":{"OBJECTID":351366,"PRIMENAME":"East Black Horse Pike","ELEVTYP_F":0,"ELEVTYP_T":0},"geometry":{"type":"LineString","coordinates":[[-74.5231948780263,39.3895903650013],[-74.522440512958,39.3893277805206],[-74.5219347490094,39.3891449612773],[-74.5216818658976,39.3890485540628],[-74.5210346633927,39.3888159228234],[-74.520891061402,39.3887647424238]]}},{"type":"Feature","id":351452,"properties":{"OBJECTID":351452,"PRIMENAME":"South New Road","ELEVTYP_F":0,"ELEVTYP_T":0},"geometry":{"type":"LineString","coordinates":[[-74.529845328588,39.3928782307725],[-74.5297790650618,39.3929978466761],[-74.5297559427849,39.3930395886695],[-74.5292342166066,39.3938920549516],[-74.5289669816367,39.3943244259358]]}},{"type":"Feature","id":351512,"properties":{"OBJECTID":351512,"PRIMENAME":"Absecon Boulevard","ELEVTYP_F":0,"ELEVTYP_T":0},"geometry":{"type":"LineString","coordinates":[[-74.4919510409312,39.4051450841993],[-74.4919371050875,39.4053747572944],[-74.4918759831552,39.4062857878664],[-74.491856584125,39.4065702149041],[-74.4918186905392,39.4071258154858],[-74.4917887570291,39.4075663931145],[-74.491788412723,39.4075714601034]]}},{"type":"Feature","id":351523,"properties":{"OBJECTID":351523,"PRIMENAME":"Absecon Boulevard","ELEVTYP_F":0,"ELEVTYP_T":0},"geometry":{"type":"LineString","coordinates":[[-74.4924918555306,39.398622353792],[-74.4924976680922,39.3985319666195]]}},{"type":"Feature","id":351571,"properties":{"OBJECTID":351571,"PRIMENAME":"Euclid Drive","ELEVTYP_F":0,"ELEVTYP_T":0},"geometry":{"type":"LineString","coordinates":[[-74.4949017241767,39.4246036774213],[-74.4948205920161,39.4246018118861],[-74.4947234845976,39.424604964827],[-74.4946304480907,39.4246237683684],[-74.4945414452648,39.4246582774672],[-74.4944699594232,39.4246962031637],[-74.4944645490528,39.4246990737551],[-74.4944079018011,39.4247555493848],[-74.4943633969249,39.4248214425347],[-74.4943269966396,39.4249030135793],[-74.494310805932,39.4250567684766],[-74.4943027076009,39.4253768275817],[-74.494302696365,39.4255148787169],[-74.4943005351598,39.4255394524228]]}},{"type":"Feature","id":351577,"properties":{"OBJECTID":351577,"PRIMENAME":"Claridge Court","ELEVTYP_F":0,"ELEVTYP_T":0},"geometry":{"type":"LineString","coordinates":[[-74.512670372254,39.4436328221444],[-74.5127671725414,39.4440406103306],[-74.5127991570195,39.4441753452765]]}},{"type":"Feature","id":351616,"properties":{"OBJECTID":351616,"PRIMENAME":"10th Avenue","ELEVTYP_F":0,"ELEVTYP_T":0},"geometry":{"type":"LineString","coordinates":[[-74.507509758531,39.4458559701347],[-74.5070637412206,39.4462382176924],[-74.506916260482,39.4463652937884]]}},{"type":"Feature","id":351671,"properties":{"OBJECTID":351671,"PRIMENAME":"Cedar Hill Drive","ELEVTYP_F":0,"ELEVTYP_T":0},"geometry":{"type":"LineString","coordinates":[[-74.4889544368043,39.4235916658336],[-74.4889220085778,39.4235941885935],[-74.4888613321752,39.4235847649384],[-74.4887804089966,39.42356279206],[-74.4883866646921,39.4234201721224]]}},{"type":"Feature","id":351712,"properties":{"OBJECTID":351712,"PRIMENAME":"Pitney Road","ELEVTYP_F":0,"ELEVTYP_T":0},"geometry":{"type":"LineString","coordinates":[[-74.4980518167465,39.4397812602498],[-74.4978795467777,39.440786745154],[-74.4978724716842,39.4408280312619],[-74.497742878213,39.4415866630355],[-74.4977391994044,39.4416082010216]]}},{"type":"Feature","id":351748,"properties":{"OBJECTID":351748,"PRIMENAME":"Mill Road","ELEVTYP_F":0,"ELEVTYP_T":0},"geometry":{"type":"LineString","coordinates":[[-74.5031706164787,39.4330727628109],[-74.5030401005977,39.4330594020533],[-74.5027901066664,39.4330338121377],[-74.50275884285,39.433028898128]]}},{"type":"Feature","id":351775,"properties":{"OBJECTID":351775,"PRIMENAME":"Morton Avenue","ELEVTYP_F":0,"ELEVTYP_T":0},"geometry":{"type":"LineString","coordinates":[[-74.5115788199276,39.4423685162656],[-74.5111685736,39.4427267240474],[-74.5103197400056,39.4434552741578]]}},{"type":"Feature","id":351794,"properties":{"OBJECTID":351794,"PRIMENAME":"East Village Drive","ELEVTYP_F":0,"ELEVTYP_T":0},"geometry":{"type":"LineString","coordinates":[[-74.4758921746892,39.4453401437911],[-74.475543088476,39.4451173453894],[-74.4752548230519,39.4449465330433]]}},{"type":"Feature","id":351812,"properties":{"OBJECTID":351812,"PRIMENAME":"Webb Road","ELEVTYP_F":0,"ELEVTYP_T":0},"geometry":{"type":"LineString","coordinates":[[-74.4911996267965,39.438437009873],[-74.4912333063295,39.4383948118522],[-74.4913499626322,39.4382300827255],[-74.4920772378655,39.4371334178745],[-74.4926638608222,39.4363012804063],[-74.4926971477596,39.4362625698107],[-74.4927428978265,39.4362270983516],[-74.492788647182,39.4361980801903],[-74.4928468946871,39.4361819396858],[-74.4929300688218,39.4361690399385],[-74.4930798085814,39.4361561441095],[-74.4933710029494,39.4361303802269],[-74.4938660038576,39.4360916937814],[-74.4947395488317,39.4360272141952],[-74.495134663996,39.4359885448161],[-74.4953078379372,39.4359811572767]]}},{"type":"Feature","id":351883,"properties":{"OBJECTID":351883,"PRIMENAME":"White Horse Pike","ELEVTYP_F":0,"ELEVTYP_T":0},"geometry":{"type":"LineString","coordinates":[[-74.5006592899456,39.4241915343541],[-74.5029162126817,39.4259962102144]]}},{"type":"Feature","id":351918,"properties":{"OBJECTID":351918,"PRIMENAME":"12th Street","ELEVTYP_F":0,"ELEVTYP_T":0},"geometry":{"type":"LineString","coordinates":[[-74.5062472545783,39.4302561337521],[-74.5059249555472,39.4305376610536]]}},{"type":"Feature","id":351948,"properties":{"OBJECTID":351948,"PRIMENAME":"Pine Street","ELEVTYP_F":0,"ELEVTYP_T":0},"geometry":{"type":"LineString","coordinates":[[-74.5215357620543,39.4430552147156],[-74.5219528664161,39.4427086118973]]}},{"type":"Feature","id":351952,"properties":{"OBJECTID":351952,"PRIMENAME":"West Nevada Avenue","ELEVTYP_F":0,"ELEVTYP_T":0},"geometry":{"type":"LineString","coordinates":[[-74.5029178420049,39.4149965805861],[-74.5038996617439,39.4152828399181],[-74.5050595410298,39.4156326456647]]}},{"type":"Feature","id":351972,"properties":{"OBJECTID":351972,"PRIMENAME":"15th Street","ELEVTYP_F":0,"ELEVTYP_T":0},"geometry":{"type":"LineString","coordinates":[[-74.5075374890898,39.4386596870843],[-74.5067566530507,39.4393401659484]]}},{"type":"Feature","id":351990,"properties":{"OBJECTID":351990,"PRIMENAME":"White Horse Pike","ELEVTYP_F":0,"ELEVTYP_T":0},"geometry":{"type":"LineString","coordinates":[[-74.5109927221182,39.431910277135],[-74.5126340763555,39.4330536146064]]}},{"type":"Feature","id":351998,"properties":{"OBJECTID":351998,"PRIMENAME":"Bayview Drive","ELEVTYP_F":0,"ELEVTYP_T":0},"geometry":{"type":"LineString","coordinates":[[-74.487370084701,39.4357841798495],[-74.4873979074579,39.4358234459467],[-74.487701495645,39.4361976536748],[-74.4878512033806,39.4363750653307],[-74.4878925496504,39.4364342925958],[-74.487907663904,39.4364624098702],[-74.4879135712672,39.4364944239386],[-74.4879135590096,39.4365653716756],[-74.4879135344897,39.4367072932703],[-74.4879176491603,39.436868572535],[-74.4879550881063,39.4370008063237],[-74.4880031187332,39.4371097852947]]}},{"type":"Feature","id":352021,"properties":{"OBJECTID":352021,"PRIMENAME":"East Village Drive","ELEVTYP_F":0,"ELEVTYP_T":0},"geometry":{"type":"LineString","coordinates":[[-74.4727270191194,39.4442788892568],[-74.4726452666793,39.4442436435081],[-74.4725319143072,39.4441884177813]]}},{"type":"Feature","id":352022,"properties":{"OBJECTID":352022,"PRIMENAME":"Saint Charles Avenue","ELEVTYP_F":0,"ELEVTYP_T":0},"geometry":{"type":"LineString","coordinates":[[-74.5114962635991,39.436468729448],[-74.5108581243872,39.4370173144881]]}},{"type":"Feature","id":352044,"properties":{"OBJECTID":352044,"PRIMENAME":"Unnamed Segment","ELEVTYP_F":0,"ELEVTYP_T":0},"geometry":{"type":"LineString","coordinates":[[-74.5275264436367,39.4070788886686],[-74.527347116793,39.4070733658054],[-74.5263141882699,39.4070179596733],[-74.526036004545,39.4071059189607]]}},{"type":"Feature","id":352147,"properties":{"OBJECTID":352147,"PRIMENAME":"Weilers Lane","ELEVTYP_F":0,"ELEVTYP_T":0},"geometry":{"type":"LineString","coordinates":[[-74.4847570412256,39.4312920018897],[-74.4846660209533,39.4314235614785],[-74.4844829412397,39.431742854995],[-74.4842790765839,39.432062145399],[-74.4838505125339,39.4327426759775],[-74.4834884881439,39.4333393347221],[-74.4834550802829,39.4334267236274]]}},{"type":"Feature","id":352172,"properties":{"OBJECTID":352172,"PRIMENAME":"Elberon Avenue","ELEVTYP_F":0,"ELEVTYP_T":0},"geometry":{"type":"LineString","coordinates":[[-74.5044735759433,39.4355533217936],[-74.5030497617888,39.4367876969942]]}},{"type":"Feature","id":352199,"properties":{"OBJECTID":352199,"PRIMENAME":"Malaga Cove","ELEVTYP_F":0,"ELEVTYP_T":0},"geometry":{"type":"LineString","coordinates":[[-74.4892742515714,39.4286695959464],[-74.4890711406636,39.4286662548988],[-74.488950555456,39.4286662435098],[-74.4888970592992,39.4286681327976],[-74.4888383600483,39.428673508555],[-74.4887788784991,39.4286897019031],[-74.4887259459662,39.4287113601025],[-74.4886769069171,39.428739992643],[-74.4886385956919,39.4287694216163],[-74.4885760729335,39.4288435530565],[-74.4885693760215,39.428853710963],[-74.4885656028141,39.4288647379204],[-74.4885545079089,39.4289206314088],[-74.488553666787,39.4289291906193],[-74.4885545216842,39.4289377490088],[-74.4885570525295,39.4289461056424],[-74.4885611999041,39.4289540643216],[-74.488645597215,39.4290859180344]]}},{"type":"Feature","id":352253,"properties":{"OBJECTID":352253,"PRIMENAME":"East Colorado Avenue","ELEVTYP_F":0,"ELEVTYP_T":0},"geometry":{"type":"LineString","coordinates":[[-74.4995931873705,39.4156753674875],[-74.4988275849251,39.4153828415627]]}},{"type":"Feature","id":352297,"properties":{"OBJECTID":352297,"PRIMENAME":"West Black Horse Pike","ELEVTYP_F":0,"ELEVTYP_T":0},"geometry":{"type":"LineString","coordinates":[[-74.5259430337419,39.3907877157117],[-74.5261653597846,39.390893291606],[-74.5264566925938,39.3910085485665],[-74.5267954442115,39.3911425639548],[-74.5270455645965,39.3912349160479],[-74.5274255614447,39.3913752211308],[-74.5278456035645,39.3915214381833],[-74.5282571165973,39.3916610105504],[-74.5285271401064,39.3917474047987],[-74.5287929119391,39.3918171895324],[-74.5290115008055,39.3918537070031],[-74.5292429648616,39.3918769321559],[-74.5294829474582,39.3918768715893],[-74.5297272030777,39.3918568214794],[-74.5299543588696,39.391816896301],[-74.5301514273208,39.3917569625983]]}},{"type":"Feature","id":352331,"properties":{"OBJECTID":352331,"PRIMENAME":"Shore Road","ELEVTYP_F":0,"ELEVTYP_T":0},"geometry":{"type":"LineString","coordinates":[[-74.4971655448305,39.4269191597172],[-74.4969003259284,39.427278035905],[-74.4967661392924,39.427457103041]]}},{"type":"Feature","id":352433,"properties":{"OBJECTID":352433,"PRIMENAME":"North Second Street","ELEVTYP_F":0,"ELEVTYP_T":0},"geometry":{"type":"LineString","coordinates":[[-74.5211409073887,39.3994407465848],[-74.5209517070841,39.3996131360653],[-74.520773739552,39.399775288298]]}},{"type":"Feature","id":352484,"properties":{"OBJECTID":352484,"PRIMENAME":"Shore Road","ELEVTYP_F":0,"ELEVTYP_T":0},"geometry":{"type":"LineString","coordinates":[[-74.4983301252482,39.4253519425237],[-74.4981284668586,39.4256246367059],[-74.4977969975864,39.4260707464549],[-74.4977394510766,39.4261481960895],[-74.4974579867693,39.4265256892002]]}},{"type":"Feature","id":352492,"properties":{"OBJECTID":352492,"PRIMENAME":"Morton Avenue","ELEVTYP_F":0,"ELEVTYP_T":0},"geometry":{"type":"LineString","coordinates":[[-74.5170736083544,39.4375881044217],[-74.5169738514202,39.4376769628954],[-74.516838796016,39.4377937222995],[-74.5166767294003,39.4379338331942]]}},{"type":"Feature","id":352536,"properties":{"OBJECTID":352536,"PRIMENAME":"Ritz Drive","ELEVTYP_F":0,"ELEVTYP_T":0},"geometry":{"type":"LineString","coordinates":[[-74.5161498825594,39.4406735855585],[-74.516320531118,39.4404080310402],[-74.5165912441666,39.4399816498946]]}},{"type":"Feature","id":352588,"properties":{"OBJECTID":352588,"PRIMENAME":"Breakers Avenue","ELEVTYP_F":0,"ELEVTYP_T":0},"geometry":{"type":"LineString","coordinates":[[-74.50953280929,39.4370713821616],[-74.5092220031951,39.4368419542151],[-74.5083053603192,39.4362268360245],[-74.5074233963914,39.4356027571064],[-74.5064626292674,39.4349386443732]]}},{"type":"Feature","id":352649,"properties":{"OBJECTID":352649,"PRIMENAME":"New York Road","ELEVTYP_F":0,"ELEVTYP_T":0},"geometry":{"type":"LineString","coordinates":[[-74.4758921746892,39.4453401437911],[-74.4756541234034,39.4455730888139],[-74.4752660819276,39.4459555562617],[-74.475000606479,39.4462166908138],[-74.4749818665575,39.4462350278986]]}},{"type":"Feature","id":352719,"properties":{"OBJECTID":352719,"PRIMENAME":"Tremont Avenue","ELEVTYP_F":0,"ELEVTYP_T":0},"geometry":{"type":"LineString","coordinates":[[-74.4974579867693,39.4265256892002],[-74.497154947755,39.4263339533415],[-74.4970335899895,39.4262680550329],[-74.4969688400706,39.4262366713144],[-74.4968838753493,39.4262084434216],[-74.4965885507383,39.4261299926253],[-74.4957144774571,39.4259044089439]]}},{"type":"Feature","id":352767,"properties":{"OBJECTID":352767,"PRIMENAME":"Alameda Avenue","ELEVTYP_F":0,"ELEVTYP_T":0},"geometry":{"type":"LineString","coordinates":[[-74.5039614243136,39.4308285079588],[-74.504329897334,39.4301790720492],[-74.5045166011723,39.4298878087534],[-74.5046267807667,39.4296398406096]]}},{"type":"Feature","id":352792,"properties":{"OBJECTID":352792,"PRIMENAME":"10th Avenue","ELEVTYP_F":0,"ELEVTYP_T":0},"geometry":{"type":"LineString","coordinates":[[-74.5051353252073,39.4479087337185],[-74.5047351043984,39.4482532997913],[-74.504572140242,39.4483976633791],[-74.504434716516,39.448519400471]]}},{"type":"Feature","id":352806,"properties":{"OBJECTID":352806,"PRIMENAME":"Breakers Avenue","ELEVTYP_F":0,"ELEVTYP_T":0},"geometry":{"type":"LineString","coordinates":[[-74.5140192185889,39.4402379922673],[-74.5132162017754,39.4396904961219],[-74.5130204913552,39.439536213413],[-74.5129030662147,39.4394436443482]]}},{"type":"Feature","id":352807,"properties":{"OBJECTID":352807,"PRIMENAME":"Seminole Avenue","ELEVTYP_F":0,"ELEVTYP_T":0},"geometry":{"type":"LineString","coordinates":[[-74.5038506186661,39.4310274332593],[-74.5037985378219,39.4310217788578],[-74.5037459612953,39.4310217805639],[-74.5037135665319,39.4310311715289],[-74.5036448105176,39.4310562960797],[-74.5027587108494,39.4314799183541],[-74.5016662610024,39.4320071018005],[-74.501530092146,39.4320720107128]]}},{"type":"Feature","id":352925,"properties":{"OBJECTID":352925,"PRIMENAME":"Station Avenue","ELEVTYP_F":0,"ELEVTYP_T":0},"geometry":{"type":"LineString","coordinates":[[-74.4998800659918,39.4244956704885],[-74.4997240861163,39.4245579965579],[-74.4996189077462,39.4245925095027],[-74.4995662651039,39.4246082417861],[-74.4995177655174,39.4246082415962],[-74.4994773010877,39.4245956662586],[-74.4994125516204,39.4245642829905],[-74.4990338967877,39.424402699522]]}},{"type":"Feature","id":352961,"properties":{"OBJECTID":352961,"PRIMENAME":"South New Road","ELEVTYP_F":0,"ELEVTYP_T":0},"geometry":{"type":"LineString","coordinates":[[-74.5063307828475,39.4264460579779],[-74.506039622328,39.427027701596],[-74.5059928167535,39.427121201581],[-74.5059791839929,39.4271475074239],[-74.5058288211315,39.4274376724133],[-74.5056665919774,39.4277411840139]]}},{"type":"Feature","id":352987,"properties":{"OBJECTID":352987,"PRIMENAME":"Morton Avenue","ELEVTYP_F":0,"ELEVTYP_T":0},"geometry":{"type":"LineString","coordinates":[[-74.50969830517,39.443969503316],[-74.5092631489235,39.4443414615186],[-74.5086448540856,39.4448664744614],[-74.5085292818806,39.4449699935261]]}},{"type":"Feature","id":352992,"properties":{"OBJECTID":352992,"PRIMENAME":"Delilah Road","ELEVTYP_F":0,"ELEVTYP_T":1},"geometry":{"type":"LineString","coordinates":[[-74.4898083434667,39.3927433962559],[-74.4901303282878,39.3931675462354],[-74.4905235181047,39.3935777062138],[-74.4905259569319,39.3935802511851],[-74.4908194794334,39.3938905892419],[-74.4908833036602,39.3939863353593],[-74.4909683908015,39.3941117907213],[-74.4910364588745,39.3942339504671],[-74.4910959995385,39.3943494922095],[-74.4911555358171,39.3945013318308],[-74.4912023333805,39.3946499302621],[-74.4912278300223,39.3947852924503],[-74.4912533569843,39.3949668649916],[-74.4912746110788,39.3950691970529],[-74.4913170964186,39.3951880595517],[-74.4913639320595,39.3953168068804],[-74.4914319679724,39.3954323499602],[-74.4915298314303,39.395564395203],[-74.4916404387397,39.395673378888],[-74.4917340285704,39.3957526248119],[-74.4918574124658,39.395848347555],[-74.4920190852002,39.3959440989209],[-74.492185043874,39.3960167609369],[-74.492410521684,39.396109194758],[-74.49247195096,39.3961341294021]]}},{"type":"Feature","id":353000,"properties":{"OBJECTID":353000,"PRIMENAME":"Haddon Avenue","ELEVTYP_F":0,"ELEVTYP_T":0},"geometry":{"type":"LineString","coordinates":[[-74.5106072936162,39.4407460212215],[-74.510728377889,39.4406374199133],[-74.5112098133574,39.4402143547171]]}},{"type":"Feature","id":353005,"properties":{"OBJECTID":353005,"PRIMENAME":"Park Street","ELEVTYP_F":0,"ELEVTYP_T":0},"geometry":{"type":"LineString","coordinates":[[-74.5219528664161,39.4427086118973],[-74.52197916469,39.4426839818463],[-74.5220247119279,39.4426691028749],[-74.5220750569431,39.4426752881099],[-74.5221158189449,39.4426938701108],[-74.5223878977984,39.4428931355723],[-74.5224123683515,39.4429187333069],[-74.5224179712129,39.4429428979036],[-74.5224155800905,39.4429676828884],[-74.5223975156717,39.4429895991522],[-74.5223637121691,39.4430173060603],[-74.521883807328,39.4434106600073]]}},{"type":"Feature","id":353025,"properties":{"OBJECTID":353025,"PRIMENAME":"Park Avenue","ELEVTYP_F":0,"ELEVTYP_T":0},"geometry":{"type":"LineString","coordinates":[[-74.4913335629388,39.4194054183709],[-74.4914753654948,39.4194556466712],[-74.4923337596351,39.419768215688]]}},{"type":"Feature","id":353043,"properties":{"OBJECTID":353043,"PRIMENAME":"South New Road","ELEVTYP_F":0,"ELEVTYP_T":0},"geometry":{"type":"LineString","coordinates":[[-74.5056665919774,39.4277411840139],[-74.5055298497227,39.4279970022522]]}},{"type":"Feature","id":353143,"properties":{"OBJECTID":353143,"PRIMENAME":"Ritz Drive","ELEVTYP_F":0,"ELEVTYP_T":0},"geometry":{"type":"LineString","coordinates":[[-74.5165912441666,39.4399816498946],[-74.5169368864864,39.4394372509427],[-74.5170403538834,39.4392995147171]]}},{"type":"Feature","id":353150,"properties":{"OBJECTID":353150,"PRIMENAME":"Woodland Avenue","ELEVTYP_F":0,"ELEVTYP_T":0},"geometry":{"type":"LineString","coordinates":[[-74.5226840448826,39.3992211877171],[-74.5228850256267,39.3993542303777],[-74.5230966411438,39.3994940230007],[-74.5231798487882,39.3995449748184]]}},{"type":"Feature","id":353167,"properties":{"OBJECTID":353167,"PRIMENAME":"Fourth Street","ELEVTYP_F":0,"ELEVTYP_T":0},"geometry":{"type":"LineString","coordinates":[[-74.5242493655657,39.3997041557931],[-74.5245193604597,39.3992762346183]]}},{"type":"Feature","id":353258,"properties":{"OBJECTID":353258,"PRIMENAME":"Creek Court","ELEVTYP_F":0,"ELEVTYP_T":0},"geometry":{"type":"LineString","coordinates":[[-74.4847570412256,39.4312920018897],[-74.4849031127655,39.4313397128194],[-74.4851942614283,39.4314494107581],[-74.4853856093183,39.4315333146163],[-74.4854928029291,39.4315835304392],[-74.485605985268,39.4316365501891]]}},{"type":"Feature","id":353364,"properties":{"OBJECTID":353364,"PRIMENAME":"South Mill Road","ELEVTYP_F":0,"ELEVTYP_T":0},"geometry":{"type":"LineString","coordinates":[[-74.5155811721902,39.4310134384779],[-74.5150413792658,39.4311353335541],[-74.5149840255346,39.4311483277718]]}},{"type":"Feature","id":353399,"properties":{"OBJECTID":353399,"PRIMENAME":"White Horse Pike","ELEVTYP_F":0,"ELEVTYP_T":0},"geometry":{"type":"LineString","coordinates":[[-74.5328915234146,39.4490212557305],[-74.5326095794072,39.4488433360583],[-74.5323574892137,39.4486612889557],[-74.5319943825674,39.4484130742009],[-74.5315372593737,39.448095337878],[-74.5314847947925,39.4480602471712],[-74.5310374603128,39.4477610536047],[-74.5305748999796,39.4474456173484]]}},{"type":"Feature","id":353406,"properties":{"OBJECTID":353406,"PRIMENAME":"Hay Road","ELEVTYP_F":0,"ELEVTYP_T":0},"geometry":{"type":"LineString","coordinates":[[-74.483090803159,39.431597882838],[-74.4825947002097,39.4314684081537],[-74.4822411694015,39.4313715981438],[-74.481858537471,39.4312650908311],[-74.4814675942942,39.4311327991755],[-74.4813521471781,39.4310978288387]]}},{"type":"Feature","id":353423,"properties":{"OBJECTID":353423,"PRIMENAME":"Iowa Avenue","ELEVTYP_F":0,"ELEVTYP_T":0},"geometry":{"type":"LineString","coordinates":[[-74.5005722284265,39.4187666080755],[-74.503216380581,39.4192636041919]]}},{"type":"Feature","id":353442,"properties":{"OBJECTID":353442,"PRIMENAME":"Unnamed Segment","ELEVTYP_F":0,"ELEVTYP_T":0},"geometry":{"type":"LineString","coordinates":[[-74.50969830517,39.443969503316],[-74.5094920995696,39.4438409586274],[-74.5094157602732,39.4437783000102],[-74.5093439079438,39.443715640081],[-74.5092720541493,39.443614685436],[-74.5092271393524,39.4435172083882],[-74.5089935495162,39.4426956126159],[-74.508957617794,39.4426016172343],[-74.5089171969888,39.4425250291838],[-74.5088722869217,39.4424554046209],[-74.5088049292778,39.4423857808411],[-74.508724100798,39.4423231229948],[-74.5086298041197,39.4422604642903],[-74.5080595429148,39.4420028808847],[-74.5070178237917,39.4416025846844],[-74.5068606676284,39.4415329660543],[-74.5067169812876,39.4414529016916],[-74.506573296765,39.4413763187309],[-74.5064206278764,39.4412649211811],[-74.5062634683014,39.441129155307],[-74.5053025589987,39.4403041089095]]}},{"type":"Feature","id":353612,"properties":{"OBJECTID":353612,"PRIMENAME":"West Church Street","ELEVTYP_F":0,"ELEVTYP_T":0},"geometry":{"type":"LineString","coordinates":[[-74.5028353803809,39.428392388769],[-74.5026879195779,39.4282894858833],[-74.5021501274654,39.4279133710962]]}},{"type":"Feature","id":353644,"properties":{"OBJECTID":353644,"PRIMENAME":"North New Road","ELEVTYP_F":0,"ELEVTYP_T":0},"geometry":{"type":"LineString","coordinates":[[-74.5280552016982,39.3957919279989],[-74.5278818088959,39.3960702145645],[-74.5277367424158,39.3963025594072]]}},{"type":"Feature","id":353661,"properties":{"OBJECTID":353661,"PRIMENAME":"North Main Street","ELEVTYP_F":0,"ELEVTYP_T":0},"geometry":{"type":"LineString","coordinates":[[-74.5033919113923,39.4142451382405],[-74.5033448034044,39.414321084361],[-74.5031459942213,39.4146262687688],[-74.5031098210199,39.4146859334112]]}},{"type":"Feature","id":353791,"properties":{"OBJECTID":353791,"PRIMENAME":"Park Avenue","ELEVTYP_F":0,"ELEVTYP_T":0},"geometry":{"type":"LineString","coordinates":[[-74.4923337596351,39.419768215688],[-74.492500509232,39.4198289278918],[-74.4927941459145,39.4199358390261],[-74.4928422165766,39.4199532220359]]}},{"type":"Feature","id":353823,"properties":{"OBJECTID":353823,"PRIMENAME":"West California Avenue","ELEVTYP_F":0,"ELEVTYP_T":0},"geometry":{"type":"LineString","coordinates":[[-74.5208822709517,39.4181454298836],[-74.5208745393906,39.4181364493877],[-74.5207380408862,39.4179763069354],[-74.5202516673352,39.4174150811618],[-74.5201595580248,39.4173300309387],[-74.5200571606416,39.4172493855303],[-74.5199249955848,39.4171638736025],[-74.5197865685882,39.4170896955641],[-74.5197848785719,39.4170887896459],[-74.5197008224362,39.4170511351234],[-74.5195976979488,39.4170123982892],[-74.5195750495088,39.4170045534249],[-74.5189744981378,39.4168000107974]]}},{"type":"Feature","id":353892,"properties":{"OBJECTID":353892,"PRIMENAME":"White Horse Pike","ELEVTYP_F":0,"ELEVTYP_T":0},"geometry":{"type":"LineString","coordinates":[[-74.5164203665308,39.4356464513194],[-74.5162237445384,39.4354702368874],[-74.5159833898837,39.4352691516977],[-74.5157239927663,39.4350946745518],[-74.5157184339936,39.4350933574356],[-74.5146659428505,39.4343386089842],[-74.514272966415,39.4340688787252],[-74.5139789595786,39.4338670752779],[-74.5129198547903,39.4331403454064],[-74.5126945341914,39.4329799407313],[-74.5117820861939,39.4323303647023],[-74.5114669042095,39.4321085763758],[-74.5114624420268,39.432105584363]]}},{"type":"Feature","id":353900,"properties":{"OBJECTID":353900,"PRIMENAME":"Black Horse Pike","ELEVTYP_F":0,"ELEVTYP_T":0},"geometry":{"type":"LineString","coordinates":[[-74.5306145332552,39.3916412215657],[-74.5306940373315,39.3916263193231],[-74.5309228590184,39.3915971546288],[-74.5311028596957,39.391590434387],[-74.5312785848087,39.3915970595384],[-74.5314800059989,39.3916169111978],[-74.5314998937246,39.3916193217735],[-74.5316171663208,39.3916335397944],[-74.5317628960512,39.3916667506069],[-74.5319215151369,39.3917165955651],[-74.5322561287513,39.391819493186],[-74.5327101853673,39.3919591478908],[-74.5336895026281,39.3922569573268]]}},{"type":"Feature","id":353907,"properties":{"OBJECTID":353907,"PRIMENAME":"South New Road","ELEVTYP_F":0,"ELEVTYP_T":0},"geometry":{"type":"LineString","coordinates":[[-74.5100208801967,39.4189646708937],[-74.5098933549273,39.4191937950259],[-74.5097559350402,39.4194400368507]]}},{"type":"Feature","id":353921,"properties":{"OBJECTID":353921,"PRIMENAME":"Delaware Avenue","ELEVTYP_F":0,"ELEVTYP_T":0},"geometry":{"type":"LineString","coordinates":[[-74.5017712404314,39.429315768505],[-74.5023307441435,39.4297019608557]]}},{"type":"Feature","id":353934,"properties":{"OBJECTID":353934,"PRIMENAME":"Absecon Boulevard","ELEVTYP_F":0,"ELEVTYP_T":0},"geometry":{"type":"LineString","coordinates":[[-74.4923940157943,39.3985258920779],[-74.4923876361923,39.3986192167292]]}},{"type":"Feature","id":353955,"properties":{"OBJECTID":353955,"PRIMENAME":"New Jersey Avenue","ELEVTYP_F":0,"ELEVTYP_T":0},"geometry":{"type":"LineString","coordinates":[[-74.502249950479,39.4263691929268],[-74.5022059433991,39.4263285587087],[-74.5019579069081,39.42610811501]]}},{"type":"Feature","id":354024,"properties":{"OBJECTID":354024,"PRIMENAME":"Forest Hill Drive","ELEVTYP_F":0,"ELEVTYP_T":0},"geometry":{"type":"LineString","coordinates":[[-74.4910332067804,39.4210174733645],[-74.4909978104652,39.4209899863152],[-74.4909209279603,39.4209492083208],[-74.490609424422,39.4208299401639],[-74.490504220853,39.4207929753941]]}},{"type":"Feature","id":354083,"properties":{"OBJECTID":354083,"PRIMENAME":"4th Street","ELEVTYP_F":0,"ELEVTYP_T":0},"geometry":{"type":"LineString","coordinates":[[-74.482182530317,39.4330683116144],[-74.4825778195343,39.4324360515286],[-74.4826417521179,39.4323316990777]]}},{"type":"Feature","id":354112,"properties":{"OBJECTID":354112,"PRIMENAME":"North Third Street","ELEVTYP_F":0,"ELEVTYP_T":0},"geometry":{"type":"LineString","coordinates":[[-74.5226840448826,39.3992211877171],[-74.5219458421197,39.39989653744]]}},{"type":"Feature","id":354142,"properties":{"OBJECTID":354142,"PRIMENAME":"West Church Street","ELEVTYP_F":0,"ELEVTYP_T":0},"geometry":{"type":"LineString","coordinates":[[-74.501535089626,39.4274874226311],[-74.5007967859461,39.4269895348626],[-74.5003138174927,39.4266569305315]]}},{"type":"Feature","id":354154,"properties":{"OBJECTID":354154,"PRIMENAME":"White Horse Pike","ELEVTYP_F":0,"ELEVTYP_T":0},"geometry":{"type":"LineString","coordinates":[[-74.4999920422367,39.4235938645755],[-74.500004892578,39.4236073729699],[-74.5001462501105,39.4237395751598]]}},{"type":"Feature","id":354284,"properties":{"OBJECTID":354284,"PRIMENAME":"Oakhurst Avenue","ELEVTYP_F":0,"ELEVTYP_T":0},"geometry":{"type":"LineString","coordinates":[[-74.4974875331136,39.4348457751435],[-74.4976225776521,39.4357986241161]]}},{"type":"Feature","id":354316,"properties":{"OBJECTID":354316,"PRIMENAME":"East Illinois Avenue","ELEVTYP_F":0,"ELEVTYP_T":0},"geometry":{"type":"LineString","coordinates":[[-74.4984513450838,39.4202894177458],[-74.4983803364034,39.4202679173781],[-74.4981057446822,39.420167339776],[-74.4977930288617,39.4200579203527],[-74.4976900536518,39.4200224169111],[-74.497609980858,39.4199987485663],[-74.4975299079093,39.4199810092345],[-74.4974421532114,39.4199721389599],[-74.4972328018278,39.4199587635924]]}},{"type":"Feature","id":354386,"properties":{"OBJECTID":354386,"PRIMENAME":"Andrea Lane","ELEVTYP_F":0,"ELEVTYP_T":0},"geometry":{"type":"LineString","coordinates":[[-74.4905117716606,39.4314215214032],[-74.4908467698885,39.4311951973559],[-74.4910048334736,39.4310758574615],[-74.4911379730264,39.4309436097112],[-74.4912128293808,39.4308629488637],[-74.4912269940568,39.4308410668293]]}},{"type":"Feature","id":354469,"properties":{"OBJECTID":354469,"PRIMENAME":"Stewart Lane","ELEVTYP_F":0,"ELEVTYP_T":0},"geometry":{"type":"LineString","coordinates":[[-74.5187963521294,39.4302902560841],[-74.5189816011987,39.4303378908664],[-74.5190747545347,39.4303517686463],[-74.5191571076972,39.4303573283532],[-74.5192085179218,39.430367286312],[-74.5192430752303,39.4303739528163],[-74.5193362309734,39.4303961771878],[-74.5194221943551,39.4304017090828],[-74.5195582914204,39.4304044589353],[-74.5196728963816,39.4304044396072],[-74.5196843159503,39.4304051204806],[-74.5197660475923,39.4304099979569],[-74.5198376757711,39.4304266244163],[-74.5199021545873,39.4304516258806],[-74.5199451487978,39.4304960702326],[-74.5199738394849,39.4305405170256],[-74.5200060778234,39.430609948656],[-74.520052674586,39.4307488158722],[-74.5201100466808,39.4309293584574],[-74.5203036199404,39.4314654117271],[-74.5203574110821,39.4316265164602],[-74.5203753108322,39.4316931769252],[-74.5203825202533,39.4317709596188],[-74.5203825502008,39.4318737290188],[-74.5203682648873,39.4320570575358],[-74.5203539613673,39.4321820692543],[-74.5203217849063,39.4323292959815],[-74.5202824279163,39.4324987367376],[-74.5202323413428,39.4326654057841],[-74.5201714946276,39.4328403955442],[-74.520092737301,39.4330376281737],[-74.5199996733834,39.4332237437495],[-74.5199316676167,39.4333820968532],[-74.519892297244,39.4335098854366],[-74.5198636558804,39.4336432183871],[-74.5198314808619,39.4338015373712],[-74.5198064539022,39.4339459621139],[-74.5198054447318,39.4339551675429],[-74.519792151732,39.4340765469611],[-74.5197850682172,39.4341959840989],[-74.5197707165882,39.4342793166771],[-74.5197421059845,39.4343959830072],[-74.5197027319717,39.4345182261915],[-74.5196627734346,39.4346112529723],[-74.5196562028623,39.4346265496352],[-74.5196060558428,39.4347126608875],[-74.5195508052068,39.4347807074691],[-74.5194843287518,39.4348460093715],[-74.5194055379468,39.4349376994678],[-74.5193303220997,39.4350238156775],[-74.5192730589134,39.4351127015202],[-74.5192265237698,39.4352071587978],[-74.5191907182563,39.4353043878425],[-74.5191477698855,39.4354321767221],[-74.51911554199,39.4355377240202],[-74.5190654432937,39.4356738338093],[-74.5189759558535,39.4358905065646]]}},{"type":"Feature","id":354514,"properties":{"OBJECTID":354514,"PRIMENAME":"Hobart Avenue","ELEVTYP_F":0,"ELEVTYP_T":0},"geometry":{"type":"LineString","coordinates":[[-74.487370084701,39.4357841798495],[-74.4874312017141,39.4357589542167],[-74.4875226990207,39.4357363675486],[-74.4876142299707,39.4357202602518],[-74.4885334886789,39.4356397150485],[-74.4893177352331,39.4355763933366]]}},{"type":"Feature","id":354600,"properties":{"OBJECTID":354600,"PRIMENAME":"Haddon Avenue","ELEVTYP_F":0,"ELEVTYP_T":0},"geometry":{"type":"LineString","coordinates":[[-74.5155545116223,39.4364348621975],[-74.5159295481768,39.4361036132784]]}},{"type":"Feature","id":354736,"properties":{"OBJECTID":354736,"PRIMENAME":"West Wyoming Avenue","ELEVTYP_F":0,"ELEVTYP_T":0},"geometry":{"type":"LineString","coordinates":[[-74.5002117310406,39.431416141957],[-74.5003269392389,39.4313889600889],[-74.5003997668905,39.4313512893615],[-74.5004685591235,39.4313136465294],[-74.500529278187,39.4312634285443],[-74.5008084454036,39.4310155505581],[-74.5013870236164,39.4305229225794],[-74.5020182026771,39.4299737854689],[-74.5023307441435,39.4297019608557]]}},{"type":"Feature","id":354742,"properties":{"OBJECTID":354742,"PRIMENAME":"12th Street","ELEVTYP_F":0,"ELEVTYP_T":0},"geometry":{"type":"LineString","coordinates":[[-74.5059249555472,39.4305376610536],[-74.5055319897412,39.4308809676085],[-74.5049517741236,39.4313865490086],[-74.5048717283865,39.4314563183435]]}},{"type":"Feature","id":354823,"properties":{"OBJECTID":354823,"PRIMENAME":"Davis Avenue","ELEVTYP_F":0,"ELEVTYP_T":0},"geometry":{"type":"LineString","coordinates":[[-74.4887632986975,39.4333338680515],[-74.4888044006241,39.4333601753251],[-74.4888360858242,39.4333834892288],[-74.4888749209277,39.4334206409706],[-74.4889456105152,39.4335206165035],[-74.4890371139873,39.4336592796378],[-74.4891119445393,39.4337786676582],[-74.4891227757933,39.4337993500986],[-74.4891659940347,39.433881880763],[-74.4892075810817,39.4339818813398],[-74.4892316441794,39.4340725714308],[-74.4892337620773,39.4341087044448],[-74.4892286950791,39.4341386861434]]}},{"type":"Feature","id":354827,"properties":{"OBJECTID":354827,"PRIMENAME":"Lantern Lane","ELEVTYP_F":0,"ELEVTYP_T":0},"geometry":{"type":"LineString","coordinates":[[-74.4871651657372,39.4354879309105],[-74.4862206962042,39.4361103958729]]}},{"type":"Feature","id":354957,"properties":{"OBJECTID":354957,"PRIMENAME":"School Street","ELEVTYP_F":0,"ELEVTYP_T":0},"geometry":{"type":"LineString","coordinates":[[-74.502249950479,39.4263691929268],[-74.5021839963591,39.426387315567],[-74.5021475679893,39.4264186991968],[-74.5020868900732,39.4265002730932],[-74.5017956100187,39.4270211534781],[-74.501535089626,39.4274874226311]]}},{"type":"Feature","id":355128,"properties":{"OBJECTID":355128,"PRIMENAME":"Burning Tree Boulevard","ELEVTYP_F":0,"ELEVTYP_T":0},"geometry":{"type":"LineString","coordinates":[[-74.4886752215798,39.4201260591717],[-74.4882468388022,39.4208391424761],[-74.4878341358149,39.4215185646548]]}},{"type":"Feature","id":355815,"properties":{"OBJECTID":355815,"PRIMENAME":"South Hampden Court","ELEVTYP_F":0,"ELEVTYP_T":0},"geometry":{"type":"LineString","coordinates":[[-74.5193550770564,39.3896030658894],[-74.5199126947109,39.3886463671177],[-74.5200379449457,39.3884592726782]]}},{"type":"Feature","id":355846,"properties":{"OBJECTID":355846,"PRIMENAME":"Marlborough Avenue","ELEVTYP_F":0,"ELEVTYP_T":0},"geometry":{"type":"LineString","coordinates":[[-74.5153158499785,39.4391117059413],[-74.5150607967896,39.4389377204978],[-74.5137305484584,39.438015626127]]}},{"type":"Feature","id":356081,"properties":{"OBJECTID":356081,"PRIMENAME":"Navajo Avenue","ELEVTYP_F":0,"ELEVTYP_T":0},"geometry":{"type":"LineString","coordinates":[[-74.5141427702623,39.4313422210266],[-74.5147609379524,39.4329525728805],[-74.5147790892284,39.4329947984019],[-74.5148007313679,39.4330360228869],[-74.5148257733753,39.4330760729933],[-74.5148541099587,39.4331147803168],[-74.5148856219725,39.4331519820992],[-74.5149201769183,39.4331875219125],[-74.5149576295019,39.4332212503167],[-74.5149978222442,39.4332530254883],[-74.5151029548153,39.4333309192292],[-74.5151254927084,39.4333458440251],[-74.5151500349308,39.4333587282636],[-74.5151762757704,39.4333694114506],[-74.5152038883557,39.4333777605097],[-74.5152325287276,39.4333836714399],[-74.5152618401238,39.433387070611],[-74.5152914574231,39.4333879156806],[-74.5153210116938,39.4333861961221],[-74.5153313440528,39.4333851435289]]}},{"type":"Feature","id":356171,"properties":{"OBJECTID":356171,"PRIMENAME":"Burning Tree Boulevard","ELEVTYP_F":0,"ELEVTYP_T":0},"geometry":{"type":"LineString","coordinates":[[-74.4895255055246,39.4187808545442],[-74.4895138937737,39.4187829956022],[-74.4894919807335,39.4187921358506],[-74.4894768288241,39.4188038863259],[-74.4894648621297,39.4188185196494],[-74.4894122454813,39.4189063753591],[-74.4891249438832,39.419392712691],[-74.4886878981624,39.4201049465446],[-74.4886752215798,39.4201260591717]]}},{"type":"Feature","id":356187,"properties":{"OBJECTID":356187,"PRIMENAME":"4th Street","ELEVTYP_F":0,"ELEVTYP_T":0},"geometry":{"type":"LineString","coordinates":[[-74.4817757707867,39.4337149857677],[-74.4821200843846,39.4331681888618],[-74.482182530317,39.4330683116144]]}},{"type":"Feature","id":356370,"properties":{"OBJECTID":356370,"PRIMENAME":"North New Road","ELEVTYP_F":0,"ELEVTYP_T":0},"geometry":{"type":"LineString","coordinates":[[-74.5189821356286,39.4095996756314],[-74.5186172185729,39.4101176741218]]}},{"type":"Feature","id":356452,"properties":{"OBJECTID":356452,"PRIMENAME":"Ruth Court","ELEVTYP_F":0,"ELEVTYP_T":0},"geometry":{"type":"LineString","coordinates":[[-74.4903457000023,39.427219030186],[-74.4902608416321,39.4274471307106],[-74.4902275489883,39.4275470968172],[-74.4902191810955,39.4276406405104],[-74.4902108691472,39.4278406046231],[-74.4901827177281,39.4286237759281],[-74.4901833103789,39.4286397288968],[-74.4901862257651,39.4286555275225],[-74.4901914264755,39.4286709690649],[-74.490198845772,39.4286858553656],[-74.4902083884457,39.4286999953916],[-74.4902199320383,39.4287132076864],[-74.4902333284139,39.4287253226991],[-74.4902484056601,39.4287361849598],[-74.4904461289742,39.4288632374478]]}},{"type":"Feature","id":356503,"properties":{"OBJECTID":356503,"PRIMENAME":"East White Horse Pike","ELEVTYP_F":0,"ELEVTYP_T":0},"geometry":{"type":"LineString","coordinates":[[-74.5205728038119,39.4407267008969],[-74.5208073355055,39.4408896404046],[-74.5211361869193,39.4411180178537],[-74.5212366304019,39.4411871078096]]}},{"type":"Feature","id":356615,"properties":{"OBJECTID":356615,"PRIMENAME":"New Jersey Avenue","ELEVTYP_F":0,"ELEVTYP_T":0},"geometry":{"type":"LineString","coordinates":[[-74.5177028198523,39.438591951063],[-74.5177235974509,39.4385888738618],[-74.5177446249867,39.4385870887079],[-74.5177657690487,39.4385866069275],[-74.5177868954863,39.4385874315772],[-74.5178078702609,39.4385895574251],[-74.5178285602962,39.4385929709834],[-74.5178488343222,39.4385976505946],[-74.5178685637084,39.4386035665683],[-74.5178876232796,39.4386106813702],[-74.5179058921105,39.4386189498596],[-74.5179232542922,39.4386283195764],[-74.5179395996682,39.4386387310734],[-74.5179548245331,39.4386501182937],[-74.5179688322907,39.43866240899],[-74.5179815340663,39.4386755251824],[-74.5179928492716,39.438689383654],[-74.5180391406635,39.4387514171087],[-74.5180859318453,39.4388141206599],[-74.5181668678815,39.4389163827884],[-74.5181727582823,39.4389229045425],[-74.5182562663678,39.4390153763383],[-74.5183711946122,39.4391176609049],[-74.5185211885721,39.4392381890319]]}},{"type":"Feature","id":356753,"properties":{"OBJECTID":356753,"PRIMENAME":"Spring Lane","ELEVTYP_F":0,"ELEVTYP_T":0},"geometry":{"type":"LineString","coordinates":[[-74.506916260482,39.4463652937884],[-74.5088935324647,39.4477539862303]]}},{"type":"Feature","id":356821,"properties":{"OBJECTID":356821,"PRIMENAME":"10th Avenue","ELEVTYP_F":0,"ELEVTYP_T":0},"geometry":{"type":"LineString","coordinates":[[-74.5063176538816,39.4468810400265],[-74.5062888656725,39.4469058621265],[-74.5057996345271,39.4473368149475],[-74.5057359313346,39.4473916486691]]}},{"type":"Feature","id":356991,"properties":{"OBJECTID":356991,"PRIMENAME":"Franklin Boulevard","ELEVTYP_F":0,"ELEVTYP_T":0},"geometry":{"type":"LineString","coordinates":[[-74.5007678224116,39.4137928955618],[-74.4998585611377,39.4152543237589],[-74.4995931873705,39.4156753674875]]}},{"type":"Feature","id":357072,"properties":{"OBJECTID":357072,"PRIMENAME":"West Black Horse Pike","ELEVTYP_F":0,"ELEVTYP_T":0},"geometry":{"type":"LineString","coordinates":[[-74.530690029955,39.3915259391979],[-74.5306056764638,39.3915373827224],[-74.5304171259107,39.3915740597935],[-74.5302628658779,39.3916172341575],[-74.5300528814678,39.3916771984115],[-74.5299029010969,39.391717131898],[-74.5297143094397,39.3917437584617],[-74.5295728805132,39.3917571110934],[-74.5294143227438,39.3917638226482],[-74.5292300357873,39.3917605469258],[-74.5290329001979,39.3917472526653],[-74.5289000204137,39.3917273518397],[-74.528677143693,39.3916741964506],[-74.5282870854387,39.391567897886],[-74.5275840961175,39.3913086565122],[-74.5271091835807,39.3911316077496],[-74.5267996425042,39.3910162079883],[-74.5265257021214,39.3909046096946],[-74.526001842174,39.3906911930454]]}},{"type":"Feature","id":357073,"properties":{"OBJECTID":357073,"PRIMENAME":"Showellton Avenue","ELEVTYP_F":0,"ELEVTYP_T":0},"geometry":{"type":"LineString","coordinates":[[-74.5044784576265,39.4255313236574],[-74.5050587326777,39.4245283990993],[-74.5054060390854,39.423926831199],[-74.5055815440577,39.4236228344956]]}},{"type":"Feature","id":357200,"properties":{"OBJECTID":357200,"PRIMENAME":"North Main Street","ELEVTYP_F":0,"ELEVTYP_T":0},"geometry":{"type":"LineString","coordinates":[[-74.5068733709516,39.4093320599423],[-74.5066540692611,39.4095787942691],[-74.5063411455954,39.4099279490947],[-74.5060691310427,39.4102326760816]]}},{"type":"Feature","id":357203,"properties":{"OBJECTID":357203,"PRIMENAME":"8th Street","ELEVTYP_F":0,"ELEVTYP_T":0},"geometry":{"type":"LineString","coordinates":[[-74.5010506315762,39.4156184742318],[-74.5014970453349,39.4149187405193],[-74.5019059311579,39.4142284244095]]}},{"type":"Feature","id":357214,"properties":{"OBJECTID":357214,"PRIMENAME":"Chelsea Road","ELEVTYP_F":0,"ELEVTYP_T":0},"geometry":{"type":"LineString","coordinates":[[-74.5031553568907,39.4346537839673],[-74.5031553555446,39.4346239666483],[-74.5031432453564,39.4345957143437],[-74.5031310997655,39.4345548868965],[-74.5031229895765,39.4345109849153],[-74.5031310956904,39.4344639242991],[-74.5031391660652,39.4344231512541],[-74.5031553446366,39.4343823509645],[-74.5031836692301,39.4343415494395],[-74.5032241367741,39.434310166317],[-74.5033010378509,39.4342568432113],[-74.5033860109839,39.4342034657715],[-74.5034790565411,39.4341344654844],[-74.5035721354783,39.4340403139338],[-74.5036328185273,39.4339649999162],[-74.503673284499,39.4339116776942],[-74.5036975356073,39.4338645894984],[-74.5037137148869,39.4338238161512],[-74.5037177840462,39.4337798858914],[-74.5037177822106,39.4337453736074],[-74.5037137087182,39.4337077032546],[-74.5036934885142,39.4336669310662],[-74.5036611257364,39.4336230019591],[-74.5036206540478,39.4335853327429],[-74.5035801825645,39.4335508217112],[-74.5035194944445,39.4335194136285],[-74.5034628430094,39.4334880603424],[-74.5034183366568,39.4334629663196],[-74.5033778657992,39.4334378721624],[-74.5033373948198,39.4334096206929],[-74.5033091045973,39.433381395887],[-74.5032745822403,39.4333514426178],[-74.5032493005862,39.4333217629229],[-74.5032253646801,39.4332793711189],[-74.5032144214925,39.4332374725885],[-74.5032079052626,39.433196260343],[-74.5031957582873,39.4331460708954],[-74.5031836130614,39.4331084007417],[-74.5031706164787,39.4330727628109]]}},{"type":"Feature","id":357215,"properties":{"OBJECTID":357215,"PRIMENAME":"Miami Avenue","ELEVTYP_F":0,"ELEVTYP_T":0},"geometry":{"type":"LineString","coordinates":[[-74.5134220063201,39.4299437596322],[-74.512853184376,39.4306331718823],[-74.5126598107784,39.430872091222],[-74.5125810535053,39.4309748691903],[-74.512563149466,39.4310359614916],[-74.5125703117919,39.4310943054484],[-74.5125918148412,39.4311581940699],[-74.5126205054761,39.4312331743416],[-74.5126742445577,39.4313915099827],[-74.5127788089537,39.4316569467765]]}},{"type":"Feature","id":357221,"properties":{"OBJECTID":357221,"PRIMENAME":"Shore Road","ELEVTYP_F":0,"ELEVTYP_T":0},"geometry":{"type":"LineString","coordinates":[[-74.4924371977028,39.4309058120128],[-74.4919036040633,39.4312590846662],[-74.4913347387804,39.4316346199702]]}},{"type":"Feature","id":357512,"properties":{"OBJECTID":357512,"PRIMENAME":"South New Road","ELEVTYP_F":0,"ELEVTYP_T":0},"geometry":{"type":"LineString","coordinates":[[-74.5303956334126,39.3919826848647],[-74.5303867016197,39.3919970090922],[-74.5302764976689,39.3921737153545],[-74.5299103529374,39.3927608095075],[-74.529845328588,39.3928782307725]]}},{"type":"Feature","id":357584,"properties":{"OBJECTID":357584,"PRIMENAME":"Park Avenue","ELEVTYP_F":0,"ELEVTYP_T":0},"geometry":{"type":"LineString","coordinates":[[-74.4895255055246,39.4187808545442],[-74.4895420730063,39.4187777536772],[-74.4895685857957,39.4187794036213],[-74.4895902494037,39.4187840176604],[-74.489671167773,39.4188028606116],[-74.4896813687454,39.4188066007399],[-74.4899845090713,39.4189177310695],[-74.490497830991,39.4191059126217]]}},{"type":"Feature","id":357734,"properties":{"OBJECTID":357734,"PRIMENAME":"Woodcrest Avenue","ELEVTYP_F":0,"ELEVTYP_T":0},"geometry":{"type":"LineString","coordinates":[[-74.5028626119459,39.4354675986437],[-74.5028964239079,39.4354334971966],[-74.5029328558469,39.43538330652],[-74.5029692870662,39.435317410418],[-74.5029976081589,39.4352107137668],[-74.5030258920072,39.4350506970687],[-74.5030542098891,39.4348749758444],[-74.5030623154046,39.4348122377458],[-74.503086602225,39.4347683069811],[-74.503114926273,39.4347369233199],[-74.5031391786092,39.434702437413],[-74.5031553575278,39.4346678967716],[-74.5031553568907,39.4346537839673]]}},{"type":"Feature","id":358047,"properties":{"OBJECTID":358047,"PRIMENAME":"Elm Avenue","ELEVTYP_F":0,"ELEVTYP_T":0},"geometry":{"type":"LineString","coordinates":[[-74.5085292818806,39.4449699935261],[-74.5077594642248,39.4450125776533],[-74.5066040117207,39.4450962528469],[-74.5065000522619,39.4451033930136],[-74.505468139538,39.4451742604414]]}},{"type":"Feature","id":358353,"properties":{"OBJECTID":358353,"PRIMENAME":"North New Road","ELEVTYP_F":0,"ELEVTYP_T":0},"geometry":{"type":"LineString","coordinates":[[-74.5048002468853,39.4294282818501],[-74.5047610583874,39.429478639023],[-74.5046267807667,39.4296398406096]]}},{"type":"Feature","id":358506,"properties":{"OBJECTID":358506,"PRIMENAME":"Ritz Drive","ELEVTYP_F":0,"ELEVTYP_T":0},"geometry":{"type":"LineString","coordinates":[[-74.512670372254,39.4436328221444],[-74.5129718527862,39.4435704627799],[-74.5131280444696,39.4435265701454]]}},{"type":"Feature","id":358540,"properties":{"OBJECTID":358540,"PRIMENAME":"Cynwyd Drive","ELEVTYP_F":0,"ELEVTYP_T":0},"geometry":{"type":"LineString","coordinates":[[-74.4896662812393,39.4204907179226],[-74.4902859896082,39.4194555534615],[-74.490497830991,39.4191059126217]]}},{"type":"Feature","id":359302,"properties":{"OBJECTID":359302,"PRIMENAME":"Arc Court","ELEVTYP_F":0,"ELEVTYP_T":0},"geometry":{"type":"LineString","coordinates":[[-74.5116535808154,39.4436928927202],[-74.5116591463539,39.4433061972313]]}},{"type":"Feature","id":359320,"properties":{"OBJECTID":359320,"PRIMENAME":"Summit Avenue","ELEVTYP_F":0,"ELEVTYP_T":0},"geometry":{"type":"LineString","coordinates":[[-74.5279179170871,39.4254634125287],[-74.5279526255902,39.4254425420564],[-74.5279918144602,39.4254271657618],[-74.5280340562227,39.4254178437335],[-74.5280778122022,39.4254149155304],[-74.5286749661526,39.4254193107819],[-74.5287908513402,39.4254172193249],[-74.5294848366038,39.4253870389471],[-74.5295178395914,39.4253856028093],[-74.5295552054667,39.4253849996942],[-74.5299110524433,39.425388966835]]}},{"type":"Feature","id":359567,"properties":{"OBJECTID":359567,"PRIMENAME":"White Horse Pike","ELEVTYP_F":0,"ELEVTYP_T":0},"geometry":{"type":"LineString","coordinates":[[-74.5054879734841,39.4280753368303],[-74.5080450894339,39.4298568621842]]}},{"type":"Feature","id":359699,"properties":{"OBJECTID":359699,"PRIMENAME":"West Church Street","ELEVTYP_F":0,"ELEVTYP_T":0},"geometry":{"type":"LineString","coordinates":[[-74.5003138174927,39.4266569305315],[-74.4999820228976,39.4264262146173],[-74.4993870493146,39.4260150530206],[-74.4991313401874,39.4258368318224]]}},{"type":"Feature","id":359741,"properties":{"OBJECTID":359741,"PRIMENAME":"Sooy Lane","ELEVTYP_F":0,"ELEVTYP_T":0},"geometry":{"type":"LineString","coordinates":[[-74.4804286859603,39.4325910029847],[-74.4797785766498,39.4324259339848],[-74.4786431365084,39.4321289819384]]}},{"type":"Feature","id":359765,"properties":{"OBJECTID":359765,"PRIMENAME":"Burning Tree Boulevard","ELEVTYP_F":0,"ELEVTYP_T":0},"geometry":{"type":"LineString","coordinates":[[-74.4869963439134,39.422912108116],[-74.4868992455333,39.4230699723215],[-74.4867090130628,39.4233774351898]]}},{"type":"Feature","id":359989,"properties":{"OBJECTID":359989,"PRIMENAME":"New York Avenue","ELEVTYP_F":0,"ELEVTYP_T":0},"geometry":{"type":"LineString","coordinates":[[-74.5023192750665,39.4329608434061],[-74.5020965753909,39.4342662340786],[-74.5018866461787,39.4354640775516]]}},{"type":"Feature","id":360349,"properties":{"OBJECTID":360349,"PRIMENAME":"White Horse Pike","ELEVTYP_F":0,"ELEVTYP_T":0},"geometry":{"type":"LineString","coordinates":[[-74.5152276771853,39.4348601259346],[-74.5156705805849,39.4351686219672],[-74.5159224012567,39.4353519686239],[-74.5160864349125,39.4354702559605],[-74.5162848258349,39.4356418033427],[-74.5163559401193,39.4357116691623]]}},{"type":"Feature","id":360416,"properties":{"OBJECTID":360416,"PRIMENAME":"White Horse Pike","ELEVTYP_F":0,"ELEVTYP_T":0},"geometry":{"type":"LineString","coordinates":[[-74.5186021973319,39.4391597896126],[-74.5185997362111,39.4391574911712],[-74.5185057341654,39.4390577842879],[-74.5184928540111,39.4390436447177],[-74.5183683430226,39.4389069612297],[-74.5183101472148,39.4388360740426],[-74.5182348085765,39.4387443027233],[-74.5181088851084,39.4385728024473],[-74.5180058403379,39.4384130502948],[-74.5179188322342,39.4382673236972],[-74.5178875238175,39.4382148885865],[-74.5178264855257,39.4380995535308],[-74.5177043222017,39.4378037844867],[-74.5176297386262,39.4376029323535],[-74.5175516436566,39.4373926214188],[-74.5174940481407,39.4372425382814],[-74.5174553773196,39.437141767346]]}},{"type":"Feature","id":360433,"properties":{"OBJECTID":360433,"PRIMENAME":"West Delray Lane","ELEVTYP_F":0,"ELEVTYP_T":0},"geometry":{"type":"LineString","coordinates":[[-74.526529933066,39.4302172086658],[-74.5265553493381,39.4302241980136],[-74.5265813778634,39.4302296668701],[-74.5266078676351,39.4302335835071],[-74.52663466497,39.4302359252019],[-74.5266616144007,39.430236678369],[-74.5266885595773,39.4302358386386],[-74.5267153441745,39.4302334108827],[-74.5267418127988,39.4302294091861],[-74.5267678118898,39.430223856765],[-74.5267931906114,39.4302167858324],[-74.5268178017264,39.4302082374109],[-74.5268415024515,39.4301982610951],[-74.526864155285,39.4301869147636],[-74.5268856288049,39.430174264243],[-74.5269057984315,39.4301603829266],[-74.5269245471497,39.4301453513479],[-74.5275523942303,39.4296020127008]]}},{"type":"Feature","id":360609,"properties":{"OBJECTID":360609,"PRIMENAME":"Black Horse Pike","ELEVTYP_F":0,"ELEVTYP_T":0},"geometry":{"type":"LineString","coordinates":[[-74.5155489407947,39.3868188782171],[-74.5153996728619,39.3867103627114],[-74.515259760069,39.3866632924367],[-74.5152544371786,39.3866613338826],[-74.5149845327672,39.3865619857815],[-74.5147816667184,39.3864749749959],[-74.514667244681,39.3864342658577]]}},{"type":"Feature","id":360640,"properties":{"OBJECTID":360640,"PRIMENAME":"Morton Avenue","ELEVTYP_F":0,"ELEVTYP_T":0},"geometry":{"type":"LineString","coordinates":[[-74.5153158499785,39.4391117059413],[-74.5147554979529,39.4395969046255],[-74.5146777173497,39.4396637707468]]}},{"type":"Feature","id":360930,"properties":{"OBJECTID":360930,"PRIMENAME":"East Chip Shot Lane","ELEVTYP_F":0,"ELEVTYP_T":0},"geometry":{"type":"LineString","coordinates":[[-74.4727270191194,39.4442788892568],[-74.4726844626909,39.4443466416964],[-74.4726542617129,39.444423868901],[-74.4726330931728,39.4444964582189],[-74.4726360380876,39.4445713322224],[-74.4726511654323,39.4446439030504],[-74.4726527161885,39.444647521014],[-74.4726782665518,39.4447071138092],[-74.4727325974877,39.4447749988748],[-74.4728080708553,39.4448405548947],[-74.4728366598144,39.4448546085953],[-74.4728986014376,39.4448850555529],[-74.4730253972408,39.4449225347395],[-74.4735325121032,39.4450724536893],[-74.4745105262499,39.4453535503574],[-74.4746373280096,39.4453793318442],[-74.4746916493907,39.4453840116027],[-74.4747339330808,39.4453793528674],[-74.4747791930295,39.4453723337746],[-74.4748124135828,39.4453606450314],[-74.4748547039941,39.4453372334731],[-74.4749181091497,39.4452881006079],[-74.4750358974343,39.4451710791547],[-74.4752548230519,39.4449465330433]]}},{"type":"Feature","id":361285,"properties":{"OBJECTID":361285,"PRIMENAME":"East White Horse Pike","ELEVTYP_F":0,"ELEVTYP_T":0},"geometry":{"type":"LineString","coordinates":[[-74.5305748999796,39.4474456173484],[-74.5304308248334,39.4473473647663],[-74.5298669534264,39.4469633970417],[-74.5294611438456,39.4466853959305],[-74.5292742886766,39.4465601873956]]}},{"type":"Feature","id":361369,"properties":{"OBJECTID":361369,"PRIMENAME":"North New Road","ELEVTYP_F":0,"ELEVTYP_T":0},"geometry":{"type":"LineString","coordinates":[[-74.5286829110387,39.3947839542711],[-74.5286331542818,39.3948644696057],[-74.528493927728,39.3950878627107]]}},{"type":"Feature","id":361501,"properties":{"OBJECTID":361501,"PRIMENAME":"Birch Hill","ELEVTYP_F":0,"ELEVTYP_T":0},"geometry":{"type":"LineString","coordinates":[[-74.4878341358149,39.4215185646548],[-74.4883490969233,39.4217073313872],[-74.4888250705039,39.4218818036049]]}},{"type":"Feature","id":362115,"properties":{"OBJECTID":362115,"PRIMENAME":"Shady Lane","ELEVTYP_F":0,"ELEVTYP_T":0},"geometry":{"type":"LineString","coordinates":[[-74.494876606381,39.4307741815484],[-74.4950934218716,39.4308309709374],[-74.4954469686919,39.4309309532444],[-74.4955467732261,39.4309567938144],[-74.4955967289832,39.4309600079633],[-74.495663254847,39.4309600104611],[-74.4957339592981,39.4309535615537],[-74.495983494309,39.4309277607476],[-74.4962705238345,39.430898749266],[-74.4965783003481,39.4308632303177],[-74.4967189657246,39.4308447833071]]}},{"type":"Feature","id":362183,"properties":{"OBJECTID":362183,"PRIMENAME":"Lisbon Avenue","ELEVTYP_F":0,"ELEVTYP_T":0},"geometry":{"type":"LineString","coordinates":[[-74.489199440816,39.4305250924612],[-74.4892361464392,39.4296566780418]]}},{"type":"Feature","id":362336,"properties":{"OBJECTID":362336,"PRIMENAME":"New York Road","ELEVTYP_F":0,"ELEVTYP_T":0},"geometry":{"type":"LineString","coordinates":[[-74.4774201446822,39.4431406762295],[-74.4773153614917,39.4433625851463],[-74.4771451315251,39.4437134445833],[-74.4770819877158,39.4438356945939]]}},{"type":"Feature","id":362363,"properties":{"OBJECTID":362363,"PRIMENAME":"Wellington Avenue","ELEVTYP_F":0,"ELEVTYP_T":0},"geometry":{"type":"LineString","coordinates":[[-74.5183503043262,39.4025403774153],[-74.5192238045781,39.4028882201813],[-74.5195982244769,39.4030365073553],[-74.5206956301592,39.4034711168905]]}},{"type":"Feature","id":363052,"properties":{"OBJECTID":363052,"PRIMENAME":"White Horse Pike","ELEVTYP_F":0,"ELEVTYP_T":0},"geometry":{"type":"LineString","coordinates":[[-74.5163559401193,39.4357116691623],[-74.5165557194568,39.4359079544936],[-74.5166854140408,39.4360440095918],[-74.5167770076502,39.436165298761],[-74.5169029194943,39.4363249667707],[-74.5169620986296,39.436412647223],[-74.517032665221,39.4365171970193],[-74.5171738595215,39.4367597259759],[-74.5172499636642,39.4369268730552],[-74.5172654386162,39.4369608578587],[-74.5173500971736,39.4371535439147]]}},{"type":"Feature","id":363862,"properties":{"OBJECTID":363862,"PRIMENAME":"Sycamore Avenue","ELEVTYP_F":0,"ELEVTYP_T":0},"geometry":{"type":"LineString","coordinates":[[-74.4972980516721,39.4289211755258],[-74.4972064131311,39.4292344235119],[-74.4970265711627,39.4298212715427]]}},{"type":"Feature","id":364580,"properties":{"OBJECTID":364580,"PRIMENAME":"Belaire Drive","ELEVTYP_F":0,"ELEVTYP_T":0},"geometry":{"type":"LineString","coordinates":[[-74.5258114640531,39.4307482740884],[-74.526146206411,39.4300987423264]]}},{"type":"Feature","id":364599,"properties":{"OBJECTID":364599,"PRIMENAME":"New York Road","ELEVTYP_F":0,"ELEVTYP_T":0},"geometry":{"type":"LineString","coordinates":[[-74.4823349118735,39.4375900571499],[-74.481888511019,39.4378874922439]]}},{"type":"Feature","id":364641,"properties":{"OBJECTID":364641,"PRIMENAME":"Berkley Avenue","ELEVTYP_F":0,"ELEVTYP_T":0},"geometry":{"type":"LineString","coordinates":[[-74.4971655448305,39.4269191597172],[-74.4952533603857,39.4264280401846],[-74.4941147299779,39.4261300307478]]}},{"type":"Feature","id":364653,"properties":{"OBJECTID":364653,"PRIMENAME":"Shore Road","ELEVTYP_F":0,"ELEVTYP_T":0},"geometry":{"type":"LineString","coordinates":[[-74.4974579867693,39.4265256892002],[-74.49727413086,39.4267722707627],[-74.4971655448305,39.4269191597172]]}},{"type":"Feature","id":364727,"properties":{"OBJECTID":364727,"PRIMENAME":"Tenth Avenue","ELEVTYP_F":0,"ELEVTYP_T":0},"geometry":{"type":"LineString","coordinates":[[-74.498308551115,39.4538110892061],[-74.4983724440551,39.4537436854161],[-74.4984937117777,39.4536269701157],[-74.4991335521061,39.4530726065278],[-74.4996060766665,39.4526673818076],[-74.5005093198084,39.451889324724],[-74.5010612990929,39.4514160015979],[-74.5020397633575,39.4505730798666],[-74.5028760926148,39.4498533777446],[-74.5030682795843,39.4496875912742]]}},{"type":"Feature","id":364991,"properties":{"OBJECTID":364991,"PRIMENAME":"New York Road","ELEVTYP_F":0,"ELEVTYP_T":0},"geometry":{"type":"LineString","coordinates":[[-74.481888511019,39.4378874922439],[-74.481597260828,39.438081563015],[-74.481369262186,39.4382239707465],[-74.4811378599116,39.4383796110925],[-74.4808281905386,39.4385853728881],[-74.4804572851681,39.438830606435],[-74.4801203760184,39.4390548677333],[-74.4798650993307,39.4392236530843],[-74.4796643252226,39.4393581540539],[-74.4794873833935,39.4394873874123],[-74.4793376352416,39.4396140445475],[-74.4792082852965,39.4397327159631],[-74.479099402964,39.4398487813017],[-74.4790075191285,39.4399516718411],[-74.4789553058522,39.4400193969587]]}},{"type":"Feature","id":365080,"properties":{"OBJECTID":365080,"PRIMENAME":"East Black Horse Pike","ELEVTYP_F":0,"ELEVTYP_T":0},"geometry":{"type":"LineString","coordinates":[[-74.5231948780263,39.3895903650013],[-74.5233449468402,39.3897100186548],[-74.5237435646514,39.3898629262189],[-74.5240705307816,39.3900111243384]]}},{"type":"Feature","id":365250,"properties":{"OBJECTID":365250,"PRIMENAME":"Holly Road","ELEVTYP_F":0,"ELEVTYP_T":0},"geometry":{"type":"LineString","coordinates":[[-74.5204487916283,39.4252791890426],[-74.5203519441658,39.4252489148413],[-74.5202086885565,39.4251822752449],[-74.5200224110123,39.4250878847454],[-74.5198576236352,39.4249934632551],[-74.5196212126543,39.424876840816],[-74.5193955627536,39.4247574434387],[-74.5192379281884,39.4246630189713],[-74.5189728688542,39.4245102949899],[-74.518868071537,39.4244450671147],[-74.5187185365023,39.4243519954269],[-74.5186003090342,39.4242714567745]]}},{"type":"Feature","id":365279,"properties":{"OBJECTID":365279,"PRIMENAME":"New York Avenue","ELEVTYP_F":0,"ELEVTYP_T":0},"geometry":{"type":"LineString","coordinates":[[-74.503960418063,39.4374249316951],[-74.5043480833531,39.4376962146817],[-74.5049004804986,39.4380763806537]]}},{"type":"Feature","id":365282,"properties":{"OBJECTID":365282,"PRIMENAME":"East Faunce Landing Road","ELEVTYP_F":0,"ELEVTYP_T":0},"geometry":{"type":"LineString","coordinates":[[-74.4903457000023,39.427219030186],[-74.490734980605,39.4272987672563],[-74.4917622477179,39.4275085019402],[-74.4918465163974,39.427525070871],[-74.492369470465,39.4276278965389],[-74.4925441471786,39.4276601690853],[-74.4928359615709,39.4277356275489],[-74.4928560774728,39.4277408281986],[-74.493263630049,39.4278440615727],[-74.4946652225644,39.428205405172],[-74.4955885321125,39.4284473354174],[-74.495921356996,39.4285340269482]]}},{"type":"Feature","id":365301,"properties":{"OBJECTID":365301,"PRIMENAME":"Forest Hill Drive","ELEVTYP_F":0,"ELEVTYP_T":0},"geometry":{"type":"LineString","coordinates":[[-74.4896662812393,39.4204907179226],[-74.4892009308848,39.4203194947745],[-74.4886752215798,39.4201260591717]]}},{"type":"Feature","id":365442,"properties":{"OBJECTID":365442,"PRIMENAME":"South Mill Road","ELEVTYP_F":0,"ELEVTYP_T":0},"geometry":{"type":"LineString","coordinates":[[-74.524461380688,39.422314046197],[-74.52425986711,39.4224777556563],[-74.5240769326975,39.4226296009852],[-74.5239446886227,39.4227645059642],[-74.5239280892857,39.4227814381138],[-74.5238175046586,39.4229068539645],[-74.5237153818844,39.4230355631086],[-74.5234165279674,39.4234105023409],[-74.5234049392157,39.4234250408807],[-74.5231199726484,39.4237848043601],[-74.5229285676175,39.4240323351872],[-74.5226733870353,39.424335997961],[-74.5224096867568,39.4246891661476],[-74.5222310461037,39.4249003956079],[-74.5221076877347,39.425068727223],[-74.5220099172111,39.425210640618],[-74.5219418456999,39.4253459580791],[-74.5219163519393,39.4254449715663],[-74.5219121004205,39.4255472743695],[-74.5219141972554,39.4255706398135]]}},{"type":"Feature","id":365483,"properties":{"OBJECTID":365483,"PRIMENAME":"West California Avenue","ELEVTYP_F":0,"ELEVTYP_T":0},"geometry":{"type":"LineString","coordinates":[[-74.5189744981378,39.4168000107974],[-74.5189741717706,39.4167999000522],[-74.5185967638799,39.4166707456174],[-74.5181147010944,39.4165057751416],[-74.518112406092,39.4165050044134],[-74.517922691096,39.4164412814144],[-74.5172819413981,39.416226058121]]}},{"type":"Feature","id":365824,"properties":{"OBJECTID":365824,"PRIMENAME":"Absecon Boulevard","ELEVTYP_F":0,"ELEVTYP_T":0},"geometry":{"type":"LineString","coordinates":[[-74.4898083434667,39.3927433962559],[-74.4898647756145,39.3928006482192],[-74.4902878559632,39.3932384519062],[-74.4905839285019,39.3935432769638],[-74.4906613734268,39.393623011609],[-74.4913207798806,39.3943004171513],[-74.491485839675,39.3944712038381],[-74.4915266322925,39.3945134122021],[-74.4916790953884,39.3946642700971],[-74.4918353778524,39.3948328639926],[-74.4919954804586,39.3950340220111],[-74.492121257814,39.3952292474893],[-74.4922203221704,39.395397864889],[-74.4922813154041,39.395528012639],[-74.4923384872035,39.3956551955561],[-74.4923918340049,39.3958119759148],[-74.4924337539062,39.3959421223273],[-74.4924680609615,39.3961077707213],[-74.49247195096,39.3961341294021]]}},{"type":"Feature","id":365963,"properties":{"OBJECTID":365963,"PRIMENAME":"Morton Avenue","ELEVTYP_F":0,"ELEVTYP_T":0},"geometry":{"type":"LineString","coordinates":[[-74.5134157268375,39.4407642362216],[-74.5133170208632,39.4408502962161],[-74.5127984535031,39.4413033572111]]}},{"type":"Feature","id":365974,"properties":{"OBJECTID":365974,"PRIMENAME":"Marin Drive","ELEVTYP_F":0,"ELEVTYP_T":0},"geometry":{"type":"LineString","coordinates":[[-74.5160508963908,39.4158226017877],[-74.5160399459246,39.415841466973],[-74.5153763538136,39.4169845387843],[-74.5153719742097,39.4170101986759],[-74.5153729891033,39.4170360731458],[-74.5153793762846,39.4170614784889],[-74.515390966057,39.4170857517373],[-74.5154074551735,39.4171082569644],[-74.5154284114855,39.4171284014983],[-74.5154807839569,39.4171666335356],[-74.5155383153034,39.4172001086315],[-74.5156002923593,39.4172284098034],[-74.5156659450624,39.4172511858357],[-74.5159441907597,39.4173336091363],[-74.5160090706173,39.4173429217116],[-74.516074948935,39.4173457879821],[-74.5161407642092,39.4173421621525],[-74.5162054607664,39.4173321020213],[-74.5162679922502,39.4173157707817],[-74.5163273587834,39.4172934298097],[-74.516382597679,39.4172654404668],[-74.5164328240854,39.4172322505817],[-74.5164772298256,39.4171943953512],[-74.5165151008155,39.4171524865269],[-74.5165458240272,39.4171071943982],[-74.5170762172655,39.4161982465475],[-74.5170939732394,39.4161664483668]]}},{"type":"Feature","id":366006,"properties":{"OBJECTID":366006,"PRIMENAME":"West Church Street","ELEVTYP_F":0,"ELEVTYP_T":0},"geometry":{"type":"LineString","coordinates":[[-74.5059249555472,39.4305376610536],[-74.5052632767126,39.4300810104143],[-74.5049924565453,39.4298932994803],[-74.5046267807667,39.4296398406096]]}},{"type":"Feature","id":366015,"properties":{"OBJECTID":366015,"PRIMENAME":"South Mill Road","ELEVTYP_F":0,"ELEVTYP_T":0},"geometry":{"type":"LineString","coordinates":[[-74.5219141972554,39.4255706398135],[-74.5219206626882,39.4256429583841],[-74.5219462217397,39.4257518737371],[-74.5219973151665,39.4258904637975],[-74.5220948458205,39.4261039753203],[-74.5220952712228,39.4261049075669],[-74.5223464893706,39.4266659035645],[-74.5224580236717,39.4269140405903],[-74.5224784936613,39.4269595801488],[-74.52254882065,39.4271139761476],[-74.522606248291,39.4272400498754],[-74.522678633642,39.4274182553138],[-74.5226941897631,39.4274609195363]]}},{"type":"Feature","id":366023,"properties":{"OBJECTID":366023,"PRIMENAME":"Woodcrest Avenue","ELEVTYP_F":0,"ELEVTYP_T":0},"geometry":{"type":"LineString","coordinates":[[-74.5018866461787,39.4354640775516],[-74.5022894762216,39.4355119540311],[-74.5025889164577,39.4355370701008],[-74.5026738937317,39.4355370681766],[-74.5027386182475,39.4355245194541],[-74.5028074127941,39.4355025527543],[-74.5028560268128,39.4354742989412],[-74.5028626119459,39.4354675986437]]}},{"type":"Feature","id":366104,"properties":{"OBJECTID":366104,"PRIMENAME":"West Wyoming Avenue","ELEVTYP_F":0,"ELEVTYP_T":0},"geometry":{"type":"LineString","coordinates":[[-74.5033835178871,39.428774951579],[-74.5034383202701,39.4287217947198],[-74.5035030686289,39.4286182270179],[-74.5036365294498,39.4283956615885]]}},{"type":"Feature","id":366173,"properties":{"OBJECTID":366173,"PRIMENAME":"4th Street","ELEVTYP_F":0,"ELEVTYP_T":0},"geometry":{"type":"LineString","coordinates":[[-74.4826417521179,39.4323316990777],[-74.4828108119039,39.4320554853096],[-74.4830438373706,39.4316716793319],[-74.483090803159,39.431597882838]]}},{"type":"Feature","id":366219,"properties":{"OBJECTID":366219,"PRIMENAME":"East Illinois Avenue","ELEVTYP_F":0,"ELEVTYP_T":0},"geometry":{"type":"LineString","coordinates":[[-74.5000687181183,39.4202640569567],[-74.4999394031903,39.420284759158],[-74.4997798929656,39.4202945605777],[-74.4995167683303,39.4203063936022],[-74.4991849675852,39.420324128517],[-74.4990032197509,39.4203387254761],[-74.4989637912967,39.4203418914457],[-74.4988150773578,39.4203418900292],[-74.4987426500039,39.4203448267804],[-74.4986880015248,39.4203397465649],[-74.4986472480312,39.4203359573327],[-74.4985366598509,39.4203152538027],[-74.4984634897664,39.4202930958745],[-74.4984513450838,39.4202894177458]]}},{"type":"Feature","id":366318,"properties":{"OBJECTID":366318,"PRIMENAME":"Hobart Avenue","ELEVTYP_F":0,"ELEVTYP_T":0},"geometry":{"type":"LineString","coordinates":[[-74.4974875331136,39.4348457751435],[-74.4984166126122,39.4347693803806],[-74.498915354457,39.4347242750208]]}},{"type":"Feature","id":366400,"properties":{"OBJECTID":366400,"PRIMENAME":"White Horse Pike","ELEVTYP_F":0,"ELEVTYP_T":0},"geometry":{"type":"LineString","coordinates":[[-74.5305015789488,39.4475066754465],[-74.5305505005215,39.4475426584183],[-74.5309178795234,39.4477842593356],[-74.5313838847329,39.4480989203965],[-74.5314233128651,39.4481255273715],[-74.5315159821694,39.4481880634798],[-74.5317210200609,39.4483270735224],[-74.532028582394,39.4485455142217],[-74.5322934553836,39.4487275314683],[-74.5325839808333,39.4489327409197],[-74.5328098498159,39.4490942747932],[-74.5328162341593,39.4490988418286]]}},{"type":"Feature","id":366498,"properties":{"OBJECTID":366498,"PRIMENAME":"West Bolton Avenue","ELEVTYP_F":0,"ELEVTYP_T":0},"geometry":{"type":"LineString","coordinates":[[-74.5011637973219,39.4178176533791],[-74.5012734976355,39.4178525492485],[-74.5025882706077,39.4180972740532],[-74.5045743353011,39.4184694489307],[-74.5047647362332,39.4185051265015]]}},{"type":"Feature","id":366507,"properties":{"OBJECTID":366507,"PRIMENAME":"Woodland Avenue","ELEVTYP_F":0,"ELEVTYP_T":0},"geometry":{"type":"LineString","coordinates":[[-74.4977391994044,39.4416082010216],[-74.4981652166659,39.4417995513151],[-74.4986928260257,39.4420743141259],[-74.499251283274,39.4423490477084],[-74.5000562403281,39.4427462330618],[-74.5006185689398,39.44302694494],[-74.5011885850867,39.4433166052252],[-74.5018241186163,39.4436301760438],[-74.502513554502,39.4439735865143],[-74.50311053569,39.444272187963],[-74.5036960128357,39.4445648270284],[-74.5042467890549,39.4448335788834],[-74.5046319782169,39.4450246870749],[-74.5047744819727,39.4451023281674],[-74.5048206964862,39.445135163896],[-74.504852676234,39.4451641015538],[-74.5048987862509,39.4452133560731]]}},{"type":"Feature","id":366574,"properties":{"OBJECTID":366574,"PRIMENAME":"West Curran Drive","ELEVTYP_F":0,"ELEVTYP_T":0},"geometry":{"type":"LineString","coordinates":[[-74.4839389125377,39.4354017886944],[-74.48395389814,39.4353650219891],[-74.4839913562545,39.4352198653494],[-74.4840038483439,39.4350940616126],[-74.4840038608813,39.4350392309372],[-74.4839872284342,39.4350037552212],[-74.4839498114518,39.4349650364664],[-74.4838874313033,39.4349392461019],[-74.4837917659043,39.4349166362933],[-74.4836378611354,39.4348811413209],[-74.4835006318927,39.4348456485108],[-74.4834299300231,39.434819829696],[-74.4833883346551,39.4347875616801],[-74.4833717067827,39.4347295172794],[-74.4833727903643,39.434715816295],[-74.4833842075611,39.4345714524155],[-74.4834425810691,39.4340263688432],[-74.4834676317227,39.4336521970269],[-74.4834550802829,39.4334267236274]]}},{"type":"Feature","id":366676,"properties":{"OBJECTID":366676,"PRIMENAME":"West California Avenue","ELEVTYP_F":0,"ELEVTYP_T":0},"geometry":{"type":"LineString","coordinates":[[-74.5085961366551,39.4143749826307],[-74.5083650413508,39.4143487357197]]}},{"type":"Feature","id":366783,"properties":{"OBJECTID":366783,"PRIMENAME":"Del Mar Court","ELEVTYP_F":0,"ELEVTYP_T":0},"geometry":{"type":"LineString","coordinates":[[-74.5063176538816,39.4468810400265],[-74.5083124394621,39.4482733669742]]}},{"type":"Feature","id":366797,"properties":{"OBJECTID":366797,"PRIMENAME":"New Jersey Avenue","ELEVTYP_F":0,"ELEVTYP_T":0},"geometry":{"type":"LineString","coordinates":[[-74.5050039732957,39.4290801261693],[-74.5047194117751,39.4287858605408]]}},{"type":"Feature","id":366856,"properties":{"OBJECTID":366856,"PRIMENAME":"Seaside Avenue","ELEVTYP_F":0,"ELEVTYP_T":0},"geometry":{"type":"LineString","coordinates":[[-74.5102221252003,39.4345921772336],[-74.5110009827903,39.4351336290466],[-74.512132657033,39.4359120140389]]}},{"type":"Feature","id":366862,"properties":{"OBJECTID":366862,"PRIMENAME":"Cannon Avenue","ELEVTYP_F":0,"ELEVTYP_T":0},"geometry":{"type":"LineString","coordinates":[[-74.5116503294322,39.4290671849903],[-74.5113236579291,39.4297305917211],[-74.5112949887697,39.4297833660102]]}},{"type":"Feature","id":366986,"properties":{"OBJECTID":366986,"PRIMENAME":"Bayview Drive","ELEVTYP_F":0,"ELEVTYP_T":0},"geometry":{"type":"LineString","coordinates":[[-74.4892429342596,39.4377807485915],[-74.4893733787469,39.4377847141798],[-74.4895564071717,39.4377654284611],[-74.4897186531258,39.4377364219139],[-74.4898725796357,39.4376944816644],[-74.4900181524519,39.4376267596653],[-74.490180406044,39.437539681651],[-74.4903509479311,39.4374267953419],[-74.4904508143576,39.4373171431708],[-74.4905589738513,39.4371462085134],[-74.4906297057632,39.4369849354015],[-74.4906713277165,39.4368526818149],[-74.4906879863155,39.4367204532391],[-74.4906921906028,39.4365269135601],[-74.490696361429,39.4363140175272],[-74.4906880700322,39.4360914828528],[-74.4906753009636,39.4359961530894],[-74.4906340567436,39.435688281361],[-74.4905991417484,39.4354481726434]]}},{"type":"Feature","id":367073,"properties":{"OBJECTID":367073,"PRIMENAME":"Shore Road","ELEVTYP_F":0,"ELEVTYP_T":0},"geometry":{"type":"LineString","coordinates":[[-74.4891599230511,39.4330742505555],[-74.4889053634358,39.4332376475969],[-74.4887632986975,39.4333338680515]]}},{"type":"Feature","id":367156,"properties":{"OBJECTID":367156,"PRIMENAME":"Plaza Place","ELEVTYP_F":0,"ELEVTYP_T":0},"geometry":{"type":"LineString","coordinates":[[-74.5106072936162,39.4407460212215],[-74.5112021749794,39.4411569865662],[-74.5121911196161,39.4418339063532]]}},{"type":"Feature","id":367207,"properties":{"OBJECTID":367207,"PRIMENAME":"Ohio Avenue","ELEVTYP_F":0,"ELEVTYP_T":0},"geometry":{"type":"LineString","coordinates":[[-74.5063307828475,39.4264460579779],[-74.5057157074327,39.4261402801431],[-74.5052705040526,39.4259211717959]]}},{"type":"Feature","id":367254,"properties":{"OBJECTID":367254,"PRIMENAME":"Hendricks Street","ELEVTYP_F":0,"ELEVTYP_T":0},"geometry":{"type":"LineString","coordinates":[[-74.5225020726932,39.4001910020304],[-74.5231798487882,39.3995449748184]]}},{"type":"Feature","id":367308,"properties":{"OBJECTID":367308,"PRIMENAME":"Delilah Road","ELEVTYP_F":0,"ELEVTYP_T":0},"geometry":{"type":"LineString","coordinates":[[-74.4970571306091,39.3979730972238],[-74.4968951618146,39.3979043968167],[-74.4967477952985,39.3978418896186],[-74.4964758778895,39.397726552689],[-74.4953997540355,39.397268457258],[-74.4951534268681,39.3971630685154]]}},{"type":"Feature","id":367385,"properties":{"OBJECTID":367385,"PRIMENAME":"Wynnewood Drive","ELEVTYP_F":0,"ELEVTYP_T":0},"geometry":{"type":"LineString","coordinates":[[-74.490504220853,39.4207929753941],[-74.4913335629388,39.4194054183709]]}},{"type":"Feature","id":367403,"properties":{"OBJECTID":367403,"PRIMENAME":"Shady Lane","ELEVTYP_F":0,"ELEVTYP_T":0},"geometry":{"type":"LineString","coordinates":[[-74.4933326090693,39.4303123142466],[-74.4933840123268,39.4303567409741],[-74.4934422509019,39.430382526033],[-74.4935212705384,39.430414791667],[-74.4936044690008,39.4304406059561],[-74.4938123965884,39.4304954470179],[-74.4942090199192,39.4305993331318],[-74.4944940996913,39.4306740033677]]}},{"type":"Feature","id":367499,"properties":{"OBJECTID":367499,"PRIMENAME":"East White Horse Pike","ELEVTYP_F":0,"ELEVTYP_T":0},"geometry":{"type":"LineString","coordinates":[[-74.5258775590407,39.4443615208372],[-74.525975532806,39.4444280804763],[-74.5264710363749,39.4447657089135],[-74.5269238262968,39.4450768229645],[-74.527150291516,39.4452299030167],[-74.5273253639547,39.4453482446855],[-74.5280686207313,39.445851342635],[-74.5281778635555,39.4459261066384]]}},{"type":"Feature","id":367512,"properties":{"OBJECTID":367512,"PRIMENAME":"West Black Horse Pike","ELEVTYP_F":0,"ELEVTYP_T":0},"geometry":{"type":"LineString","coordinates":[[-74.5240705307816,39.3900111243384],[-74.5243007766026,39.3901155491409],[-74.5258224218206,39.3907304135165],[-74.5259430337419,39.3907877157117]]}},{"type":"Feature","id":367600,"properties":{"OBJECTID":367600,"PRIMENAME":"Ables Run Drive","ELEVTYP_F":0,"ELEVTYP_T":0},"geometry":{"type":"LineString","coordinates":[[-74.5275523942303,39.4296020127008],[-74.5274480000581,39.4295294645193],[-74.5273772386541,39.4294818540529],[-74.5273045449405,39.4294360278701],[-74.5272299936954,39.4293920331085],[-74.5271536616071,39.4293499150222],[-74.5270756271952,39.4293097169344],[-74.5269959707297,39.4292714801936],[-74.5269147741491,39.4292352441307],[-74.5268321209754,39.4292010460185],[-74.5267480962285,39.4291689210335],[-74.5266627863388,39.4291389022199],[-74.5265762790583,39.4291110204552],[-74.5264886633703,39.4290853044188],[-74.5264000293977,39.4290617805625],[-74.526310468311,39.4290404730828],[-74.5262200722335,39.4290214038969],[-74.5261289341475,39.4290045926193],[-74.5246666732356,39.428753997951],[-74.5246359265742,39.4287498214346],[-74.5246048250603,39.4287477614317],[-74.5245736104606,39.4287478339557],[-74.5245425254208,39.4287500384428],[-74.5245118115795,39.4287543577565],[-74.5244817076899,39.4287607583208],[-74.524452447764,39.4287691903809],[-74.5244242592534,39.4287795883907],[-74.5243973612814,39.4287918715212],[-74.5243719629395,39.4288059442899],[-74.5243482616624,39.4288216973022],[-74.5243264416928,39.4288390081023],[-74.5243066726499,39.4288577421247],[-74.5242891082098,39.4288777537404],[-74.5242738849119,39.428898887389],[-74.5242611210968,39.4289209787877],[-74.5239528705473,39.4295244671798]]}},{"type":"Feature","id":367646,"properties":{"OBJECTID":367646,"PRIMENAME":"Pitney Road","ELEVTYP_F":0,"ELEVTYP_T":0},"geometry":{"type":"LineString","coordinates":[[-74.4990808230727,39.4337513324187],[-74.4990360657563,39.4340013224889],[-74.4989407072241,39.4345721673822],[-74.498915354457,39.4347242750208]]}},{"type":"Feature","id":367703,"properties":{"OBJECTID":367703,"PRIMENAME":"Tenth Avenue","ELEVTYP_F":0,"ELEVTYP_T":0},"geometry":{"type":"LineString","coordinates":[[-74.504434716516,39.448519400471],[-74.5042609044722,39.4486733728199]]}},{"type":"Feature","id":367786,"properties":{"OBJECTID":367786,"PRIMENAME":"Cordova Drive","ELEVTYP_F":0,"ELEVTYP_T":0},"geometry":{"type":"LineString","coordinates":[[-74.4910155686019,39.4318463122555],[-74.4905117716606,39.4314215214032]]}},{"type":"Feature","id":367811,"properties":{"OBJECTID":367811,"PRIMENAME":"Huron Avenue","ELEVTYP_F":0,"ELEVTYP_T":0},"geometry":{"type":"LineString","coordinates":[[-74.5002117310406,39.431416141957],[-74.500188630714,39.4314581795669],[-74.5001104016297,39.4316005409817],[-74.5000501524612,39.4317101817258],[-74.4999877053716,39.4318238219821]]}},{"type":"Feature","id":368093,"properties":{"OBJECTID":368093,"PRIMENAME":"Unnamed Segment","ELEVTYP_F":0,"ELEVTYP_T":0},"geometry":{"type":"LineString","coordinates":[[-74.4969506885697,39.4358553353076],[-74.4969808203282,39.4361633792553],[-74.4969891520197,39.4362658740564],[-74.4969882962567,39.4362868882108],[-74.496982362941,39.4363074032463],[-74.4969715634977,39.4363266881244],[-74.4969562827537,39.4363440556418],[-74.4969370652251,39.4363588869186],[-74.496914595714,39.4363706534517],[-74.4968896749062,39.4363789359479],[-74.4968631908389,39.4363834392654],[-74.4961214430732,39.4364431037795],[-74.4960834328826,39.4364398811934],[-74.4960474793167,39.4364297890242],[-74.4960156163649,39.4364133982132],[-74.4959896465966,39.4363916360326],[-74.495971039184,39.4363657336263],[-74.4959608467877,39.4363371563602],[-74.4959596460068,39.4363075209221],[-74.4959675047612,39.4362785038613],[-74.4960156155334,39.4362105430203],[-74.4960421521253,39.4361573211829],[-74.4960205625643,39.4359332884023]]}},{"type":"Feature","id":368094,"properties":{"OBJECTID":368094,"PRIMENAME":"Connecticut Avenue","ELEVTYP_F":0,"ELEVTYP_T":0},"geometry":{"type":"LineString","coordinates":[[-74.4969506885697,39.4358553353076],[-74.4974682010066,39.4358111960012],[-74.4976225776521,39.4357986241161]]}},{"type":"Feature","id":368095,"properties":{"OBJECTID":368095,"PRIMENAME":"Connecticut Avenue","ELEVTYP_F":0,"ELEVTYP_T":0},"geometry":{"type":"LineString","coordinates":[[-74.4953078379372,39.4359811572767],[-74.4955880580029,39.4359692065412],[-74.4960203604346,39.4359333037089],[-74.4960205625643,39.4359332884023]]}},{"type":"Feature","id":368096,"properties":{"OBJECTID":368096,"PRIMENAME":"Unnamed Segment","ELEVTYP_F":0,"ELEVTYP_T":0},"geometry":{"type":"LineString","coordinates":[[-74.4975051729611,39.4375427824261],[-74.4973368401276,39.4374146690513],[-74.4970677623617,39.4372539107291],[-74.4969732287128,39.4372144344523],[-74.4969150542841,39.437208795733],[-74.4968350613117,39.4372257087655],[-74.4966823459618,39.4373384834873],[-74.4965878055435,39.4374399799375],[-74.4965587115763,39.4375020062086],[-74.4965368919003,39.4376373378014],[-74.4965363620078,39.4376406229947]]}},{"type":"Feature","id":368097,"properties":{"OBJECTID":368097,"PRIMENAME":"Unnamed Segment","ELEVTYP_F":0,"ELEVTYP_T":0},"geometry":{"type":"LineString","coordinates":[[-74.4954538306731,39.4377359153605],[-74.4953079283662,39.4376990804576],[-74.495214182651,39.4376608161605],[-74.4950957690388,39.437599593922],[-74.4949921546346,39.4375345474131],[-74.4949181505759,39.4374541975552],[-74.4948934860079,39.4373700241367],[-74.4948885564848,39.4372973295448]]}},{"type":"Feature","id":368313,"properties":{"OBJECTID":368313,"PRIMENAME":"Peterson Way","ELEVTYP_F":0,"ELEVTYP_T":0},"geometry":{"type":"LineString","coordinates":[[-74.5161196464049,39.415043987544],[-74.5161551317486,39.4150089368572],[-74.5161876099348,39.414972173862],[-74.5162169440542,39.4149338535356],[-74.5162430104522,39.4148941374197],[-74.5165474567299,39.4143904538366],[-74.5165579324103,39.4143712583621],[-74.5165665005341,39.4143515017524],[-74.5165731117197,39.4143312978769],[-74.5165777278646,39.4143107631825],[-74.5165803223648,39.4142900160229],[-74.5165808802687,39.4142691759761],[-74.5165793983625,39.4142483631553],[-74.5165758851891,39.414227697517],[-74.516554450105,39.4141302924206]]}},{"type":"Feature","id":368470,"properties":{"OBJECTID":368470,"PRIMENAME":"Ritz Drive","ELEVTYP_F":0,"ELEVTYP_T":0},"geometry":{"type":"LineString","coordinates":[[-74.5170857363354,39.4383819710665],[-74.5173494003532,39.4385777374909],[-74.5173647724021,39.4385901460873],[-74.5173787548429,39.4386035064579],[-74.5173912500547,39.4386177253257],[-74.5174021707998,39.4386327034199],[-74.5174114408326,39.4386483361691],[-74.5174189954318,39.4386645144311],[-74.517424781853,39.4386811252551],[-74.517428759696,39.4386980526704],[-74.5174309011876,39.4387151784957],[-74.5174311913754,39.4387323831644],[-74.5174296282321,39.4387495465594],[-74.5174262226694,39.4387665488517],[-74.5174209984628,39.438783271337],[-74.5174139920845,39.4387995972642],[-74.5174052524496,39.4388154126512],[-74.5173948405744,39.4388306070799]]}},{"type":"Feature","id":368514,"properties":{"OBJECTID":368514,"PRIMENAME":"Delilah Road","ELEVTYP_F":0,"ELEVTYP_T":0},"geometry":{"type":"LineString","coordinates":[[-74.5317797744034,39.4128464518356],[-74.5310437420274,39.4125295180046],[-74.5307381657597,39.412398945992]]}},{"type":"Feature","id":368515,"properties":{"OBJECTID":368515,"PRIMENAME":"Unnamed Segment","ELEVTYP_F":0,"ELEVTYP_T":0},"geometry":{"type":"LineString","coordinates":[[-74.4953417665675,39.4362603528424],[-74.4955744963311,39.4362518007416],[-74.4956162727935,39.4362599104043],[-74.4956556872672,39.4362733707034],[-74.4956916048361,39.4362917951567],[-74.4957230009477,39.4363146540607],[-74.4957489707047,39.4363412943076],[-74.4957687730077,39.4363709492949],[-74.4957818386853,39.4364027704537],[-74.4957877925656,39.4364358452642],[-74.4957864650923,39.4364692251813],[-74.4957778900011,39.4365019508563],[-74.4957623194213,39.4365330863678],[-74.4957401959954,39.4365617390385],[-74.4957121563637,39.4365870855591],[-74.4956790021219,39.4366083990111],[-74.4956416858795,39.4366250704867],[-74.4956012764094,39.4366366198969],[-74.4952560570999,39.436663736566],[-74.495214962194,39.4366577562885],[-74.4951756159553,39.4366467874506],[-74.4951390162482,39.4366311084424],[-74.4951060970336,39.4366111201606],[-74.4950776911971,39.4365873297928],[-74.4950545200932,39.4365603409074],[-74.4950371749605,39.4365308399407],[-74.4950260971746,39.4364995754771],[-74.4950215643101,39.4364673447363],[-74.4950236959518,39.4364349656487],[-74.4950324374337,39.4364032588384],[-74.4950475633267,39.4363730314093],[-74.4950686925422,39.4363450544256],[-74.4950952848508,39.4363200340869],[-74.4951266687623,39.4362986108288],[-74.4951620426904,39.4362813250926],[-74.4953417665675,39.4362603528424]]}},{"type":"Feature","id":368516,"properties":{"OBJECTID":368516,"PRIMENAME":"Unnamed Segment","ELEVTYP_F":0,"ELEVTYP_T":0},"geometry":{"type":"LineString","coordinates":[[-74.4984160402969,39.4376299586589],[-74.4975851432927,39.437548176287],[-74.4975051729611,39.4375427824261]]}},{"type":"Feature","id":368517,"properties":{"OBJECTID":368517,"PRIMENAME":"Unnamed Segment","ELEVTYP_F":0,"ELEVTYP_T":0},"geometry":{"type":"LineString","coordinates":[[-74.4965363620078,39.4376406229947],[-74.4960952376393,39.4377016047444]]}},{"type":"Feature","id":368518,"properties":{"OBJECTID":368518,"PRIMENAME":"Unnamed Segment","ELEVTYP_F":0,"ELEVTYP_T":0},"geometry":{"type":"LineString","coordinates":[[-74.4960952376393,39.4377016047444],[-74.4956960231635,39.4377567915465],[-74.495561469852,39.4377651332839],[-74.4954538306731,39.4377359153605]]}},{"type":"Feature","id":368600,"properties":{"OBJECTID":368600,"PRIMENAME":"Douglas Avenue","ELEVTYP_F":0,"ELEVTYP_T":0},"geometry":{"type":"LineString","coordinates":[[-74.4998285701009,39.4455709844329],[-74.499400693586,39.445597774512]]}},{"type":"Feature","id":368712,"properties":{"OBJECTID":368712,"PRIMENAME":"Elm Avenue","ELEVTYP_F":0,"ELEVTYP_T":0},"geometry":{"type":"LineString","coordinates":[[-74.5008689641285,39.445505837494],[-74.5000957805788,39.4455542531211]]}},{"type":"Feature","id":369135,"properties":{"OBJECTID":369135,"PRIMENAME":"Sooy Lane","ELEVTYP_F":0,"ELEVTYP_T":0},"geometry":{"type":"LineString","coordinates":[[-74.48394599841,39.433529698704],[-74.4838544769154,39.4335135968803],[-74.4836298716206,39.4334651872191],[-74.4834550802829,39.4334267236274]]}},{"type":"Feature","id":369288,"properties":{"OBJECTID":369288,"PRIMENAME":"Benjamin Court","ELEVTYP_F":0,"ELEVTYP_T":0},"geometry":{"type":"LineString","coordinates":[[-74.5161196464049,39.415043987544],[-74.515597684579,39.4148551327744],[-74.5155788713898,39.4148488335789],[-74.5155596198079,39.4148433893623],[-74.5155399943489,39.4148388183691],[-74.515520060781,39.4148351359174],[-74.5154998859052,39.414832354348],[-74.515479537331,39.4148304829822],[-74.5154590832501,39.4148295280913],[-74.5154385922076,39.4148294928754],[-74.5153688256823,39.4148309379915]]}},{"type":"Feature","id":369415,"properties":{"OBJECTID":369415,"PRIMENAME":"Peterson Way","ELEVTYP_F":0,"ELEVTYP_T":0},"geometry":{"type":"LineString","coordinates":[[-74.5154361323262,39.4156129740038],[-74.5155036316875,39.4155019890346],[-74.5155199556612,39.4154770559362],[-74.5155381219335,39.4154529016657],[-74.5155580689715,39.4154296080362],[-74.5155797292111,39.4154072539452],[-74.5156030292856,39.4153859151081],[-74.515627890274,39.4153656638013],[-74.5156542279689,39.4153465686178],[-74.5156819531612,39.4153286942343],[-74.5159873780607,39.4151431722964],[-74.5160228987009,39.4151204143849],[-74.5160568442237,39.415096253359],[-74.5160891226213,39.4150707547074],[-74.5161196464049,39.415043987544]]}},{"type":"Feature","id":369561,"properties":{"OBJECTID":369561,"PRIMENAME":"Pleasant Avenue","ELEVTYP_F":0,"ELEVTYP_T":0},"geometry":{"type":"LineString","coordinates":[[-74.527739427458,39.4274012629811],[-74.5294278330587,39.4274134268321]]}},{"type":"Feature","id":369630,"properties":{"OBJECTID":369630,"PRIMENAME":"Unnamed Segment","ELEVTYP_F":0,"ELEVTYP_T":0},"geometry":{"type":"LineString","coordinates":[[-74.5286594178489,39.3864054723184],[-74.5288596201134,39.3861081632812],[-74.5288900373825,39.386062994742],[-74.528902692113,39.3860388626187],[-74.528909244916,39.386013310539],[-74.5289094570459,39.3859872582857],[-74.528903325414,39.3859616426974],[-74.5288910663226,39.3859373879462],[-74.5288731235742,39.3859153668007],[-74.5288501417605,39.3858963745098],[-74.5288229499949,39.3858810909735],[-74.5280753259113,39.3855397585164]]}},{"type":"Feature","id":369634,"properties":{"OBJECTID":369634,"PRIMENAME":"West Jersey Avenue","ELEVTYP_F":0,"ELEVTYP_T":0},"geometry":{"type":"LineString","coordinates":[[-74.5281306865482,39.3934575402178],[-74.5275606378006,39.3932481693392],[-74.5269995567562,39.3930403898049]]}},{"type":"Feature","id":369635,"properties":{"OBJECTID":369635,"PRIMENAME":"Unnamed Segment","ELEVTYP_F":0,"ELEVTYP_T":0},"geometry":{"type":"LineString","coordinates":[[-74.5261534809612,39.4064398627038],[-74.5262024736625,39.4064445520664],[-74.5265439549794,39.4064772305314],[-74.5266145354013,39.4064980706854],[-74.5266666336623,39.4065163072113],[-74.5273237675562,39.4068615917444],[-74.5273926788563,39.4069032889961],[-74.527458230393,39.4069554137877],[-74.5274918545018,39.4070023340488],[-74.5275264436367,39.4070788886686]]}},{"type":"Feature","id":369769,"properties":{"OBJECTID":369769,"PRIMENAME":"Unnamed Segment","ELEVTYP_F":0,"ELEVTYP_T":0},"geometry":{"type":"LineString","coordinates":[[-74.5263694383027,39.4046962861411],[-74.5287105733383,39.4059324646164],[-74.5285040266768,39.4061684401001],[-74.5282797429708,39.4064246794698],[-74.5282594390057,39.4064972386394],[-74.5282391220523,39.4065319433853],[-74.5277554481325,39.4070872612626],[-74.5277148527372,39.4071505342927]]}},{"type":"Feature","id":369770,"properties":{"OBJECTID":369770,"PRIMENAME":"Unnamed Segment","ELEVTYP_F":0,"ELEVTYP_T":0},"geometry":{"type":"LineString","coordinates":[[-74.5277148527372,39.4071505342927],[-74.5275264436367,39.4070788886686]]}},{"type":"Feature","id":369771,"properties":{"OBJECTID":369771,"PRIMENAME":"Unnamed Segment","ELEVTYP_F":0,"ELEVTYP_T":0},"geometry":{"type":"LineString","coordinates":[[-74.5279153351635,39.4072137325929],[-74.5293763039895,39.4077654376551],[-74.5293455882467,39.4078211321035],[-74.5290523185885,39.4080650447769],[-74.5289559400651,39.4081008333574],[-74.5288721134472,39.4080845983152],[-74.5281385713247,39.4078084245376],[-74.5278954740137,39.4077230437893],[-74.5278703086294,39.4077142048433],[-74.5278283833955,39.4076752011326],[-74.5278325535842,39.4076264324998],[-74.5278785968924,39.4074801158645],[-74.5279162482025,39.4073077932558],[-74.5279153351635,39.4072137325929]]}},{"type":"Feature","id":369772,"properties":{"OBJECTID":369772,"PRIMENAME":"Unnamed Segment","ELEVTYP_F":0,"ELEVTYP_T":0},"geometry":{"type":"LineString","coordinates":[[-74.5277148527372,39.4071505342927],[-74.5279153351635,39.4072137325929]]}},{"type":"Feature","id":369773,"properties":{"OBJECTID":369773,"PRIMENAME":"Mill Road","ELEVTYP_F":0,"ELEVTYP_T":0},"geometry":{"type":"LineString","coordinates":[[-74.5261534809612,39.4064398627038],[-74.5261062852129,39.4068011599515],[-74.5260947829076,39.4068892195731],[-74.5260685459082,39.4070508888612],[-74.5260557455303,39.4070833728617],[-74.526036004545,39.4071059189607]]}},{"type":"Feature","id":369774,"properties":{"OBJECTID":369774,"PRIMENAME":"Mill Road","ELEVTYP_F":0,"ELEVTYP_T":0},"geometry":{"type":"LineString","coordinates":[[-74.5263948758723,39.4044602880591],[-74.5263694383027,39.4046962861411]]}},{"type":"Feature","id":369775,"properties":{"OBJECTID":369775,"PRIMENAME":"Unnamed Segment","ELEVTYP_F":0,"ELEVTYP_T":0},"geometry":{"type":"LineString","coordinates":[[-74.5264647790978,39.4039882992332],[-74.5264998081306,39.4040590367133],[-74.5265771305551,39.4041089947162],[-74.5276982510172,39.4046784648425],[-74.5277175899116,39.4047109449856],[-74.5277659388824,39.404793393841],[-74.5278336027937,39.4048533495151],[-74.5280687828803,39.4049682381397],[-74.5281686432075,39.4049957010969],[-74.5282652909668,39.40503815861],[-74.5283683879785,39.4050981053559]]}},{"type":"Feature","id":369776,"properties":{"OBJECTID":369776,"PRIMENAME":"Martin Terrace","ELEVTYP_F":0,"ELEVTYP_T":0},"geometry":{"type":"LineString","coordinates":[[-74.5264647790978,39.4039882992332],[-74.526450545668,39.4041995857807]]}},{"type":"Feature","id":369777,"properties":{"OBJECTID":369777,"PRIMENAME":"Unnamed Segment","ELEVTYP_F":0,"ELEVTYP_T":0},"geometry":{"type":"LineString","coordinates":[[-74.5068733709516,39.4093320599423],[-74.5082826463552,39.4099868998225]]}},{"type":"Feature","id":369778,"properties":{"OBJECTID":369778,"PRIMENAME":"North Main Street","ELEVTYP_F":0,"ELEVTYP_T":0},"geometry":{"type":"LineString","coordinates":[[-74.5070144825719,39.4091732959608],[-74.5068733709516,39.4093320599423]]}},{"type":"Feature","id":369779,"properties":{"OBJECTID":369779,"PRIMENAME":"Unnamed Segment","ELEVTYP_F":0,"ELEVTYP_T":0},"geometry":{"type":"LineString","coordinates":[[-74.5091290605225,39.4081786059656],[-74.5086627866468,39.4088348435951]]}},{"type":"Feature","id":369780,"properties":{"OBJECTID":369780,"PRIMENAME":"West Leeds Avenue","ELEVTYP_F":0,"ELEVTYP_T":0},"geometry":{"type":"LineString","coordinates":[[-74.5098714919597,39.4084998821926],[-74.509615969956,39.4083895283048],[-74.5094245414604,39.4083066053121],[-74.5091596041206,39.4081918372499],[-74.5091290605225,39.4081786059656]]}},{"type":"Feature","id":369784,"properties":{"OBJECTID":369784,"PRIMENAME":"Unnamed Segment","ELEVTYP_F":0,"ELEVTYP_T":0},"geometry":{"type":"LineString","coordinates":[[-74.529242848112,39.4117599812463],[-74.5291977375338,39.4118260303471],[-74.5283369482725,39.413086355596],[-74.5282648541327,39.413193981976],[-74.5282470179298,39.4132283545858],[-74.5282380152476,39.4132647455462],[-74.5282381846473,39.4133017999719],[-74.528247515136,39.4133381396392],[-74.528265663603,39.4133724143279],[-74.5282919525155,39.4134033513665],[-74.5283254082573,39.4134298015639],[-74.5283647843699,39.4134507788403],[-74.5291714794896,39.4137969122481]]}},{"type":"Feature","id":369785,"properties":{"OBJECTID":369785,"PRIMENAME":"Unnamed Segment","ELEVTYP_F":0,"ELEVTYP_T":0},"geometry":{"type":"LineString","coordinates":[[-74.5307381657597,39.412398945992],[-74.5296023814538,39.4140461010607],[-74.5306009336229,39.4144860921753],[-74.5308879472574,39.4140616794683]]}},{"type":"Feature","id":369851,"properties":{"OBJECTID":369851,"PRIMENAME":"Delray Lane","ELEVTYP_F":0,"ELEVTYP_T":0},"geometry":{"type":"LineString","coordinates":[[-74.526529933066,39.4302172086658],[-74.526146206411,39.4300987423264]]}},{"type":"Feature","id":369905,"properties":{"OBJECTID":369905,"PRIMENAME":"Unnamed Segment","ELEVTYP_F":0,"ELEVTYP_T":0},"geometry":{"type":"LineString","coordinates":[[-74.5317797744034,39.4128464518356],[-74.5311544939691,39.4137486591972]]}},{"type":"Feature","id":369909,"properties":{"OBJECTID":369909,"PRIMENAME":"Unnamed Segment","ELEVTYP_F":0,"ELEVTYP_T":0},"geometry":{"type":"LineString","coordinates":[[-74.4984873291474,39.4372213541662],[-74.49877891793,39.4373011169195],[-74.498681128504,39.4374316171205],[-74.4990251147535,39.4376184954885],[-74.4992642779639,39.4378854279071],[-74.4997257576373,39.4379718064839],[-74.500538029837,39.4380651984399],[-74.5005627897535,39.4381519586425],[-74.500670998738,39.4381939109122],[-74.5008110352009,39.438161829012],[-74.5015997681109,39.4384597172779],[-74.5015441884939,39.438603381724],[-74.5014762191187,39.438695548606],[-74.5014144431155,39.4387545047697],[-74.5013526666513,39.4387950395913],[-74.5012070205805,39.4388351140739],[-74.5011245649792,39.4388429455345],[-74.5009107187676,39.438835577085],[-74.500684332023,39.4388344283237],[-74.5004545169314,39.4388097854361],[-74.5002406730743,39.4387618834709],[-74.5000171524956,39.4387081160216],[-74.4998860064326,39.4386429288574],[-74.4997784002379,39.4385725277754],[-74.4996842455337,39.4385203776887],[-74.4995194735981,39.4384421536718],[-74.4985005811698,39.4383274149418],[-74.4983027931306,39.4383007233981]]}},{"type":"Feature","id":369910,"properties":{"OBJECTID":369910,"PRIMENAME":"Pitney Road","ELEVTYP_F":0,"ELEVTYP_T":0},"geometry":{"type":"LineString","coordinates":[[-74.4984160402969,39.4376299586589],[-74.4983875438101,39.4377932881966],[-74.4983027931306,39.4383007233981]]}},{"type":"Feature","id":369911,"properties":{"OBJECTID":369911,"PRIMENAME":"Pitney Road","ELEVTYP_F":0,"ELEVTYP_T":0},"geometry":{"type":"LineString","coordinates":[[-74.4984873291474,39.4372213541662],[-74.4984160402969,39.4376299586589]]}},{"type":"Feature","id":369912,"properties":{"OBJECTID":369912,"PRIMENAME":"Unnamed Segment","ELEVTYP_F":0,"ELEVTYP_T":0},"geometry":{"type":"LineString","coordinates":[[-74.4953078379372,39.4359811572767],[-74.4953417665675,39.4362603528424]]}},{"type":"Feature","id":370054,"properties":{"OBJECTID":370054,"PRIMENAME":"Unnamed Segment","ELEVTYP_F":0,"ELEVTYP_T":0},"geometry":{"type":"LineString","coordinates":[[-74.5279847655964,39.3903296083812],[-74.5284326343525,39.3896153451535],[-74.5280701161827,39.3894773451615]]}},{"type":"Feature","id":370055,"properties":{"OBJECTID":370055,"PRIMENAME":"West Decatur Avenue","ELEVTYP_F":0,"ELEVTYP_T":0},"geometry":{"type":"LineString","coordinates":[[-74.5265572922294,39.3898035602569],[-74.5269474947397,39.3899520655359],[-74.5270935619764,39.3900052304565],[-74.5279847655964,39.3903296083812]]}},{"type":"Feature","id":370109,"properties":{"OBJECTID":370109,"PRIMENAME":"Ritz Drive","ELEVTYP_F":0,"ELEVTYP_T":0},"geometry":{"type":"LineString","coordinates":[[-74.5173948405744,39.4388306070799],[-74.5175502180523,39.4386692950459],[-74.5175649357182,39.4386553344719],[-74.517581171962,39.4386424257625],[-74.517598802292,39.4386306678946],[-74.5176176915278,39.4386201510214],[-74.5176376948363,39.4386109557805],[-74.5176586588427,39.438603152676],[-74.5176804228061,39.4385968015378],[-74.5177028198523,39.438591951063]]}},{"type":"Feature","id":370253,"properties":{"OBJECTID":370253,"PRIMENAME":"Blenheim Avenue","ELEVTYP_F":0,"ELEVTYP_T":0},"geometry":{"type":"LineString","coordinates":[[-74.5118260985631,39.4396763141062],[-74.5123034742164,39.4400041485003],[-74.512854302262,39.4403743922636],[-74.5134157268375,39.4407642362216]]}},{"type":"Feature","id":370256,"properties":{"OBJECTID":370256,"PRIMENAME":"Ohio Avenue","ELEVTYP_F":0,"ELEVTYP_T":0},"geometry":{"type":"LineString","coordinates":[[-74.5155811721902,39.4310134384779],[-74.5153109672058,39.4308764124358],[-74.5144187089059,39.4304395300867],[-74.5136594869094,39.4300603115686],[-74.5134220063201,39.4299437596322]]}},{"type":"Feature","id":370351,"properties":{"OBJECTID":370351,"PRIMENAME":"Cordova Drive","ELEVTYP_F":0,"ELEVTYP_T":0},"geometry":{"type":"LineString","coordinates":[[-74.4905117716606,39.4314215214032],[-74.4897612746734,39.4307886980552],[-74.4895491529442,39.4306306124373],[-74.4894909538387,39.4305822288972],[-74.4894534988935,39.4305596559952],[-74.4893827998314,39.4305370530283],[-74.4893037773462,39.4305274090453],[-74.489199440816,39.4305250924612]]}},{"type":"Feature","id":370362,"properties":{"OBJECTID":370362,"PRIMENAME":"Highland Boulevard","ELEVTYP_F":0,"ELEVTYP_T":0},"geometry":{"type":"LineString","coordinates":[[-74.5091720761996,39.4338622822579],[-74.5091795910942,39.4339268040418],[-74.5092952942179,39.434952703068]]}},{"type":"Feature","id":370399,"properties":{"OBJECTID":370399,"PRIMENAME":"Absecon Boulevard","ELEVTYP_F":0,"ELEVTYP_T":0},"geometry":{"type":"LineString","coordinates":[[-74.491895796015,39.4075715775287],[-74.4918959425934,39.4075692570721],[-74.4919139857352,39.4072825986951],[-74.4919613945695,39.406574476681],[-74.4919789373881,39.4063124272347],[-74.4920476811477,39.4052771566262],[-74.4920820285804,39.404809821612],[-74.4921278766757,39.4040318995099],[-74.4921622227981,39.4035763973192],[-74.4922272043696,39.4025884612647],[-74.4922882838062,39.4016655960721],[-74.4923266766172,39.4010705054303]]}},{"type":"Feature","id":370402,"properties":{"OBJECTID":370402,"PRIMENAME":"Burning Tree Boulevard","ELEVTYP_F":0,"ELEVTYP_T":0},"geometry":{"type":"LineString","coordinates":[[-74.4878341358149,39.4215185646548],[-74.4876236204558,39.4218651253071],[-74.4871096604136,39.4227279710892],[-74.4869963439134,39.422912108116]]}},{"type":"Feature","id":370432,"properties":{"OBJECTID":370432,"PRIMENAME":"West California Avenue","ELEVTYP_F":0,"ELEVTYP_T":0},"geometry":{"type":"LineString","coordinates":[[-74.5222371459449,39.4197212257249],[-74.5222312194547,39.4197141898047],[-74.5220691334091,39.4195262911756],[-74.5218383170216,39.4192587159219],[-74.521795499838,39.4192087358298],[-74.5217887555618,39.4192008622952]]}},{"type":"Feature","id":370443,"properties":{"OBJECTID":370443,"PRIMENAME":"Nevada Avenue","ELEVTYP_F":0,"ELEVTYP_T":0},"geometry":{"type":"LineString","coordinates":[[-74.5007678224116,39.4137928955618],[-74.5014283580204,39.4140469161948],[-74.5017524232871,39.4141700819257],[-74.5019059311579,39.4142284244095]]}},{"type":"Feature","id":370446,"properties":{"OBJECTID":370446,"PRIMENAME":"Austin Avenue","ELEVTYP_F":0,"ELEVTYP_T":0},"geometry":{"type":"LineString","coordinates":[[-74.4940168981243,39.4341749718245],[-74.4939784718422,39.433872564671],[-74.4938948901783,39.4333308184208]]}},{"type":"Feature","id":370453,"properties":{"OBJECTID":370453,"PRIMENAME":"Highland Boulevard","ELEVTYP_F":0,"ELEVTYP_T":0},"geometry":{"type":"LineString","coordinates":[[-74.5097798684464,39.4392159787385],[-74.509884843919,39.4401324627041],[-74.5099008166957,39.4402648082814],[-74.5099148715806,39.4403812693585]]}},{"type":"Feature","id":370491,"properties":{"OBJECTID":370491,"PRIMENAME":"Station Avenue","ELEVTYP_F":0,"ELEVTYP_T":0},"geometry":{"type":"LineString","coordinates":[[-74.5006592899456,39.4241915343541],[-74.5004519793945,39.4242706643012]]}},{"type":"Feature","id":370494,"properties":{"OBJECTID":370494,"PRIMENAME":"Westcoat Road","ELEVTYP_F":0,"ELEVTYP_T":0},"geometry":{"type":"LineString","coordinates":[[-74.5265828325311,39.4311450084692],[-74.5267222096993,39.431227851809],[-74.526819595117,39.4312842518181],[-74.5274225533961,39.4316704232095],[-74.5284840051624,39.4323656106919],[-74.5294258751976,39.432975813979],[-74.5298394956388,39.4332422827573],[-74.530143505054,39.4334353877716],[-74.5304474616355,39.4335859896338],[-74.530686646082,39.433701819877],[-74.5313145116951,39.43394892435],[-74.5314804399323,39.4340088790254],[-74.5325751937426,39.4344044369332],[-74.534742856384,39.4351765142356],[-74.5353754056533,39.435407919637],[-74.5355385678336,39.435467609919],[-74.5356398142477,39.4355046485775],[-74.5360334684403,39.4356358789448],[-74.5363573871792,39.4357284981761],[-74.5366762669679,39.4357979450663],[-74.5369054759934,39.4358287879492],[-74.537119736643,39.4358480220652],[-74.5374037143713,39.4358672604116],[-74.5377325406862,39.4358632825733],[-74.5380264841885,39.4358477291523],[-74.5383204508738,39.4358090010539],[-74.5384466404728,39.4357876141034],[-74.538594444091,39.4357625644082],[-74.5388335550796,39.4357083955093],[-74.5389672492663,39.4356777128565],[-74.5392719483152,39.4356077859253],[-74.5396071748283,39.4355293388665]]}},{"type":"Feature","id":370507,"properties":{"OBJECTID":370507,"PRIMENAME":"Station Avenue","ELEVTYP_F":0,"ELEVTYP_T":0},"geometry":{"type":"LineString","coordinates":[[-74.5017467042877,39.423618863934],[-74.5014951668936,39.4237911481145],[-74.5013788193673,39.4238708370079],[-74.5013172569417,39.4239105665971],[-74.5012496420849,39.423950983529],[-74.5011792639281,39.4239852227645],[-74.5010996473643,39.4240151778414],[-74.5008650075837,39.424106170514],[-74.5007623788071,39.4241497447203]]}},{"type":"Feature","id":370560,"properties":{"OBJECTID":370560,"PRIMENAME":"Haddon Avenue","ELEVTYP_F":0,"ELEVTYP_T":0},"geometry":{"type":"LineString","coordinates":[[-74.5100237833671,39.4412915434844],[-74.5101351928055,39.4411715323395],[-74.5101595860126,39.4411475780156],[-74.510285530613,39.4410346159922],[-74.5106072936162,39.4407460212215]]}},{"type":"Feature","id":370615,"properties":{"OBJECTID":370615,"PRIMENAME":"Absecon Boulevard","ELEVTYP_F":0,"ELEVTYP_T":0},"geometry":{"type":"LineString","coordinates":[[-74.489111992623,39.3918960723214],[-74.4890822613996,39.391865114281]]}},{"type":"Feature","id":370616,"properties":{"OBJECTID":370616,"PRIMENAME":"10th Avenue","ELEVTYP_F":0,"ELEVTYP_T":0},"geometry":{"type":"LineString","coordinates":[[-74.5085292818806,39.4449699935261],[-74.5082417317133,39.4452276366592],[-74.5080990344294,39.4453501297846]]}},{"type":"Feature","id":370795,"properties":{"OBJECTID":370795,"PRIMENAME":"Nevada Avenue","ELEVTYP_F":0,"ELEVTYP_T":0},"geometry":{"type":"LineString","coordinates":[[-74.5019059311579,39.4142284244095],[-74.5031098210199,39.4146859334112]]}},{"type":"Feature","id":370814,"properties":{"OBJECTID":370814,"PRIMENAME":"Summit Avenue","ELEVTYP_F":0,"ELEVTYP_T":0},"geometry":{"type":"LineString","coordinates":[[-74.5299110524433,39.425388966835],[-74.5299427994624,39.4253893207885],[-74.5299588390659,39.425389065874],[-74.5299748167861,39.425387944833],[-74.5299906549607,39.4253859631144],[-74.5300062766053,39.4253831303507],[-74.5302686519265,39.4253280055022],[-74.5302968641889,39.4253235252618],[-74.5303255770539,39.4253218129918],[-74.5307072283516,39.42531764035]]}},{"type":"Feature","id":370845,"properties":{"OBJECTID":370845,"PRIMENAME":"Bayview Drive","ELEVTYP_F":0,"ELEVTYP_T":0},"geometry":{"type":"LineString","coordinates":[[-74.4905991417484,39.4354481726434],[-74.4904969106261,39.434746433642],[-74.4904586720924,39.4344798573205]]}},{"type":"Feature","id":370869,"properties":{"OBJECTID":370869,"PRIMENAME":"Bayview Drive","ELEVTYP_F":0,"ELEVTYP_T":0},"geometry":{"type":"LineString","coordinates":[[-74.4880031187332,39.4371097852947],[-74.4880091350605,39.437123405076],[-74.4881131023314,39.4372782142319],[-74.4882794584274,39.4374395099312],[-74.4884167198843,39.4375363071831],[-74.4885581275782,39.4376201728281],[-74.4887203209553,39.437694375659],[-74.4888991954867,39.4377460112713],[-74.4890572539912,39.4377750472425],[-74.4892429342596,39.4377807485915]]}},{"type":"Feature","id":370896,"properties":{"OBJECTID":370896,"PRIMENAME":"Park Avenue","ELEVTYP_F":0,"ELEVTYP_T":0},"geometry":{"type":"LineString","coordinates":[[-74.490497830991,39.4191059126217],[-74.4907754862766,39.419207716416],[-74.4913335629388,39.4194054183709]]}},{"type":"Feature","id":370994,"properties":{"OBJECTID":370994,"PRIMENAME":"New Jersey Avenue","ELEVTYP_F":0,"ELEVTYP_T":0},"geometry":{"type":"LineString","coordinates":[[-74.5170857363354,39.4383819710665],[-74.5173321603025,39.4385293996635],[-74.5173519633092,39.4385405831892],[-74.5173725339782,39.4385508999811],[-74.5173938092882,39.438560318432],[-74.5174157240593,39.4385688096872],[-74.5174382111523,39.4385763477322],[-74.5174612016747,39.4385829094732],[-74.5174846251913,39.438588474807],[-74.5175084099405,39.4385930266835],[-74.517532483054,39.4385965511572],[-74.5175567707799,39.4385990374304],[-74.5175811987088,39.4386004778859],[-74.5176056920017,39.4386008681107],[-74.5176301756194,39.4386002069092],[-74.5176545745524,39.4385984963071],[-74.5176788140506,39.4385957415452],[-74.5177028198523,39.438591951063]]}},{"type":"Feature","id":371013,"properties":{"OBJECTID":371013,"PRIMENAME":"Absecon Boulevard","ELEVTYP_F":0,"ELEVTYP_T":0},"geometry":{"type":"LineString","coordinates":[[-74.49247195096,39.3961341294021],[-74.4924985428887,39.3963148225122],[-74.492500947408,39.3963357447428]]}},{"type":"Feature","id":371024,"properties":{"OBJECTID":371024,"PRIMENAME":"Ritz Drive","ELEVTYP_F":0,"ELEVTYP_T":0},"geometry":{"type":"LineString","coordinates":[[-74.5116535808154,39.4436928927202],[-74.5116732337788,39.443693742002],[-74.5119021329197,39.4436937187996],[-74.5122431427879,39.4436828107812],[-74.5123674971778,39.4436697063437],[-74.5126215418085,39.4436429316913],[-74.512670372254,39.4436328221444]]}},{"type":"Feature","id":371042,"properties":{"OBJECTID":371042,"PRIMENAME":"South Shore Road","ELEVTYP_F":0,"ELEVTYP_T":0},"geometry":{"type":"LineString","coordinates":[[-74.5019701343572,39.4165211756922],[-74.5018200900006,39.4167628504175],[-74.5017050508148,39.4169470848628]]}},{"type":"Feature","id":371094,"properties":{"OBJECTID":371094,"PRIMENAME":"South Shore Road","ELEVTYP_F":0,"ELEVTYP_T":0},"geometry":{"type":"LineString","coordinates":[[-74.5005722284265,39.4187666080755],[-74.5004930421424,39.4188954886824],[-74.5003290407966,39.4191853470667],[-74.5002527918542,39.4193036845231],[-74.5002146325182,39.4193864933897],[-74.500187976587,39.419454530898],[-74.5001688963715,39.4195373397147],[-74.5001497813207,39.4196438431825],[-74.5001269487237,39.4198183291579],[-74.5000687181183,39.4202640569567]]}},{"type":"Feature","id":371156,"properties":{"OBJECTID":371156,"PRIMENAME":"Tenth Avenue","ELEVTYP_F":0,"ELEVTYP_T":0},"geometry":{"type":"LineString","coordinates":[[-74.5030682795843,39.4496875912742],[-74.5032106041287,39.4495648305804],[-74.5038837991274,39.4489845209453],[-74.5042609044722,39.4486733728199]]}},{"type":"Feature","id":371263,"properties":{"OBJECTID":371263,"PRIMENAME":"Oakhurst Avenue","ELEVTYP_F":0,"ELEVTYP_T":0},"geometry":{"type":"LineString","coordinates":[[-74.4972309035147,39.4330454267524],[-74.4972769548891,39.4333630430333],[-74.4973517129448,39.4338891641064]]}},{"type":"Feature","id":371333,"properties":{"OBJECTID":371333,"PRIMENAME":"West California Avenue","ELEVTYP_F":0,"ELEVTYP_T":0},"geometry":{"type":"LineString","coordinates":[[-74.5228874273502,39.4204777728091],[-74.5227240680043,39.420288770086],[-74.5227239820288,39.4202886719156],[-74.5223631233582,39.4198707984007],[-74.5223518245227,39.4198573831503]]}},{"type":"Feature","id":371436,"properties":{"OBJECTID":371436,"PRIMENAME":"North New Road","ELEVTYP_F":0,"ELEVTYP_T":0},"geometry":{"type":"LineString","coordinates":[[-74.5034318209603,39.4304627509625],[-74.5030905616172,39.4306293110231],[-74.502575643491,39.4308748380725],[-74.50204549834,39.431129205341],[-74.5013665425157,39.4314575384063],[-74.5009279456432,39.4316675567311],[-74.5006533076537,39.4317947369511],[-74.5004778741871,39.4318687330056],[-74.5002756748817,39.4319367151304],[-74.5001985509386,39.4319606612172]]}},{"type":"Feature","id":371453,"properties":{"OBJECTID":371453,"PRIMENAME":"Black Horse Pike","ELEVTYP_F":0,"ELEVTYP_T":0},"geometry":{"type":"LineString","coordinates":[[-74.514667244681,39.3864342658577],[-74.5145787682726,39.3864027893182],[-74.5144147974994,39.3863462589749]]}},{"type":"Feature","id":371489,"properties":{"OBJECTID":371489,"PRIMENAME":"Absecon Boulevard","ELEVTYP_F":0,"ELEVTYP_T":0},"geometry":{"type":"LineString","coordinates":[[-74.4890822613996,39.391865114281],[-74.488717006165,39.3914847956877],[-74.4885516080222,39.391316305608],[-74.4883999755064,39.3911558077014],[-74.4882207809136,39.390976607898],[-74.48808641137,39.3908509247276],[-74.4879313068403,39.390727875907],[-74.4877590409265,39.3905994706886],[-74.487586704088,39.3904818009985],[-74.4873834043974,39.3903694550591],[-74.487204199949,39.3902758355473],[-74.4869974303846,39.3901822126815],[-74.4868767793275,39.3901314045446],[-74.4867423996549,39.3900805676948],[-74.4866217834204,39.3900377485366],[-74.4864667374174,39.3899949531793],[-74.4863116213148,39.3899494669022],[-74.4861461735378,39.3899093335738],[-74.4859359641288,39.3898691946092],[-74.4855017104933,39.3897889129162],[-74.4846987333036,39.3896470792363],[-74.4834028821921,39.3894142344834],[-74.4826205778206,39.3892750521801],[-74.481345439485,39.3890448512722],[-74.4796016421892,39.3887343537823],[-74.478853815054,39.3885978158582],[-74.4775132108518,39.3883568801657],[-74.4768756742225,39.3882417665255],[-74.4749113519434,39.3878910138864],[-74.4729366827628,39.3875375619794],[-74.4723232908755,39.3874277554568],[-74.470686386283,39.387133184892],[-74.4690943175252,39.3868476535958],[-74.4687152272599,39.3867796621873],[-74.4683067196597,39.3867064810022],[-74.4677882437775,39.3866135989042],[-74.4665132014392,39.3863858981658],[-74.4656344861754,39.3862278757889],[-74.4652741229632,39.3861631053779],[-74.4647881684319,39.3860757604604],[-74.4645317184864,39.3860296658225],[-74.4635772295192,39.38586086988],[-74.4632705335298,39.3857992700721],[-74.4630361905302,39.3857457105319],[-74.4628777022231,39.3857028826197],[-74.4627054170758,39.3856546686572],[-74.4623849846788,39.3855449590849],[-74.4622161443612,39.385475328854],[-74.4619783994233,39.385370971442],[-74.4616146369235,39.3851791776681],[-74.4613858286086,39.3850391554833],[-74.4610740963714,39.3848193712095],[-74.4608622235189,39.384643165577],[-74.4606364675339,39.3844293948559],[-74.4605108957075,39.3843087623265],[-74.4603455895704,39.3841295250055],[-74.4601905628023,39.3839181925424],[-74.4599289498602,39.3834929097076],[-74.4596983058769,39.3830542383935],[-74.4591697223441,39.3820742364433],[-74.4591603037123,39.3820566025582],[-74.4589857589902,39.381729812428],[-74.4586454052298,39.3810925768622]]}},{"type":"Feature","id":371493,"properties":{"OBJECTID":371493,"PRIMENAME":"Lisbon Avenue","ELEVTYP_F":0,"ELEVTYP_T":0},"geometry":{"type":"LineString","coordinates":[[-74.4891231842327,39.4323078018795],[-74.4891497102233,39.4318078782867],[-74.4891914443551,39.4307144585335],[-74.489199440816,39.4305250924612]]}},{"type":"Feature","id":371556,"properties":{"OBJECTID":371556,"PRIMENAME":"Oakborne Avenue","ELEVTYP_F":0,"ELEVTYP_T":0},"geometry":{"type":"LineString","coordinates":[[-74.5315648640261,39.4501718233753],[-74.5312401863395,39.449943859295],[-74.5303069478697,39.4493051699869],[-74.5296568315718,39.4488472567644],[-74.5293364149518,39.4486158812207],[-74.5292718710041,39.4485694137108]]}},{"type":"Feature","id":371561,"properties":{"OBJECTID":371561,"PRIMENAME":"New York Road","ELEVTYP_F":0,"ELEVTYP_T":0},"geometry":{"type":"LineString","coordinates":[[-74.4738380420097,39.447357657498],[-74.4737206393359,39.4474722339206],[-74.4733563839702,39.4478283141227],[-74.4732168736667,39.4479654544064]]}},{"type":"Feature","id":371631,"properties":{"OBJECTID":371631,"PRIMENAME":"Marlborough Avenue","ELEVTYP_F":0,"ELEVTYP_T":0},"geometry":{"type":"LineString","coordinates":[[-74.5092952942179,39.434952703068],[-74.508882837341,39.4346679569926],[-74.5079161551539,39.4340020730292],[-74.5077127277311,39.4338472872242]]}},{"type":"Feature","id":371814,"properties":{"OBJECTID":371814,"PRIMENAME":"Haddon Avenue","ELEVTYP_F":0,"ELEVTYP_T":0},"geometry":{"type":"LineString","coordinates":[[-74.5137305484584,39.438015626127],[-74.514375576186,39.43745752476]]}},{"type":"Feature","id":371891,"properties":{"OBJECTID":371891,"PRIMENAME":"North Second Street","ELEVTYP_F":0,"ELEVTYP_T":0},"geometry":{"type":"LineString","coordinates":[[-74.5215691264147,39.3990489355096],[-74.5211511032841,39.3994314520417],[-74.5211409073887,39.3994407465848]]}},{"type":"Feature","id":371912,"properties":{"OBJECTID":371912,"PRIMENAME":"Elm Avenue","ELEVTYP_F":0,"ELEVTYP_T":0},"geometry":{"type":"LineString","coordinates":[[-74.505468139538,39.4451742604414],[-74.5048987862509,39.4452133560731]]}},{"type":"Feature","id":371931,"properties":{"OBJECTID":371931,"PRIMENAME":"Hickory Street","ELEVTYP_F":0,"ELEVTYP_T":0},"geometry":{"type":"LineString","coordinates":[[-74.5222371459449,39.4197212257249],[-74.5217757775603,39.4199599170262],[-74.5215071942859,39.4200988668139],[-74.5209378830715,39.4203933864728]]}},{"type":"Feature","id":371989,"properties":{"OBJECTID":371989,"PRIMENAME":"White Horse Pike","ELEVTYP_F":0,"ELEVTYP_T":0},"geometry":{"type":"LineString","coordinates":[[-74.5053879453535,39.4279005540416],[-74.5050489766533,39.4276701277054],[-74.5047127019589,39.4274648505781],[-74.5043549705085,39.4271708058131],[-74.5040043926345,39.4268822788844],[-74.5033318502996,39.4262664253677],[-74.5029861325859,39.425947103157],[-74.5026951121661,39.4256782981857],[-74.5017220973283,39.4249237042579],[-74.5011354448359,39.4244465461753],[-74.5007623788071,39.4241497447203]]}},{"type":"Feature","id":372020,"properties":{"OBJECTID":372020,"PRIMENAME":"Highland Boulevard","ELEVTYP_F":0,"ELEVTYP_T":0},"geometry":{"type":"LineString","coordinates":[[-74.50953280929,39.4370713821616],[-74.5095439412815,39.4371707455455],[-74.509645841339,39.4380532008718],[-74.5096603252597,39.4381786321308]]}},{"type":"Feature","id":372039,"properties":{"OBJECTID":372039,"PRIMENAME":"West Lee Avenue","ELEVTYP_F":0,"ELEVTYP_T":0},"geometry":{"type":"LineString","coordinates":[[-74.5015716414839,39.4171607531063],[-74.5042632313227,39.4176560971684]]}},{"type":"Feature","id":372051,"properties":{"OBJECTID":372051,"PRIMENAME":"New Jersey Avenue","ELEVTYP_F":0,"ELEVTYP_T":0},"geometry":{"type":"LineString","coordinates":[[-74.5039106703659,39.4279613467987],[-74.5032115621338,39.4272571107705],[-74.502249950479,39.4263691929268]]}},{"type":"Feature","id":372058,"properties":{"OBJECTID":372058,"PRIMENAME":"Natalie Terrace","ELEVTYP_F":0,"ELEVTYP_T":0},"geometry":{"type":"LineString","coordinates":[[-74.4967661392924,39.427457103041],[-74.4955041790209,39.4271277487437],[-74.494091489033,39.4267557068212]]}},{"type":"Feature","id":372075,"properties":{"OBJECTID":372075,"PRIMENAME":"Shore Road","ELEVTYP_F":0,"ELEVTYP_T":0},"geometry":{"type":"LineString","coordinates":[[-74.4990338967877,39.424402699522],[-74.4985747254776,39.4250212334132],[-74.4983903814431,39.4252704732559],[-74.4983301252482,39.4253519425237]]}},{"type":"Feature","id":372112,"properties":{"OBJECTID":372112,"PRIMENAME":"South Pitney Road","ELEVTYP_F":0,"ELEVTYP_T":0},"geometry":{"type":"LineString","coordinates":[[-74.4964608634244,39.4490659127066],[-74.4964021754015,39.4494124209534],[-74.4963631613051,39.4496427667441],[-74.4962846220095,39.4501083405552],[-74.4962245402329,39.4504557160718],[-74.4961664987474,39.4507925189656],[-74.4961557430308,39.4508549320369]]}},{"type":"Feature","id":372199,"properties":{"OBJECTID":372199,"PRIMENAME":"Forest Hill Drive","ELEVTYP_F":0,"ELEVTYP_T":0},"geometry":{"type":"LineString","coordinates":[[-74.490504220853,39.4207929753941],[-74.4901361166666,39.4206635970571],[-74.4896662812393,39.4204907179226]]}},{"type":"Feature","id":372203,"properties":{"OBJECTID":372203,"PRIMENAME":"Absecon Boulevard","ELEVTYP_F":0,"ELEVTYP_T":0},"geometry":{"type":"LineString","coordinates":[[-74.491788412723,39.4075714601034],[-74.4917805425211,39.4076872991238]]}},{"type":"Feature","id":372396,"properties":{"OBJECTID":372396,"PRIMENAME":"West Merion Avenue","ELEVTYP_F":0,"ELEVTYP_T":0},"geometry":{"type":"LineString","coordinates":[[-74.5215324358854,39.3996862527453],[-74.5215715359649,39.3997059785042],[-74.5219458421197,39.39989653744]]}},{"type":"Feature","id":372426,"properties":{"OBJECTID":372426,"PRIMENAME":"Highland Boulevard","ELEVTYP_F":0,"ELEVTYP_T":0},"geometry":{"type":"LineString","coordinates":[[-74.5100237833671,39.4412915434844],[-74.5100356231384,39.4413994507481],[-74.5101199405027,39.442168633116],[-74.5102375121988,39.4432003775561],[-74.5102766653314,39.4433581648744],[-74.5102951252276,39.4433997836557],[-74.5103197400056,39.4434552741578]]}},{"type":"Feature","id":372458,"properties":{"OBJECTID":372458,"PRIMENAME":"Lisbon Avenue","ELEVTYP_F":0,"ELEVTYP_T":0},"geometry":{"type":"LineString","coordinates":[[-74.4891599230511,39.4330742505555],[-74.4891287042477,39.4330174405946],[-74.4891079287243,39.4329658481264],[-74.4891037629686,39.4328852082639],[-74.4891079864687,39.4325949119541],[-74.4891231842327,39.4323078018795]]}},{"type":"Feature","id":372479,"properties":{"OBJECTID":372479,"PRIMENAME":"Fourth Street","ELEVTYP_F":0,"ELEVTYP_T":0},"geometry":{"type":"LineString","coordinates":[[-74.5245193604597,39.3992762346183],[-74.5246159259064,39.3991231875084],[-74.5248378378645,39.3987681201076],[-74.5251877189445,39.3982082944523]]}},{"type":"Feature","id":372496,"properties":{"OBJECTID":372496,"PRIMENAME":"Marlborough Avenue","ELEVTYP_F":0,"ELEVTYP_T":0},"geometry":{"type":"LineString","coordinates":[[-74.5165912441666,39.4399816498946],[-74.5153158499785,39.4391117059413]]}},{"type":"Feature","id":372624,"properties":{"OBJECTID":372624,"PRIMENAME":"White Horse Pike","ELEVTYP_F":0,"ELEVTYP_T":0},"geometry":{"type":"LineString","coordinates":[[-74.5085695084567,39.4302222148566],[-74.5095893846161,39.4309326961034],[-74.5105570126305,39.4316067591925]]}},{"type":"Feature","id":372677,"properties":{"OBJECTID":372677,"PRIMENAME":"Hillside Circle","ELEVTYP_F":0,"ELEVTYP_T":0},"geometry":{"type":"LineString","coordinates":[[-74.4922465285791,39.4220759511836],[-74.4919105520387,39.4224814252574],[-74.4919025708413,39.4224896516152],[-74.4918931152788,39.422496877157],[-74.4918823913601,39.4225029444589],[-74.4918706327283,39.422507721332],[-74.491850090239,39.4225131565326],[-74.4918290944537,39.4225174244296],[-74.4918077554831,39.4225205026403],[-74.4917861852373,39.4225223750213],[-74.4916655946775,39.4225294251156]]}},{"type":"Feature","id":372704,"properties":{"OBJECTID":372704,"PRIMENAME":"Milan Avenue","ELEVTYP_F":0,"ELEVTYP_T":0},"geometry":{"type":"LineString","coordinates":[[-74.5200885484624,39.3902037740317],[-74.5204390466289,39.3902593953451],[-74.521130199939,39.3904622583671],[-74.5217860607334,39.3906344893155]]}},{"type":"Feature","id":372737,"properties":{"OBJECTID":372737,"PRIMENAME":"Haddon Avenue","ELEVTYP_F":0,"ELEVTYP_T":0},"geometry":{"type":"LineString","coordinates":[[-74.5112098133574,39.4402143547171],[-74.5115678591202,39.4398997243066],[-74.5118260985631,39.4396763141062]]}},{"type":"Feature","id":372826,"properties":{"OBJECTID":372826,"PRIMENAME":"Upland Avenue","ELEVTYP_F":0,"ELEVTYP_T":0},"geometry":{"type":"LineString","coordinates":[[-74.5042609044722,39.4486733728199],[-74.5034488713706,39.4481124398535],[-74.5030265509423,39.4478239401517],[-74.502027162202,39.4471204491077],[-74.5015002781278,39.4467541348126],[-74.5007936427065,39.4462613548801],[-74.5000943890389,39.4457854127971],[-74.5000746333793,39.4457696204995],[-74.5000583850887,39.445751584215],[-74.5000460614543,39.445731767153],[-74.500037978969,39.4457106782565]]}},{"type":"Feature","id":372877,"properties":{"OBJECTID":372877,"PRIMENAME":"Alameda Avenue","ELEVTYP_F":0,"ELEVTYP_T":0},"geometry":{"type":"LineString","coordinates":[[-74.5038506186661,39.4310274332593],[-74.5039614243136,39.4308285079588]]}},{"type":"Feature","id":372958,"properties":{"OBJECTID":372958,"PRIMENAME":"Hammell Lane","ELEVTYP_F":0,"ELEVTYP_T":0},"geometry":{"type":"LineString","coordinates":[[-74.4880031187332,39.4371097852947],[-74.4879467286617,39.4372233664577],[-74.4879134263751,39.4373330513395],[-74.4878884328556,39.4375136568769],[-74.4878521037249,39.4381274611018]]}},{"type":"Feature","id":372967,"properties":{"OBJECTID":372967,"PRIMENAME":"Caralena Court","ELEVTYP_F":0,"ELEVTYP_T":0},"geometry":{"type":"LineString","coordinates":[[-74.5042605196503,39.4452585417487],[-74.5042698039595,39.4453576371275],[-74.5042866274047,39.4454010720131],[-74.5043202365676,39.4454592505096],[-74.5043493485189,39.4455009283749],[-74.5044163167504,39.445553285544],[-74.5045819474196,39.4456667560629],[-74.505401168999,39.4462400606658]]}},{"type":"Feature","id":372979,"properties":{"OBJECTID":372979,"PRIMENAME":"Pennsylvania Avenue","ELEVTYP_F":0,"ELEVTYP_T":0},"geometry":{"type":"LineString","coordinates":[[-74.4972309035147,39.4330454267524],[-74.4978301516001,39.4329985718222],[-74.4984207961023,39.4329469628775],[-74.4985580649695,39.4329372999912],[-74.4986745149952,39.4329502062117],[-74.4987868226483,39.4329695637907],[-74.4989407308027,39.4330114911502],[-74.4991985565928,39.4330864765648]]}},{"type":"Feature","id":373045,"properties":{"OBJECTID":373045,"PRIMENAME":"Ritz Drive","ELEVTYP_F":0,"ELEVTYP_T":0},"geometry":{"type":"LineString","coordinates":[[-74.511376023464,39.4436775994531],[-74.511420997169,39.4436828944319],[-74.5116535808154,39.4436928927202]]}},{"type":"Feature","id":373149,"properties":{"OBJECTID":373149,"PRIMENAME":"East Church Street","ELEVTYP_F":0,"ELEVTYP_T":0},"geometry":{"type":"LineString","coordinates":[[-74.496221573073,39.4247362101607],[-74.4960303002149,39.4246771725905],[-74.4958037332747,39.4246112693446],[-74.4957592335841,39.424595590214],[-74.4957066278117,39.4245830401457],[-74.4956986509286,39.4245813517526],[-74.4956621289344,39.4245736215358],[-74.4956216644314,39.4245736200208],[-74.4955650211963,39.4245830348363],[-74.49549219804,39.4246018398355],[-74.4954315182389,39.4246175429122],[-74.4953829469688,39.4246300882345],[-74.4953303752452,39.4246300861371],[-74.495257553463,39.4246269529138],[-74.495079519445,39.4246112409816],[-74.4949581634887,39.4246049752299],[-74.4949017241767,39.4246036774213]]}},{"type":"Feature","id":373184,"properties":{"OBJECTID":373184,"PRIMENAME":"Oakborne Avenue","ELEVTYP_F":0,"ELEVTYP_T":0},"geometry":{"type":"LineString","coordinates":[[-74.5223906977422,39.4437785227727],[-74.521883807328,39.4434106600073]]}},{"type":"Feature","id":373242,"properties":{"OBJECTID":373242,"PRIMENAME":"Blenheim Avenue","ELEVTYP_F":0,"ELEVTYP_T":0},"geometry":{"type":"LineString","coordinates":[[-74.5134157268375,39.4407642362216],[-74.5140368321403,39.4411955024182],[-74.5150190751516,39.4418583411258],[-74.5152783859321,39.4420200526544]]}},{"type":"Feature","id":373298,"properties":{"OBJECTID":373298,"PRIMENAME":"Ritz Drive","ELEVTYP_F":0,"ELEVTYP_T":0},"geometry":{"type":"LineString","coordinates":[[-74.5131280444696,39.4435265701454],[-74.5132941849546,39.4434798755868],[-74.5135510771902,39.4433929190484],[-74.5137939759203,39.4432805944622],[-74.5140723149877,39.4431386667021]]}},{"type":"Feature","id":373303,"properties":{"OBJECTID":373303,"PRIMENAME":"FR US 30 WB to US 30 EB","ELEVTYP_F":0,"ELEVTYP_T":0},"geometry":{"type":"LineString","coordinates":[[-74.492500947408,39.3963357447428],[-74.4924359883095,39.3968717747923],[-74.4923891027227,39.397495749623],[-74.4923720515011,39.3977664697991],[-74.492359265564,39.397868799377],[-74.4923124725052,39.3979546257859],[-74.4922698955582,39.398004154565],[-74.4922145759236,39.3980668891611],[-74.4921337406453,39.3981460959083],[-74.4920698937303,39.3982022125528],[-74.4920315979796,39.3982550636985],[-74.4920060773993,39.398294654977],[-74.4919975443154,39.3983408629217],[-74.492001786078,39.3983771890259],[-74.492014558366,39.3984101926503],[-74.4920443511054,39.3984465196021],[-74.4920826372486,39.3984795249599],[-74.492150722235,39.398505942939],[-74.4922230550257,39.3985158593383],[-74.4923940157943,39.3985258920779]]}},{"type":"Feature","id":373377,"properties":{"OBJECTID":373377,"PRIMENAME":"Westcoat Road","ELEVTYP_F":0,"ELEVTYP_T":0},"geometry":{"type":"LineString","coordinates":[[-74.5236757379012,39.4300670183305],[-74.5239116299523,39.4301405860568],[-74.5245378231379,39.4303225187859],[-74.5250074096156,39.4304650548532],[-74.5253870266368,39.4305833096471],[-74.525653164248,39.4306803645643],[-74.5258114640531,39.4307482740884]]}},{"type":"Feature","id":373635,"properties":{"OBJECTID":373635,"PRIMENAME":"Shelburne Avenue","ELEVTYP_F":0,"ELEVTYP_T":0},"geometry":{"type":"LineString","coordinates":[[-74.5146777173497,39.4396637707468],[-74.5150186543547,39.4398993298584],[-74.5161498825594,39.4406735855585]]}},{"type":"Feature","id":373753,"properties":{"OBJECTID":373753,"PRIMENAME":"North Curran Drive","ELEVTYP_F":0,"ELEVTYP_T":0},"geometry":{"type":"LineString","coordinates":[[-74.48184088981,39.4350098924152],[-74.4818991996863,39.4350324980217],[-74.4825147501163,39.4351745138005],[-74.4831436002783,39.435326890126],[-74.4837001478808,39.4354617423281],[-74.4837957779907,39.4354843251812],[-74.4838498796345,39.4354843327042],[-74.4838758111998,39.4354742752883],[-74.4838997724193,39.4354649832723],[-74.4839289225144,39.435426300731],[-74.4839389125377,39.4354017886944]]}},{"type":"Feature","id":373802,"properties":{"OBJECTID":373802,"PRIMENAME":"Ritz Drive","ELEVTYP_F":0,"ELEVTYP_T":0},"geometry":{"type":"LineString","coordinates":[[-74.5103197400056,39.4434552741578],[-74.5104377517823,39.443486270851],[-74.5108557107089,39.4435960496167],[-74.5111453494586,39.4436503303518],[-74.511376023464,39.4436775994531]]}},{"type":"Feature","id":373819,"properties":{"OBJECTID":373819,"PRIMENAME":"Pitney Road","ELEVTYP_F":0,"ELEVTYP_T":0},"geometry":{"type":"LineString","coordinates":[[-74.4995410528101,39.4310514105828],[-74.4994324610672,39.4316725837345]]}},{"type":"Feature","id":373823,"properties":{"OBJECTID":373823,"PRIMENAME":"New Jersey Avenue","ELEVTYP_F":0,"ELEVTYP_T":0},"geometry":{"type":"LineString","coordinates":[[-74.5089808708034,39.4326722822154],[-74.5089265174643,39.4326308821009],[-74.5085761443424,39.4323618363637]]}},{"type":"Feature","id":373864,"properties":{"OBJECTID":373864,"PRIMENAME":"Marlin Road","ELEVTYP_F":0,"ELEVTYP_T":0},"geometry":{"type":"LineString","coordinates":[[-74.5052705040526,39.4259211717959],[-74.5058860838656,39.424689474491],[-74.5062918997998,39.4238830329916],[-74.5064088735249,39.4236505770114]]}},{"type":"Feature","id":373870,"properties":{"OBJECTID":373870,"PRIMENAME":"White Horse Pike","ELEVTYP_F":0,"ELEVTYP_T":0},"geometry":{"type":"LineString","coordinates":[[-74.5029162126817,39.4259962102144],[-74.5029274005768,39.4260051611775],[-74.5032322636815,39.4262991560244],[-74.5036825719667,39.4267279294486],[-74.5041214838036,39.4271080763562],[-74.5044179292611,39.427373322032],[-74.504816941707,39.4276385348111],[-74.5053645857355,39.4279893766225],[-74.5054879734841,39.4280753368303]]}},{"type":"Feature","id":373973,"properties":{"OBJECTID":373973,"PRIMENAME":"New York Avenue","ELEVTYP_F":0,"ELEVTYP_T":0},"geometry":{"type":"LineString","coordinates":[[-74.5115788199276,39.4423685162656],[-74.5117724337318,39.4425037469799],[-74.5125042886062,39.4430143314329],[-74.5130204715778,39.4433726342715],[-74.5130589710436,39.4434114533945],[-74.5130782396164,39.4434383310046],[-74.5131052327439,39.4434890950695],[-74.5131280444696,39.4435265701454]]}},{"type":"Feature","id":373978,"properties":{"OBJECTID":373978,"PRIMENAME":"North New Road","ELEVTYP_F":0,"ELEVTYP_T":0},"geometry":{"type":"LineString","coordinates":[[-74.526557925579,39.3981947839447],[-74.5262913874262,39.398625678196]]}},{"type":"Feature","id":374324,"properties":{"OBJECTID":374324,"PRIMENAME":"Pitney Road","ELEVTYP_F":0,"ELEVTYP_T":0},"geometry":{"type":"LineString","coordinates":[[-74.4977391994044,39.4416082010216],[-74.4976435728298,39.4421679516835],[-74.4975796038616,39.4425358223277]]}},{"type":"Feature","id":374496,"properties":{"OBJECTID":374496,"PRIMENAME":"Oakhurst Avenue","ELEVTYP_F":0,"ELEVTYP_T":0},"geometry":{"type":"LineString","coordinates":[[-74.4971237252226,39.432306133471],[-74.4972309035147,39.4330454267524]]}},{"type":"Feature","id":374516,"properties":{"OBJECTID":374516,"PRIMENAME":"Summit Avenue","ELEVTYP_F":0,"ELEVTYP_T":0},"geometry":{"type":"LineString","coordinates":[[-74.527739427458,39.4274012629811],[-74.5277883927183,39.4272353213692],[-74.5278100583785,39.4271493755802],[-74.5278246142034,39.427062533357],[-74.5278320009881,39.4269751480825],[-74.527832188701,39.4268875753482],[-74.5278074825057,39.4262541535561],[-74.5278067707181,39.4261983149103],[-74.5278089875648,39.4261425000086],[-74.5278458136621,39.4255842558546],[-74.527852232875,39.4255505599691],[-74.5278667895358,39.4255184236256],[-74.5278889533905,39.4254890174277],[-74.5279179170871,39.4254634125287]]}},{"type":"Feature","id":374527,"properties":{"OBJECTID":374527,"PRIMENAME":"South New Road","ELEVTYP_F":0,"ELEVTYP_T":0},"geometry":{"type":"LineString","coordinates":[[-74.5069225602793,39.4252376395607],[-74.5068431339231,39.4253966714197],[-74.5064503862808,39.4262071530922],[-74.5063307828475,39.4264460579779]]}},{"type":"Feature","id":374626,"properties":{"OBJECTID":374626,"PRIMENAME":"Bellevue Parkway","ELEVTYP_F":0,"ELEVTYP_T":0},"geometry":{"type":"LineString","coordinates":[[-74.5030248618679,39.4104379500601],[-74.502912727919,39.4103198893228],[-74.5019664103144,39.4099695647931],[-74.5017375504872,39.4099635276632]]}},{"type":"Feature","id":374630,"properties":{"OBJECTID":374630,"PRIMENAME":"West California Avenue","ELEVTYP_F":0,"ELEVTYP_T":0},"geometry":{"type":"LineString","coordinates":[[-74.5114995968789,39.414709442521],[-74.5113086220941,39.4146875663712],[-74.5105931754181,39.4146028737409],[-74.5104782354456,39.4145892667402],[-74.5097837410958,39.4145073426098],[-74.5093809572491,39.4144601503877],[-74.508895981079,39.4144090373946],[-74.5085961366551,39.4143749826307]]}},{"type":"Feature","id":374756,"properties":{"OBJECTID":374756,"PRIMENAME":"Chelsea Road","ELEVTYP_F":0,"ELEVTYP_T":0},"geometry":{"type":"LineString","coordinates":[[-74.5081508464332,39.4380931116081],[-74.507989647208,39.4379814896511],[-74.5069498118195,39.4372614533884],[-74.5063246066194,39.4368302591734]]}},{"type":"Feature","id":374759,"properties":{"OBJECTID":374759,"PRIMENAME":"South Shore Road","ELEVTYP_F":0,"ELEVTYP_T":0},"geometry":{"type":"LineString","coordinates":[[-74.5029178420049,39.4149965805861],[-74.5024187387959,39.4157985680765],[-74.5022906780293,39.4160048784318]]}},{"type":"Feature","id":374762,"properties":{"OBJECTID":374762,"PRIMENAME":"North New Road","ELEVTYP_F":0,"ELEVTYP_T":0},"geometry":{"type":"LineString","coordinates":[[-74.5143852985175,39.4123449330014],[-74.5143310967647,39.4123641673019],[-74.5141851801041,39.4124284303571]]}},{"type":"Feature","id":374799,"properties":{"OBJECTID":374799,"PRIMENAME":"West Merion Avenue","ELEVTYP_F":0,"ELEVTYP_T":0},"geometry":{"type":"LineString","coordinates":[[-74.52289270049,39.4004028686555],[-74.5233121653101,39.4006268475952]]}},{"type":"Feature","id":374803,"properties":{"OBJECTID":374803,"PRIMENAME":"West Merion Avenue","ELEVTYP_F":0,"ELEVTYP_T":0},"geometry":{"type":"LineString","coordinates":[[-74.5211409073887,39.3994407465848],[-74.5211997574849,39.3995088780632],[-74.5213495340623,39.3995939775112],[-74.5215324358854,39.3996862527453]]}},{"type":"Feature","id":374847,"properties":{"OBJECTID":374847,"PRIMENAME":"Reed Road","ELEVTYP_F":0,"ELEVTYP_T":0},"geometry":{"type":"LineString","coordinates":[[-74.4926686351582,39.4204683492367],[-74.4923449991861,39.4205790601782],[-74.4917907965413,39.4207561440626]]}},{"type":"Feature","id":374954,"properties":{"OBJECTID":374954,"PRIMENAME":"East Wyoming Avenue","ELEVTYP_F":0,"ELEVTYP_T":0},"geometry":{"type":"LineString","coordinates":[[-74.4993565470765,39.4321234177062],[-74.4991085669284,39.4321348922487],[-74.4987576978577,39.4321674249799],[-74.4984334524199,39.4321940540809],[-74.4977011569669,39.4322561204588],[-74.4971237252226,39.432306133471]]}},{"type":"Feature","id":375005,"properties":{"OBJECTID":375005,"PRIMENAME":"Fourth Street","ELEVTYP_F":0,"ELEVTYP_T":0},"geometry":{"type":"LineString","coordinates":[[-74.5236337161358,39.4003328487573],[-74.5239599938242,39.4000574145034]]}},{"type":"Feature","id":375260,"properties":{"OBJECTID":375260,"PRIMENAME":"West California Avenue","ELEVTYP_F":0,"ELEVTYP_T":0},"geometry":{"type":"LineString","coordinates":[[-74.5223518245227,39.4198573831503],[-74.5222371459449,39.4197212257249]]}},{"type":"Feature","id":375270,"properties":{"OBJECTID":375270,"PRIMENAME":"East White Horse Pike","ELEVTYP_F":0,"ELEVTYP_T":0},"geometry":{"type":"LineString","coordinates":[[-74.5236168503883,39.4427199755445],[-74.5233614457268,39.4425479857338],[-74.5228018993329,39.4421606874482],[-74.5227368620232,39.4421158810286],[-74.5224943600122,39.4419488123304],[-74.5224274568431,39.441902545905],[-74.5218195385534,39.4414821280581],[-74.5213118228125,39.4411244111877]]}},{"type":"Feature","id":375354,"properties":{"OBJECTID":375354,"PRIMENAME":"Pennsylvania Avenue","ELEVTYP_F":0,"ELEVTYP_T":0},"geometry":{"type":"LineString","coordinates":[[-74.4938948901783,39.4333308184208],[-74.4944527175228,39.433282303227],[-74.4951764582487,39.4332242934337],[-74.4967986301046,39.4330791865992],[-74.4972309035147,39.4330454267524]]}},{"type":"Feature","id":375369,"properties":{"OBJECTID":375369,"PRIMENAME":"Absecon Boulevard","ELEVTYP_F":0,"ELEVTYP_T":0},"geometry":{"type":"LineString","coordinates":[[-74.4576931982628,39.3798165169185],[-74.4577358220087,39.3798617087581],[-74.4578386283117,39.3799883210857],[-74.4579313923536,39.3801071314075],[-74.4580793089415,39.3802921609051],[-74.4582098291552,39.3805180382397],[-74.4582244273665,39.3805421229395],[-74.4582889840863,39.3806595301888],[-74.4583337369065,39.380740920573],[-74.4588847675616,39.381762460745],[-74.4590607898256,39.3820887795221],[-74.4590718411321,39.3821092641403],[-74.4596086587491,39.3831023382822],[-74.4598909491237,39.3836185653618],[-74.4600286933998,39.3838566345267],[-74.4601354231295,39.3840091100278],[-74.4603076043664,39.3842284655863],[-74.4604281068233,39.3843649111613],[-74.4605383629546,39.3844772457674],[-74.4607346966486,39.3846645392754],[-74.4609903188742,39.3848703575906],[-74.4611962972135,39.3850230301686],[-74.4613513191148,39.3851247259817],[-74.4615269993355,39.3852371092723],[-74.4616298605252,39.3852903817558],[-74.461899111196,39.3854298122629],[-74.462271206141,39.3855930532012],[-74.4624710740116,39.3856679648764],[-74.4626467873213,39.3857241974569],[-74.4630534070818,39.385841978797],[-74.4634358815465,39.3859223550836],[-74.4638149312294,39.3859893304638],[-74.4645420398767,39.3861205773725],[-74.4647641699522,39.3861600208609],[-74.4652420944452,39.386244885363],[-74.4658997880621,39.3863616676182],[-74.4664821326914,39.3864661446936],[-74.4676537956363,39.3866777548157],[-74.4682637433867,39.3867848934201],[-74.4682820634711,39.3867882692293],[-74.4688599264921,39.3868947167498],[-74.4690699819168,39.3869309896571],[-74.4692320888959,39.3869589819241],[-74.4699350906201,39.3870821985921],[-74.4706760188999,39.3872187642055],[-74.4719372919363,39.3874437252737],[-74.4733881061427,39.3877034764413],[-74.4749251204962,39.387976598769],[-74.4765689259632,39.3882738026613],[-74.4776786261519,39.3884719277335],[-74.4785746639719,39.3886325250715],[-74.480101314385,39.3889082677815],[-74.4816866075253,39.3891919907351],[-74.4833580685805,39.389491765787],[-74.4847676055221,39.3897433510075],[-74.4859324787254,39.3899521123942],[-74.4862185493797,39.3900109592843],[-74.4863908614315,39.3900591384019],[-74.4865252428669,39.3900992677885],[-74.4866424280398,39.3901393959479],[-74.4868974608407,39.3902303332836],[-74.4870766678935,39.3903132724238],[-74.4873006658661,39.3904256220615],[-74.4875246617026,39.3905540055941],[-74.4877176620812,39.3906823854257],[-74.4879175234844,39.3908348459644],[-74.4880967194114,39.3909926566267],[-74.4882793453997,39.3911718569662],[-74.4884619710022,39.3913590741768],[-74.4886894239514,39.3915917635831],[-74.4888927484253,39.3918030624274],[-74.4890433592661,39.3919652485868]]}},{"type":"Feature","id":375431,"properties":{"OBJECTID":375431,"PRIMENAME":"Byrd Lane","ELEVTYP_F":0,"ELEVTYP_T":0},"geometry":{"type":"LineString","coordinates":[[-74.5236337161358,39.4003328487573],[-74.5233325942653,39.4001350876959],[-74.5233150165966,39.400124057537],[-74.5232948674307,39.4001161033947],[-74.5232730271613,39.4001115728154],[-74.5232504500724,39.4001106637574],[-74.5232281226418,39.4001134159407],[-74.523207020439,39.400119709112],[-74.5231880654993,39.4001292682991],[-74.5231720860367,39.4001416758248],[-74.52289270049,39.4004028686555]]}},{"type":"Feature","id":375497,"properties":{"OBJECTID":375497,"PRIMENAME":"Chelsea Road","ELEVTYP_F":0,"ELEVTYP_T":0},"geometry":{"type":"LineString","coordinates":[[-74.5127984535031,39.4413033572111],[-74.5113269976838,39.4402963555476],[-74.5112098133574,39.4402143547171]]}},{"type":"Feature","id":375558,"properties":{"OBJECTID":375558,"PRIMENAME":"Mill Road","ELEVTYP_F":0,"ELEVTYP_T":0},"geometry":{"type":"LineString","coordinates":[[-74.5104132118335,39.4319522842603],[-74.5097647685118,39.4320038211521],[-74.5092413733694,39.4320368664784],[-74.5089009177852,39.4320632783252],[-74.508658356971,39.4320830925865],[-74.5085350052091,39.4320963083125],[-74.5084243334822,39.4321392304242],[-74.5083617423422,39.4321907705256]]}},{"type":"Feature","id":375562,"properties":{"OBJECTID":375562,"PRIMENAME":"East Wyoming Avenue","ELEVTYP_F":0,"ELEVTYP_T":0},"geometry":{"type":"LineString","coordinates":[[-74.4944937768923,39.4325328012718],[-74.4941881871232,39.4325577439336],[-74.493597045551,39.4326100907358],[-74.4935207123854,39.4326168497054],[-74.4927120377453,39.4326848391739],[-74.4921132121888,39.4327380652391],[-74.4912130094075,39.4328148784807],[-74.49046161657,39.4328798911852],[-74.4902483995767,39.4328973904364]]}},{"type":"Feature","id":375600,"properties":{"OBJECTID":375600,"PRIMENAME":"Ohio Avenue","ELEVTYP_F":0,"ELEVTYP_T":0},"geometry":{"type":"LineString","coordinates":[[-74.5052705040526,39.4259211717959],[-74.5050622605415,39.4258186862808],[-74.5044784576265,39.4255313236574]]}},{"type":"Feature","id":375814,"properties":{"OBJECTID":375814,"PRIMENAME":"Shore Road","ELEVTYP_F":0,"ELEVTYP_T":0},"geometry":{"type":"LineString","coordinates":[[-74.4996387735176,39.423467811495],[-74.4996273388527,39.4234979306035],[-74.4996006459073,39.4235718708703],[-74.4995701305355,39.4236487765491],[-74.4995388172903,39.423708175171],[-74.4995358253394,39.4237138483965],[-74.4994870424253,39.4237895180803]]}},{"type":"Feature","id":375827,"properties":{"OBJECTID":375827,"PRIMENAME":"Mill Road","ELEVTYP_F":0,"ELEVTYP_T":0},"geometry":{"type":"LineString","coordinates":[[-74.50275884285,39.433028898128],[-74.5024326105234,39.4329777265545],[-74.5023192750665,39.4329608434061]]}},{"type":"Feature","id":375887,"properties":{"OBJECTID":375887,"PRIMENAME":"Cornelius Lane","ELEVTYP_F":0,"ELEVTYP_T":0},"geometry":{"type":"LineString","coordinates":[[-74.5245193604597,39.3992762346183],[-74.5241914643527,39.3991485314772],[-74.5241717562562,39.3991401984419],[-74.5241501284889,39.399135542894],[-74.5241277038125,39.3991348065168],[-74.5241056463585,39.3991380275379],[-74.5240851011946,39.3991450387445],[-74.5240671348821,39.399155476164],[-74.5240526801073,39.3991687979588],[-74.5240424872633,39.3991843125542],[-74.5238950981401,39.3993726288911],[-74.5238860729183,39.3993862265049],[-74.52387869843,39.3994004106742],[-74.523873037231,39.3994150610807],[-74.523869137344,39.399430053451],[-74.5238670318513,39.3994452606109],[-74.523866738614,39.3994605535643],[-74.5238682601208,39.3994758025872],[-74.5238715834665,39.3994908783279],[-74.5238766804617,39.399505652905],[-74.5238835078714,39.3995200009911],[-74.5238920077825,39.399533800877],[-74.5239021080943,39.3995469355033],[-74.5239137231305,39.3995592934538],[-74.5239267543656,39.3995707699005],[-74.5239410912609,39.3995812674927],[-74.5239566122024,39.3995906971832],[-74.5242493655657,39.3997041557931]]}},{"type":"Feature","id":375934,"properties":{"OBJECTID":375934,"PRIMENAME":"Nevada Avenue","ELEVTYP_F":0,"ELEVTYP_T":0},"geometry":{"type":"LineString","coordinates":[[-74.4996261882171,39.4133597705849],[-74.4998163055449,39.4134292075132],[-74.4999315515771,39.4134712993838],[-74.5007678224116,39.4137928955618]]}},{"type":"Feature","id":375945,"properties":{"OBJECTID":375945,"PRIMENAME":"4th Street","ELEVTYP_F":0,"ELEVTYP_T":0},"geometry":{"type":"LineString","coordinates":[[-74.4834586231219,39.4310197040593],[-74.4837886466967,39.4305009345853],[-74.483879246478,39.4303511722619]]}},{"type":"Feature","id":376110,"properties":{"OBJECTID":376110,"PRIMENAME":"West Merion Avenue","ELEVTYP_F":0,"ELEVTYP_T":0},"geometry":{"type":"LineString","coordinates":[[-74.5225020726932,39.4001910020304],[-74.52289270049,39.4004028686555]]}},{"type":"Feature","id":376184,"properties":{"OBJECTID":376184,"PRIMENAME":"New York Road","ELEVTYP_F":0,"ELEVTYP_T":0},"geometry":{"type":"LineString","coordinates":[[-74.4789553058522,39.4400193969587],[-74.4788815536791,39.4401151788798],[-74.4788493840699,39.4401733258044]]}},{"type":"Feature","id":376234,"properties":{"OBJECTID":376234,"PRIMENAME":"Nevada Avenue","ELEVTYP_F":0,"ELEVTYP_T":0},"geometry":{"type":"LineString","coordinates":[[-74.499110822617,39.4131715759621],[-74.4996261882171,39.4133597705849]]}},{"type":"Feature","id":376259,"properties":{"OBJECTID":376259,"PRIMENAME":"West Thompson Avenue","ELEVTYP_F":0,"ELEVTYP_T":0},"geometry":{"type":"LineString","coordinates":[[-74.5097289854648,39.4061274599937],[-74.5101677374334,39.4063181079529],[-74.5113497897587,39.4068419512858]]}},{"type":"Feature","id":376267,"properties":{"OBJECTID":376267,"PRIMENAME":"Huron Avenue","ELEVTYP_F":0,"ELEVTYP_T":0},"geometry":{"type":"LineString","coordinates":[[-74.5014847456894,39.4291180048081],[-74.5010403659074,39.4299088912832],[-74.5004386394263,39.4310033070908],[-74.5002117310406,39.431416141957]]}},{"type":"Feature","id":376316,"properties":{"OBJECTID":376316,"PRIMENAME":"Jackson Lane","ELEVTYP_F":0,"ELEVTYP_T":0},"geometry":{"type":"LineString","coordinates":[[-74.5215324358854,39.3996862527453],[-74.5218873124387,39.3993487373935],[-74.5218955250759,39.3993386845938],[-74.5219014385746,39.3993277023951],[-74.5219048840498,39.3993161044429],[-74.5219057631021,39.3993042219676],[-74.5219040506275,39.3992923943256],[-74.5218997955346,39.3992809593068],[-74.5218931193472,39.3992702434883],[-74.5218842127341,39.3992605529066],[-74.5215691264147,39.3990489355096]]}},{"type":"Feature","id":376426,"properties":{"OBJECTID":376426,"PRIMENAME":"Ohio Avenue","ELEVTYP_F":0,"ELEVTYP_T":0},"geometry":{"type":"LineString","coordinates":[[-74.5134220063201,39.4299437596322],[-74.5125715528005,39.4295263524006],[-74.5118319661504,39.4291562079307],[-74.5116503294322,39.4290671849903]]}},{"type":"Feature","id":376464,"properties":{"OBJECTID":376464,"PRIMENAME":"North New Road","ELEVTYP_F":0,"ELEVTYP_T":0},"geometry":{"type":"LineString","coordinates":[[-74.5046267807667,39.4296398406096],[-74.5046008673463,39.4296709228035],[-74.5044826604561,39.4297981049116],[-74.5043644518439,39.4299045856381],[-74.5042672364623,39.429984239684],[-74.5042309487684,39.4300140313292],[-74.5040668903474,39.4301235058627],[-74.5038991139059,39.4302240569745],[-74.503704607319,39.4303305395567],[-74.5035329690726,39.4304133805556],[-74.5034318209603,39.4304627509625]]}},{"type":"Feature","id":376485,"properties":{"OBJECTID":376485,"PRIMENAME":"Absecon Boulevard","ELEVTYP_F":0,"ELEVTYP_T":0},"geometry":{"type":"LineString","coordinates":[[-74.4921920977618,39.4174977491221],[-74.4920691748965,39.417368997458],[-74.4918709029223,39.4171204753467],[-74.491775593508,39.4169814570606],[-74.4917159266135,39.4168772977263],[-74.4916688555174,39.4167951296138],[-74.4915925578011,39.4166294515244],[-74.4915201184034,39.4164638015864],[-74.4914515075158,39.4162567474634],[-74.4914210494904,39.4161029343523],[-74.4914125881368,39.4160547525844],[-74.4913867735998,39.4159077156269],[-74.4913677185829,39.4157095334787],[-74.4913677411923,39.4155261519985],[-74.4913830240434,39.4153102356076],[-74.4913929416403,39.4151312012127]]}},{"type":"Feature","id":376542,"properties":{"OBJECTID":376542,"PRIMENAME":"Cessna Lane","ELEVTYP_F":0,"ELEVTYP_T":0},"geometry":{"type":"LineString","coordinates":[[-74.4951036353137,39.4196423792352],[-74.4951034251358,39.4196418990997],[-74.4950578606983,39.4195380736141],[-74.4950554198639,39.4195323678402],[-74.4950525690521,39.4195267755497],[-74.4950493163911,39.419521318362],[-74.4950456734939,39.4195160106906],[-74.495041651973,39.4195108705518],[-74.4950372646026,39.4195059141606],[-74.4950325218343,39.4195011577317],[-74.4950274445717,39.4194966165796],[-74.4950220444281,39.4194923024153],[-74.4950163388231,39.4194882314537],[-74.4950103474993,39.419484416307],[-74.495004089038,39.419480869587],[-74.4943572747806,39.4192448861425],[-74.494349374163,39.4192415293765],[-74.4943417197858,39.4192378456312],[-74.4943343302299,39.4192338493206],[-74.4943272333682,39.4192295467516],[-74.4943204431359,39.4192249541394],[-74.4943139839209,39.4192200858979],[-74.4943078708205,39.4192149510361],[-74.4943021258991,39.4192095711742],[-74.4942967630926,39.4192039553211],[-74.4942917986585,39.4191981259974],[-74.494287248855,39.4191920958155],[-74.4942831252943,39.4191858836925],[-74.4942794372659,39.4191795085459],[-74.4942762010275,39.4191729892933],[-74.4942734200617,39.4191663430502],[-74.4942711094647,39.4191595896349],[-74.4942692692347,39.4191527497658],[-74.4942679086612,39.4191458423602],[-74.4942670312262,39.4191388890377],[-74.4942666404123,39.419131908715],[-74.494266733895,39.4191249212098],[-74.4942673116722,39.4191179490421],[-74.494268376065,39.4191110111287],[-74.4942699235875,39.419104128188],[-74.4942719437855,39.4190973191361],[-74.4942744378187,39.4190906037907],[-74.4942773940712,39.4190840046713],[-74.4944122521504,39.418839642947],[-74.4944372032658,39.4187944320598]]}},{"type":"Feature","id":376690,"properties":{"OBJECTID":376690,"PRIMENAME":"South New Road","ELEVTYP_F":0,"ELEVTYP_T":0},"geometry":{"type":"LineString","coordinates":[[-74.530690029955,39.3915259391979],[-74.5306145332552,39.3916412215657]]}},{"type":"Feature","id":376746,"properties":{"OBJECTID":376746,"PRIMENAME":"Fourth Street","ELEVTYP_F":0,"ELEVTYP_T":0},"geometry":{"type":"LineString","coordinates":[[-74.5239599938242,39.4000574145034],[-74.5240906210075,39.3999101845244],[-74.5241008095243,39.3999006311945],[-74.5241107797105,39.3998909382844],[-74.5241205280846,39.3998811102989],[-74.524130048843,39.3998711517433],[-74.524139344308,39.3998610635179],[-74.5241484040314,39.3998508492282],[-74.5241572326584,39.3998405115756],[-74.5241658243857,39.3998300559663],[-74.5241741768915,39.3998194833017],[-74.5241822855332,39.3998087980866],[-74.5241901514726,39.3997980021226],[-74.5242493655657,39.3997041557931]]}},{"type":"Feature","id":376748,"properties":{"OBJECTID":376748,"PRIMENAME":"North Second Street","ELEVTYP_F":0,"ELEVTYP_T":0},"geometry":{"type":"LineString","coordinates":[[-74.5218803531015,39.3987393693561],[-74.5218316805711,39.3988086791297],[-74.5215691264147,39.3990489355096]]}},{"type":"Feature","id":376860,"properties":{"OBJECTID":376860,"PRIMENAME":"White Horse Pike","ELEVTYP_F":0,"ELEVTYP_T":0},"geometry":{"type":"LineString","coordinates":[[-74.5055298497227,39.4279970022522],[-74.5053879453535,39.4279005540416]]}},{"type":"Feature","id":376897,"properties":{"OBJECTID":376897,"PRIMENAME":"Mill Road","ELEVTYP_F":0,"ELEVTYP_T":0},"geometry":{"type":"LineString","coordinates":[[-74.5023192750665,39.4329608434061],[-74.5017900606455,39.4328820256988],[-74.5013363322625,39.4328068007258]]}},{"type":"Feature","id":377053,"properties":{"OBJECTID":377053,"PRIMENAME":"New York Road","ELEVTYP_F":0,"ELEVTYP_T":0},"geometry":{"type":"LineString","coordinates":[[-74.4770819877158,39.4438356945939],[-74.4770088877511,39.4439772178474],[-74.4769170105299,39.4441434200559],[-74.4768727567894,39.4442199600634],[-74.4768148619726,39.4443149195267],[-74.4767467678346,39.4444125135528],[-74.4766768696498,39.4445053572754]]}},{"type":"Feature","id":377152,"properties":{"OBJECTID":377152,"PRIMENAME":"Cedarcrest Avenue","ELEVTYP_F":0,"ELEVTYP_T":0},"geometry":{"type":"LineString","coordinates":[[-74.5033206956392,39.4090550947138],[-74.5025633961945,39.4087426040022]]}},{"type":"Feature","id":377216,"properties":{"OBJECTID":377216,"PRIMENAME":"Cordelia Lane","ELEVTYP_F":0,"ELEVTYP_T":0},"geometry":{"type":"LineString","coordinates":[[-74.5051674369365,39.4329521031231],[-74.505098708498,39.4323865038259]]}},{"type":"Feature","id":377299,"properties":{"OBJECTID":377299,"PRIMENAME":"Reed Road","ELEVTYP_F":0,"ELEVTYP_T":0},"geometry":{"type":"LineString","coordinates":[[-74.4946613321911,39.4197883065757],[-74.4942141213546,39.4199359182854],[-74.4935465733921,39.420168082502],[-74.4935094736701,39.4201807655097]]}},{"type":"Feature","id":377437,"properties":{"OBJECTID":377437,"PRIMENAME":"Bayview Drive","ELEVTYP_F":0,"ELEVTYP_T":0},"geometry":{"type":"LineString","coordinates":[[-74.4904586720924,39.4344798573205],[-74.4903954605607,39.4340394789087]]}},{"type":"Feature","id":377444,"properties":{"OBJECTID":377444,"PRIMENAME":"White Horse Pike","ELEVTYP_F":0,"ELEVTYP_T":0},"geometry":{"type":"LineString","coordinates":[[-74.5111551249359,39.431898647675],[-74.5109806630924,39.4317811506016],[-74.5096613867844,39.4308701792173],[-74.5096068049607,39.4308324889158],[-74.508638317185,39.4301464039416],[-74.5086121948178,39.4301278980663],[-74.5079610540899,39.4296729644697],[-74.5070094260751,39.4290127545043],[-74.5063010884543,39.428502325738],[-74.5055298497227,39.4279970022522]]}},{"type":"Feature","id":377449,"properties":{"OBJECTID":377449,"PRIMENAME":"North New Road","ELEVTYP_F":0,"ELEVTYP_T":0},"geometry":{"type":"LineString","coordinates":[[-74.5222058931907,39.4050987089373],[-74.5219159482392,39.4055054222826],[-74.5213017293928,39.4063439034293]]}},{"type":"Feature","id":377480,"properties":{"OBJECTID":377480,"PRIMENAME":"Delaware Avenue","ELEVTYP_F":0,"ELEVTYP_T":0},"geometry":{"type":"LineString","coordinates":[[-74.5048717283865,39.4314563183435],[-74.5059225095238,39.4321725800871],[-74.5066281872717,39.4326530837599],[-74.506674750092,39.4327003054544],[-74.5067034332498,39.4327447284805],[-74.5067373607108,39.4328333011275]]}},{"type":"Feature","id":377532,"properties":{"OBJECTID":377532,"PRIMENAME":"Delaware Avenue","ELEVTYP_F":0,"ELEVTYP_T":0},"geometry":{"type":"LineString","coordinates":[[-74.5014847456894,39.4291180048081],[-74.5017712404314,39.429315768505]]}},{"type":"Feature","id":377559,"properties":{"OBJECTID":377559,"PRIMENAME":"Seaside Avenue","ELEVTYP_F":0,"ELEVTYP_T":0},"geometry":{"type":"LineString","coordinates":[[-74.5159574068949,39.4385561501261],[-74.5162007405647,39.4387255492881],[-74.5170403538834,39.4392995147171]]}},{"type":"Feature","id":377564,"properties":{"OBJECTID":377564,"PRIMENAME":"Absecon Boulevard","ELEVTYP_F":0,"ELEVTYP_T":0},"geometry":{"type":"LineString","coordinates":[[-74.492500947408,39.3963357447428],[-74.4925137807589,39.3964479326088],[-74.4925137614821,39.3966283501466],[-74.492502304455,39.3968797692147],[-74.492452611384,39.397596628481],[-74.4924412004978,39.3977612298304],[-74.4924259157966,39.3980599561072],[-74.4923956159207,39.3985025253334],[-74.4923940157943,39.3985258920779]]}},{"type":"Feature","id":377580,"properties":{"OBJECTID":377580,"PRIMENAME":"Pitney Road","ELEVTYP_F":0,"ELEVTYP_T":0},"geometry":{"type":"LineString","coordinates":[[-74.4983027931306,39.4383007233981],[-74.498250210237,39.4386155486579],[-74.4981842978501,39.4390030707274],[-74.4980670807719,39.4396922202901],[-74.4980518167465,39.4397812602498]]}},{"type":"Feature","id":377632,"properties":{"OBJECTID":377632,"PRIMENAME":"Davis Avenue","ELEVTYP_F":0,"ELEVTYP_T":0},"geometry":{"type":"LineString","coordinates":[[-74.4892429342596,39.4377807485915],[-74.4892277710284,39.4380653596014],[-74.489202778149,39.4382621094926],[-74.4891528303152,39.4384008150591],[-74.4891523699708,39.4384028192908]]}},{"type":"Feature","id":377642,"properties":{"OBJECTID":377642,"PRIMENAME":"West Wyoming Avenue","ELEVTYP_F":0,"ELEVTYP_T":0},"geometry":{"type":"LineString","coordinates":[[-74.5023307441435,39.4297019608557],[-74.5024511149018,39.42959726753],[-74.5029973468348,39.4291171514038],[-74.5033250334998,39.428831623435],[-74.5033835178871,39.428774951579]]}},{"type":"Feature","id":377660,"properties":{"OBJECTID":377660,"PRIMENAME":"Black Horse Pike","ELEVTYP_F":0,"ELEVTYP_T":0},"geometry":{"type":"LineString","coordinates":[[-74.520891061402,39.3887647424238],[-74.5204560806199,39.388609827165],[-74.5200379449457,39.3884592726782]]}},{"type":"Feature","id":377664,"properties":{"OBJECTID":377664,"PRIMENAME":"North New Road","ELEVTYP_F":0,"ELEVTYP_T":0},"geometry":{"type":"LineString","coordinates":[[-74.5050039732957,39.4290801261693],[-74.5048830499817,39.4293218580139],[-74.5048002468853,39.4294282818501]]}},{"type":"Feature","id":377754,"properties":{"OBJECTID":377754,"PRIMENAME":"Delilah Road","ELEVTYP_F":0,"ELEVTYP_T":0},"geometry":{"type":"LineString","coordinates":[[-74.4951534268681,39.3971630685154],[-74.4950388089631,39.3971139995978],[-74.4947216738019,39.3969621776603],[-74.4945023853637,39.3968548403177],[-74.4942054947328,39.3967030179209],[-74.4940739291305,39.3966349465447],[-74.493915400284,39.3965433157851],[-74.4937568374869,39.3964464682499],[-74.4936050342513,39.3963522295971],[-74.4934600254243,39.396247502164],[-74.4932980693435,39.3961244872501],[-74.4931294258391,39.3959962281328],[-74.4929809533005,39.3958757943713],[-74.4928763931852,39.3957815575981],[-74.4927650757567,39.3956820749269],[-74.4926739985268,39.3955905015832],[-74.4925862851541,39.3954857496155],[-74.4924108951743,39.3952763544758],[-74.4922523114661,39.3950878822643],[-74.4921377084602,39.3949544078131],[-74.4920466005576,39.3948417749616],[-74.4919251695327,39.3946978117638],[-74.4917193860729,39.3944857776872],[-74.4916280058264,39.3943895391193],[-74.4916249516967,39.394386323028],[-74.491500123113,39.3942606724843],[-74.4913820891485,39.3941428755202],[-74.4912269404674,39.3939805677956],[-74.4909402068178,39.3936926361093],[-74.4899842746107,39.3927878914605]]}},{"type":"Feature","id":377846,"properties":{"OBJECTID":377846,"PRIMENAME":"Bayview Drive","ELEVTYP_F":0,"ELEVTYP_T":0},"geometry":{"type":"LineString","coordinates":[[-74.4871651657372,39.4354879309105],[-74.4871858017965,39.4355234615589],[-74.487370084701,39.4357841798495]]}},{"type":"Feature","id":377851,"properties":{"OBJECTID":377851,"PRIMENAME":"Shore Road","ELEVTYP_F":0,"ELEVTYP_T":0},"geometry":{"type":"LineString","coordinates":[[-74.4996826726988,39.4232675989391],[-74.4996464206257,39.4234476579229],[-74.4996387735176,39.423467811495]]}},{"type":"Feature","id":377872,"properties":{"OBJECTID":377872,"PRIMENAME":"West California Avenue","ELEVTYP_F":0,"ELEVTYP_T":0},"geometry":{"type":"LineString","coordinates":[[-74.5217887555618,39.4192008622952],[-74.5217882513388,39.4192002741669],[-74.5216852621944,39.4190800536573],[-74.521345883599,39.41868388579],[-74.5211271155829,39.4184298026694],[-74.5208822709517,39.4181454298836]]}},{"type":"Feature","id":377934,"properties":{"OBJECTID":377934,"PRIMENAME":"Southwest Street","ELEVTYP_F":0,"ELEVTYP_T":0},"geometry":{"type":"LineString","coordinates":[[-74.5029162126817,39.4259962102144],[-74.5025926070104,39.426205298843],[-74.5024064995629,39.4263245461709],[-74.5023377490753,39.4263559296246],[-74.502249950479,39.4263691929268]]}},{"type":"Feature","id":378000,"properties":{"OBJECTID":378000,"PRIMENAME":"North New Road","ELEVTYP_F":0,"ELEVTYP_T":0},"geometry":{"type":"LineString","coordinates":[[-74.5262913874262,39.398625678196],[-74.5259573912043,39.3991656183461],[-74.5251600415227,39.400439392784],[-74.5249829474845,39.4007210797455]]}},{"type":"Feature","id":378002,"properties":{"OBJECTID":378002,"PRIMENAME":"Green Avenue","ELEVTYP_F":0,"ELEVTYP_T":0},"geometry":{"type":"LineString","coordinates":[[-74.5191472179395,39.3899415850037],[-74.5199431831092,39.390180707805],[-74.5200885484624,39.3902037740317]]}},{"type":"Feature","id":378077,"properties":{"OBJECTID":378077,"PRIMENAME":"Bayview Drive","ELEVTYP_F":0,"ELEVTYP_T":0},"geometry":{"type":"LineString","coordinates":[[-74.4903954605607,39.4340394789087],[-74.4903370961135,39.4336327078144]]}},{"type":"Feature","id":378089,"properties":{"OBJECTID":378089,"PRIMENAME":"Ritz Drive","ELEVTYP_F":0,"ELEVTYP_T":0},"geometry":{"type":"LineString","coordinates":[[-74.5152783859321,39.4420200526544],[-74.5153411409128,39.4419253354986],[-74.5154800165523,39.4417157268537],[-74.5156942462318,39.4413824059334]]}},{"type":"Feature","id":378131,"properties":{"OBJECTID":378131,"PRIMENAME":"Wellington Avenue","ELEVTYP_F":0,"ELEVTYP_T":0},"geometry":{"type":"LineString","coordinates":[[-74.5171869029692,39.4020769792979],[-74.5176587742453,39.4022649575921],[-74.5183503043262,39.4025403774153]]}},{"type":"Feature","id":378151,"properties":{"OBJECTID":378151,"PRIMENAME":"Oregon Avenue","ELEVTYP_F":0,"ELEVTYP_T":0},"geometry":{"type":"LineString","coordinates":[[-74.5033919113923,39.4142451382405],[-74.5056209891657,39.4149186142692]]}},{"type":"Feature","id":378172,"properties":{"OBJECTID":378172,"PRIMENAME":"South New Road","ELEVTYP_F":0,"ELEVTYP_T":0},"geometry":{"type":"LineString","coordinates":[[-74.5097559350402,39.4194400368507],[-74.5095819022112,39.419751880516],[-74.5094905763295,39.4199155238073],[-74.5094129639728,39.4200545947809],[-74.5092088125107,39.4204690288364],[-74.5091842031254,39.4205189846646],[-74.5089630867342,39.4209892755157],[-74.5085437404515,39.4218648659401],[-74.5083720911248,39.4222257380379],[-74.5083549573215,39.4222616920019],[-74.5082807961743,39.4224173114142],[-74.5079717365588,39.4230658234194],[-74.5075752294682,39.4238940462203],[-74.5074760439968,39.4241089690547],[-74.5073540913758,39.4243732300397],[-74.5069225602793,39.4252376395607]]}},{"type":"Feature","id":378205,"properties":{"OBJECTID":378205,"PRIMENAME":"North New Road","ELEVTYP_F":0,"ELEVTYP_T":0},"geometry":{"type":"LineString","coordinates":[[-74.5201865233591,39.4078674068943],[-74.5196026667155,39.4087090037479],[-74.51957573638,39.4087478238474]]}},{"type":"Feature","id":378227,"properties":{"OBJECTID":378227,"PRIMENAME":"Plaza Place","ELEVTYP_F":0,"ELEVTYP_T":0},"geometry":{"type":"LineString","coordinates":[[-74.5121911196161,39.4418339063532],[-74.5125850041212,39.4421034855448],[-74.5135634244692,39.442787257862],[-74.5140723149877,39.4431386667021]]}},{"type":"Feature","id":378241,"properties":{"OBJECTID":378241,"PRIMENAME":"Spring Lane","ELEVTYP_F":0,"ELEVTYP_T":0},"geometry":{"type":"LineString","coordinates":[[-74.505468139538,39.4451742604414],[-74.5054793378302,39.4452725260014],[-74.5054908851441,39.4453173067519],[-74.5055140139337,39.4453680727447],[-74.5055525456615,39.44541288013],[-74.5056218514774,39.4454696008529],[-74.5063729950118,39.4459921663487],[-74.5068733696689,39.4463358357885],[-74.506916260482,39.4463652937884]]}},{"type":"Feature","id":378260,"properties":{"OBJECTID":378260,"PRIMENAME":"New York Road","ELEVTYP_F":0,"ELEVTYP_T":0},"geometry":{"type":"LineString","coordinates":[[-74.4777244965901,39.442493616864],[-74.477635376632,39.4426845858191],[-74.4774201446822,39.4431406762295]]}},{"type":"Feature","id":378275,"properties":{"OBJECTID":378275,"PRIMENAME":"Ohio Avenue","ELEVTYP_F":0,"ELEVTYP_T":0},"geometry":{"type":"LineString","coordinates":[[-74.5017467042877,39.423618863934],[-74.5015837139887,39.4234760651718],[-74.5012668819002,39.4231963607863],[-74.5011024637872,39.4230512102672],[-74.5007229264349,39.4227174254314],[-74.5005962505991,39.4226015355308],[-74.5005703479992,39.4225778374147],[-74.5004490291191,39.4224473372488],[-74.5003551461935,39.422338088547],[-74.5001047218447,39.4219951859885],[-74.500049687488,39.4219135456121],[-74.5000147343213,39.4218616928655],[-74.4999805012889,39.4218150719553],[-74.4999482171652,39.4217797353587],[-74.4999130283491,39.4217463480823],[-74.4998854341062,39.421720166303]]}},{"type":"Feature","id":378328,"properties":{"OBJECTID":378328,"PRIMENAME":"East White Horse Pike","ELEVTYP_F":0,"ELEVTYP_T":0},"geometry":{"type":"LineString","coordinates":[[-74.5235389298694,39.4427739427676],[-74.5239884374619,39.4430751386355],[-74.5240662132456,39.4431272534801]]}},{"type":"Feature","id":378361,"properties":{"OBJECTID":378361,"PRIMENAME":"Marlborough Avenue","ELEVTYP_F":0,"ELEVTYP_T":0},"geometry":{"type":"LineString","coordinates":[[-74.5137305484584,39.438015626127],[-74.51345846767,39.4378270056882],[-74.5119640199329,39.4367939576579],[-74.5114962635991,39.436468729448]]}},{"type":"Feature","id":378366,"properties":{"OBJECTID":378366,"PRIMENAME":"Black Horse Pike","ELEVTYP_F":0,"ELEVTYP_T":0},"geometry":{"type":"LineString","coordinates":[[-74.5098149128347,39.3861396779094],[-74.5095016266563,39.3860606014719],[-74.5092478182169,39.3859690262025],[-74.5087953991255,39.3857917466947],[-74.5086190882524,39.3857759174218]]}},{"type":"Feature","id":378374,"properties":{"OBJECTID":378374,"PRIMENAME":"North New Road","ELEVTYP_F":1,"ELEVTYP_T":0},"geometry":{"type":"LineString","coordinates":[[-74.524110405405,39.4021321181557],[-74.5239064598,39.4024696560502]]}},{"type":"Feature","id":378425,"properties":{"OBJECTID":378425,"PRIMENAME":"East Black Horse Pike","ELEVTYP_F":0,"ELEVTYP_T":0},"geometry":{"type":"LineString","coordinates":[[-74.5241447559175,39.389929205961],[-74.523914952624,39.3898229692363],[-74.5233835178838,39.3896102611566],[-74.5231948780263,39.3895903650013]]}},{"type":"Feature","id":378434,"properties":{"OBJECTID":378434,"PRIMENAME":"Chelsea Road","ELEVTYP_F":0,"ELEVTYP_T":0},"geometry":{"type":"LineString","coordinates":[[-74.5112098133574,39.4402143547171],[-74.5099395082812,39.4393257624988],[-74.5097798684464,39.4392159787385]]}},{"type":"Feature","id":378441,"properties":{"OBJECTID":378441,"PRIMENAME":"Blenheim Avenue","ELEVTYP_F":0,"ELEVTYP_T":0},"geometry":{"type":"LineString","coordinates":[[-74.5051165362631,39.435062375663],[-74.5058034343704,39.4355200136631]]}},{"type":"Feature","id":378491,"properties":{"OBJECTID":378491,"PRIMENAME":"East Village Drive","ELEVTYP_F":0,"ELEVTYP_T":0},"geometry":{"type":"LineString","coordinates":[[-74.4693808891878,39.4434084590156],[-74.4693641044292,39.4434068628884],[-74.4692871927226,39.4434025593183],[-74.4692333702942,39.4433983167553],[-74.4691915870382,39.4433923478267],[-74.4691586585058,39.4433846508006],[-74.4691278912268,39.4433735781526],[-74.4691102962568,39.4433625080943],[-74.469097128826,39.4433488593277],[-74.4690872569243,39.4433309821947],[-74.4690806775637,39.4433156326708],[-74.4690773558314,39.4433003110365],[-74.4690784631368,39.443279004785],[-74.4690817995566,39.4432611041377],[-74.46909058974,39.4432423816113],[-74.4691070643265,39.4432227819476],[-74.4691268666761,39.4432074664534],[-74.469146631887,39.443194677681],[-74.4691796053593,39.4431819185285],[-74.4692048910445,39.4431750611539],[-74.4692345675066,39.4431725431723],[-74.4692631070884,39.4431768069819],[-74.4692960677723,39.4431904609562],[-74.4693213430118,39.4432100437405],[-74.4693377999616,39.4432305033728],[-74.4693488028156,39.4432552169296],[-74.4693586691677,39.4432858880557],[-74.4693685321727,39.4433242204564],[-74.4693740051269,39.4433591737124],[-74.4693808891878,39.4434084590156]]}},{"type":"Feature","id":378494,"properties":{"OBJECTID":378494,"PRIMENAME":"Westcoat Road","ELEVTYP_F":0,"ELEVTYP_T":0},"geometry":{"type":"LineString","coordinates":[[-74.5258114640531,39.4307482740884],[-74.5258311965123,39.4307567399182],[-74.5258723192745,39.4307743819291],[-74.5260556468946,39.4308612284459],[-74.5260836527878,39.4308744954377],[-74.5263693926103,39.4310261552335],[-74.5265768037282,39.4311414246683],[-74.5265828325311,39.4311450084692]]}},{"type":"Feature","id":378511,"properties":{"OBJECTID":378511,"PRIMENAME":"Birch Circle","ELEVTYP_F":0,"ELEVTYP_T":0},"geometry":{"type":"LineString","coordinates":[[-74.489948190512,39.4220717397596],[-74.4908218119855,39.4222688268313],[-74.4909531081773,39.4222984473118]]}},{"type":"Feature","id":378536,"properties":{"OBJECTID":378536,"PRIMENAME":"Pitney Road","ELEVTYP_F":0,"ELEVTYP_T":0},"geometry":{"type":"LineString","coordinates":[[-74.4987504828078,39.4357066350736],[-74.4986011881188,39.4365687366031],[-74.4985348104358,39.4369492075574],[-74.4984873291474,39.4372213541662]]}},{"type":"Feature","id":378559,"properties":{"OBJECTID":378559,"PRIMENAME":"Station Avenue","ELEVTYP_F":0,"ELEVTYP_T":0},"geometry":{"type":"LineString","coordinates":[[-74.5017467042877,39.423618863934],[-74.5024994584778,39.4231240029702]]}},{"type":"Feature","id":378628,"properties":{"OBJECTID":378628,"PRIMENAME":"Upland Avenue","ELEVTYP_F":0,"ELEVTYP_T":0},"geometry":{"type":"LineString","coordinates":[[-74.5000957805788,39.4455542531211],[-74.5001000281826,39.4455476664939],[-74.500108277341,39.4455312723998],[-74.5001125323813,39.4455139868793],[-74.5001126506174,39.4454963895871],[-74.5001086280875,39.4454790706327],[-74.5001005996863,39.4454626107913],[-74.5000888346415,39.4454475620278],[-74.5000737274846,39.4454344289882],[-74.5000557848209,39.4454236520758],[-74.4989496531013,39.4448770602682],[-74.4985389313967,39.4446678764691],[-74.4980018448192,39.4443943307978],[-74.4978757484165,39.4443301089731]]}},{"type":"Feature","id":378669,"properties":{"OBJECTID":378669,"PRIMENAME":"Reed Road","ELEVTYP_F":0,"ELEVTYP_T":0},"geometry":{"type":"LineString","coordinates":[[-74.4935094736701,39.4201807655097],[-74.4929028030865,39.4203882591825],[-74.4926686351582,39.4204683492367]]}},{"type":"Feature","id":378697,"properties":{"OBJECTID":378697,"PRIMENAME":"Holly Road","ELEVTYP_F":0,"ELEVTYP_T":0},"geometry":{"type":"LineString","coordinates":[[-74.5219141972554,39.4255706398135],[-74.5217560183613,39.4255653151551],[-74.5216270767519,39.4255458999476],[-74.5215096129228,39.4255261329649],[-74.5214623065904,39.42551817233],[-74.521254587845,39.4254737587177],[-74.5208605720825,39.4253877262245],[-74.5207270451644,39.4253553915737],[-74.5205740423828,39.4253183400262],[-74.5204487916283,39.4252791890426]]}},{"type":"Feature","id":378705,"properties":{"OBJECTID":378705,"PRIMENAME":"New York Avenue","ELEVTYP_F":0,"ELEVTYP_T":0},"geometry":{"type":"LineString","coordinates":[[-74.5092105841719,39.4408121542571],[-74.5092224205225,39.440816190692],[-74.509273558732,39.4408343901708],[-74.5093239252994,39.440853840436],[-74.5093734693561,39.4408745218436],[-74.5094221408642,39.4408964135064],[-74.5094698906668,39.4409194933148],[-74.5095166705377,39.4409437379591],[-74.5095624332303,39.4409691229534],[-74.5096071325252,39.4409956226598],[-74.5096769697247,39.4410384056341],[-74.5097166138653,39.4410639276497],[-74.5097546152962,39.4410909102148],[-74.5100237833671,39.4412915434844]]}},{"type":"Feature","id":378762,"properties":{"OBJECTID":378762,"PRIMENAME":"New York Avenue","ELEVTYP_F":0,"ELEVTYP_T":0},"geometry":{"type":"LineString","coordinates":[[-74.5100237833671,39.4412915434844],[-74.5111484256197,39.4420678011374],[-74.5115788199276,39.4423685162656]]}},{"type":"Feature","id":378771,"properties":{"OBJECTID":378771,"PRIMENAME":"Ables Run Drive","ELEVTYP_F":0,"ELEVTYP_T":0},"geometry":{"type":"LineString","coordinates":[[-74.5239528705473,39.4295244671798],[-74.5236757379012,39.4300670183305]]}},{"type":"Feature","id":378783,"properties":{"OBJECTID":378783,"PRIMENAME":"Oak Lane","ELEVTYP_F":0,"ELEVTYP_T":0},"geometry":{"type":"LineString","coordinates":[[-74.494428594285,39.4320998933304],[-74.4952306401326,39.4320211838576],[-74.4961040623384,39.4319534808244],[-74.4961314667933,39.4319511207455]]}},{"type":"Feature","id":378794,"properties":{"OBJECTID":378794,"PRIMENAME":"Austin Avenue","ELEVTYP_F":0,"ELEVTYP_T":0},"geometry":{"type":"LineString","coordinates":[[-74.4941381911026,39.4351302401843],[-74.4940168981243,39.4341749718245]]}},{"type":"Feature","id":378842,"properties":{"OBJECTID":378842,"PRIMENAME":"White Horse Pike","ELEVTYP_F":0,"ELEVTYP_T":0},"geometry":{"type":"LineString","coordinates":[[-74.5105570126305,39.4316067591925],[-74.5109927221182,39.431910277135]]}},{"type":"Feature","id":378845,"properties":{"OBJECTID":378845,"PRIMENAME":"Turner Avenue","ELEVTYP_F":0,"ELEVTYP_T":0},"geometry":{"type":"LineString","coordinates":[[-74.4960089656194,39.419879700849],[-74.49599591625,39.4198788563509],[-74.4956179236815,39.4198543787967],[-74.4949222573422,39.4198063297565],[-74.4946613321911,39.4197883065757]]}},{"type":"Feature","id":378947,"properties":{"OBJECTID":378947,"PRIMENAME":"Franklin Boulevard","ELEVTYP_F":0,"ELEVTYP_T":0},"geometry":{"type":"LineString","coordinates":[[-74.4995931873705,39.4156753674875],[-74.4993513137663,39.4160591535831]]}},{"type":"Feature","id":378973,"properties":{"OBJECTID":378973,"PRIMENAME":"Crestview Avenue","ELEVTYP_F":0,"ELEVTYP_T":0},"geometry":{"type":"LineString","coordinates":[[-74.4980518167465,39.4397812602498],[-74.4993822497491,39.4404408044364],[-74.4997789444215,39.4406408801265],[-74.5014620279451,39.441480074442],[-74.503068095886,39.4422773484729],[-74.5045355622999,39.4430089295116],[-74.5057835333471,39.4436270531261],[-74.5071354324609,39.4443078406882],[-74.508244768455,39.4448512926675],[-74.5083795545682,39.4449199516533],[-74.5084604750797,39.4449528113551],[-74.5085292818806,39.4449699935261]]}},{"type":"Feature","id":378998,"properties":{"OBJECTID":378998,"PRIMENAME":"West Church Street","ELEVTYP_F":0,"ELEVTYP_T":0},"geometry":{"type":"LineString","coordinates":[[-74.5039316613879,39.4291575117805],[-74.5033835178871,39.428774951579]]}},{"type":"Feature","id":379011,"properties":{"OBJECTID":379011,"PRIMENAME":"Wellington Avenue","ELEVTYP_F":0,"ELEVTYP_T":0},"geometry":{"type":"LineString","coordinates":[[-74.5160458038153,39.4015766911526],[-74.5161030800616,39.4016459838342],[-74.5171837177667,39.4020757159415],[-74.5171869029692,39.4020769792979]]}},{"type":"Feature","id":379094,"properties":{"OBJECTID":379094,"PRIMENAME":"West Leeds Avenue","ELEVTYP_F":0,"ELEVTYP_T":0},"geometry":{"type":"LineString","coordinates":[[-74.5091290605225,39.4081786059656],[-74.5088164218779,39.4080431737473],[-74.5083315791465,39.407838685935],[-74.5082201596521,39.4078234279666]]}},{"type":"Feature","id":379128,"properties":{"OBJECTID":379128,"PRIMENAME":"4th Street","ELEVTYP_F":0,"ELEVTYP_T":0},"geometry":{"type":"LineString","coordinates":[[-74.483090803159,39.431597882838],[-74.4834586231219,39.4310197040593]]}},{"type":"Feature","id":379168,"properties":{"OBJECTID":379168,"PRIMENAME":"New Jersey Avenue","ELEVTYP_F":0,"ELEVTYP_T":0},"geometry":{"type":"LineString","coordinates":[[-74.5047194117751,39.4287858605408],[-74.5043502676066,39.4284041478209],[-74.5039106703659,39.4279613467987]]}},{"type":"Feature","id":379174,"properties":{"OBJECTID":379174,"PRIMENAME":"Haddon Avenue","ELEVTYP_F":0,"ELEVTYP_T":0},"geometry":{"type":"LineString","coordinates":[[-74.5124624836443,39.4391258018928],[-74.5126691687857,39.4389469568543],[-74.5130931928972,39.4385743265348]]}},{"type":"Feature","id":379189,"properties":{"OBJECTID":379189,"PRIMENAME":"Short Street","ELEVTYP_F":0,"ELEVTYP_T":0},"geometry":{"type":"LineString","coordinates":[[-74.5044401082901,39.4170710969863],[-74.5042632313227,39.4176560971684]]}},{"type":"Feature","id":379223,"properties":{"OBJECTID":379223,"PRIMENAME":"Chelsea Road","ELEVTYP_F":0,"ELEVTYP_T":0},"geometry":{"type":"LineString","coordinates":[[-74.5147567089177,39.4426485402812],[-74.5129621403437,39.4414153883302],[-74.5127984535031,39.4413033572111]]}},{"type":"Feature","id":379258,"properties":{"OBJECTID":379258,"PRIMENAME":"New Road","ELEVTYP_F":0,"ELEVTYP_T":0},"geometry":{"type":"LineString","coordinates":[[-74.5239064598,39.4024696560502],[-74.523869992651,39.4025299858186],[-74.5236942648726,39.4028037902126],[-74.5236014932815,39.4029483393173]]}},{"type":"Feature","id":379263,"properties":{"OBJECTID":379263,"PRIMENAME":"Mill Road","ELEVTYP_F":0,"ELEVTYP_T":0},"geometry":{"type":"LineString","coordinates":[[-74.5013363322625,39.4328068007258],[-74.5011134155893,39.4327698198979],[-74.5008623520189,39.4327137284166],[-74.500496396454,39.4326147229045],[-74.5004346849071,39.4325949821547]]}},{"type":"Feature","id":379265,"properties":{"OBJECTID":379265,"PRIMENAME":"Cedar Hill Drive","ELEVTYP_F":0,"ELEVTYP_T":0},"geometry":{"type":"LineString","coordinates":[[-74.4883866646921,39.4234201721224],[-74.4879765326309,39.4232716182898]]}},{"type":"Feature","id":379277,"properties":{"OBJECTID":379277,"PRIMENAME":"Morton Avenue","ELEVTYP_F":0,"ELEVTYP_T":0},"geometry":{"type":"LineString","coordinates":[[-74.5159574068949,39.4385561501261],[-74.5153158499785,39.4391117059413]]}},{"type":"Feature","id":379313,"properties":{"OBJECTID":379313,"PRIMENAME":"New Jersey Avenue","ELEVTYP_F":0,"ELEVTYP_T":0},"geometry":{"type":"LineString","coordinates":[[-74.507188540354,39.4311311422959],[-74.5070454550442,39.4309974932465],[-74.5067262510128,39.430707105451],[-74.5062472545783,39.4302561337521]]}},{"type":"Feature","id":379337,"properties":{"OBJECTID":379337,"PRIMENAME":"Mill Road","ELEVTYP_F":0,"ELEVTYP_T":0},"geometry":{"type":"LineString","coordinates":[[-74.5083617423422,39.4321907705256],[-74.508288176244,39.4322514274564],[-74.5082030693762,39.432320733721],[-74.5080456332093,39.4324329589889],[-74.5078881950911,39.4325220650492],[-74.5077264706835,39.4326045827401],[-74.5075477493652,39.4326771889234],[-74.5073350035108,39.4327432076421],[-74.507088159232,39.4327960214488],[-74.506858574735,39.4328232023964],[-74.5068370991677,39.4328257448134],[-74.5067373607108,39.4328333011275]]}},{"type":"Feature","id":379347,"properties":{"OBJECTID":379347,"PRIMENAME":"West California Avenue","ELEVTYP_F":0,"ELEVTYP_T":0},"geometry":{"type":"LineString","coordinates":[[-74.5154361323262,39.4156129740038],[-74.5150288788859,39.4154741021887],[-74.5145789149832,39.4153242751592],[-74.5141742669432,39.415200193876],[-74.5140081754661,39.4151533732384],[-74.5139740903165,39.4151447945049],[-74.5139126049038,39.4151293189052],[-74.5136639575309,39.4150667345925],[-74.5132442038934,39.4149731016245],[-74.5129434158397,39.4149161057619]]}},{"type":"Feature","id":379400,"properties":{"OBJECTID":379400,"PRIMENAME":"Elm Avenue","ELEVTYP_F":0,"ELEVTYP_T":0},"geometry":{"type":"LineString","coordinates":[[-74.5048987862509,39.4452133560731],[-74.5042605196503,39.4452585417487]]}},{"type":"Feature","id":379447,"properties":{"OBJECTID":379447,"PRIMENAME":"Breakers Avenue","ELEVTYP_F":0,"ELEVTYP_T":0},"geometry":{"type":"LineString","coordinates":[[-74.5156942462318,39.4413824059334],[-74.5142715829667,39.4404100850083],[-74.5140192185889,39.4402379922673]]}},{"type":"Feature","id":379548,"properties":{"OBJECTID":379548,"PRIMENAME":"North New Road","ELEVTYP_F":0,"ELEVTYP_T":0},"geometry":{"type":"LineString","coordinates":[[-74.5277367424158,39.3963025594072],[-74.5272180728046,39.3971333529133],[-74.5271244949683,39.397283424381]]}},{"type":"Feature","id":379576,"properties":{"OBJECTID":379576,"PRIMENAME":"New York Road","ELEVTYP_F":0,"ELEVTYP_T":0},"geometry":{"type":"LineString","coordinates":[[-74.474425723707,39.4467809588477],[-74.4741018958334,39.4471002861147],[-74.4738380420097,39.447357657498]]}},{"type":"Feature","id":379621,"properties":{"OBJECTID":379621,"PRIMENAME":"New Jersey Avenue","ELEVTYP_F":0,"ELEVTYP_T":0},"geometry":{"type":"LineString","coordinates":[[-74.5109403595959,39.4339657220471],[-74.5102501127646,39.4334921073688],[-74.5094287173778,39.4329212490686],[-74.5093606245874,39.4328750724371],[-74.5092202020061,39.4328552877096]]}},{"type":"Feature","id":379638,"properties":{"OBJECTID":379638,"PRIMENAME":"East Wyoming Avenue","ELEVTYP_F":0,"ELEVTYP_T":0},"geometry":{"type":"LineString","coordinates":[[-74.4902483995767,39.4328973904364],[-74.4899581029417,39.4329212251913],[-74.489729271726,39.4329360323581],[-74.4895920035224,39.4329330547315],[-74.4893707158789,39.4329389646818]]}},{"type":"Feature","id":379675,"properties":{"OBJECTID":379675,"PRIMENAME":"New Jersey Avenue","ELEVTYP_F":0,"ELEVTYP_T":0},"geometry":{"type":"LineString","coordinates":[[-74.5085761443424,39.4323618363637],[-74.5084839395061,39.4322910601834],[-74.5083617423422,39.4321907705256]]}},{"type":"Feature","id":379787,"properties":{"OBJECTID":379787,"PRIMENAME":"Stone Circle","ELEVTYP_F":0,"ELEVTYP_T":0},"geometry":{"type":"LineString","coordinates":[[-74.4927977910491,39.4312960725894],[-74.4928141120349,39.4313114493306],[-74.4928432070839,39.4313824259496],[-74.4928847929866,39.43153077472],[-74.4929227021495,39.4316494698593],[-74.4930012044614,39.4318952656063]]}},{"type":"Feature","id":379792,"properties":{"OBJECTID":379792,"PRIMENAME":"Ohio Avenue","ELEVTYP_F":0,"ELEVTYP_T":0},"geometry":{"type":"LineString","coordinates":[[-74.5070999453111,39.4268276029839],[-74.5068387302654,39.4266986007508],[-74.5063307828475,39.4264460579779]]}},{"type":"Feature","id":379809,"properties":{"OBJECTID":379809,"PRIMENAME":"Mill Road","ELEVTYP_F":0,"ELEVTYP_T":0},"geometry":{"type":"LineString","coordinates":[[-74.5263694383027,39.4046962861411],[-74.5263279931002,39.4051208843918],[-74.5262839728585,39.4054520113927],[-74.526200798959,39.4060776357587],[-74.5261534809612,39.4064398627038]]}},{"type":"Feature","id":379871,"properties":{"OBJECTID":379871,"PRIMENAME":"Shelburne Avenue","ELEVTYP_F":0,"ELEVTYP_T":0},"geometry":{"type":"LineString","coordinates":[[-74.5094145814354,39.4360165178934],[-74.510369621364,39.4366806066303],[-74.5108581243872,39.4370173144881]]}},{"type":"Feature","id":379935,"properties":{"OBJECTID":379935,"PRIMENAME":"Lavender Lane","ELEVTYP_F":0,"ELEVTYP_T":0},"geometry":{"type":"LineString","coordinates":[[-74.507509758531,39.4458559701347],[-74.5084144124094,39.4464937458613],[-74.5091193324459,39.446980438869],[-74.5093895599203,39.4471713753469],[-74.509419485366,39.4471868314899],[-74.5094297380372,39.4471907842533],[-74.5094334387127,39.4471922117151],[-74.5094533776976,39.4471961087417],[-74.5094802920951,39.4471976442095],[-74.5095042306895,39.4471968729754],[-74.5095301877314,39.4471899248116],[-74.5095600743424,39.4471760014541],[-74.5096099302069,39.4471326987741],[-74.5096817393498,39.4470661942407],[-74.509947977469,39.4468388603469],[-74.5099858650079,39.4468056078095],[-74.5100067907537,39.4467800990642],[-74.5100177653804,39.4467630748718],[-74.5100187547112,39.4467429771215],[-74.5100177596198,39.446722879542],[-74.5100095396496,39.4467069514697],[-74.5100057870305,39.4466996796645],[-74.5099918317443,39.4466803515784],[-74.509967889914,39.4466571527246],[-74.5099100544417,39.4466138590938],[-74.5093118402002,39.4462010204451],[-74.5080990344294,39.4453501297846]]}},{"type":"Feature","id":379937,"properties":{"OBJECTID":379937,"PRIMENAME":"New York Road","ELEVTYP_F":0,"ELEVTYP_T":0},"geometry":{"type":"LineString","coordinates":[[-74.4780336219892,39.4418513614813],[-74.4777681880491,39.4423996964263],[-74.4777244965901,39.442493616864]]}},{"type":"Feature","id":379967,"properties":{"OBJECTID":379967,"PRIMENAME":"Atlantic City Expressway","ELEVTYP_F":0,"ELEVTYP_T":0},"geometry":{"type":"LineString","coordinates":[[-74.5182896226099,39.3990642236634],[-74.5187146668039,39.3992883390623],[-74.5199021426061,39.3999114331805],[-74.520146506484,39.4000396682403],[-74.5202084424215,39.400072258477],[-74.5204966073972,39.4002238862533]]}},{"type":"Feature","id":380005,"properties":{"OBJECTID":380005,"PRIMENAME":"Ritz Drive","ELEVTYP_F":0,"ELEVTYP_T":0},"geometry":{"type":"LineString","coordinates":[[-74.5140723149877,39.4431386667021],[-74.5141349505258,39.4431066997358],[-74.5143871864613,39.4429473124412],[-74.5146347053463,39.4427589303394],[-74.5147567089177,39.4426485402812]]}},{"type":"Feature","id":380020,"properties":{"OBJECTID":380020,"PRIMENAME":"South Shore Road","ELEVTYP_F":0,"ELEVTYP_T":0},"geometry":{"type":"LineString","coordinates":[[-74.4997215437254,39.4230678538631],[-74.4997026129,39.4231651384067],[-74.4996826726988,39.4232675989391]]}},{"type":"Feature","id":380033,"properties":{"OBJECTID":380033,"PRIMENAME":"Stoney Brook Drive","ELEVTYP_F":0,"ELEVTYP_T":0},"geometry":{"type":"LineString","coordinates":[[-74.4955576479396,39.4400517597724],[-74.4954213831845,39.4401022171554],[-74.4952760616228,39.4401147315288],[-74.4941780747312,39.4401605882086],[-74.4939950738797,39.4402064862403],[-74.4937959244492,39.4402815959789],[-74.4936882772082,39.4402941103707],[-74.4934837499442,39.4403024458843],[-74.4932953660316,39.4403233021505],[-74.4928647767274,39.4404025701211],[-74.4926064263342,39.4404067273852],[-74.4921252553565,39.440430574148]]}},{"type":"Feature","id":380107,"properties":{"OBJECTID":380107,"PRIMENAME":"Hillside Avenue","ELEVTYP_F":0,"ELEVTYP_T":0},"geometry":{"type":"LineString","coordinates":[[-74.4891523699708,39.4384028192908],[-74.4905714993822,39.438462809053],[-74.4906336849411,39.4384654380989],[-74.4909830969638,39.4384751303593],[-74.4910817465178,39.4384741768116],[-74.4911231757804,39.4384691553311],[-74.4911516798147,39.4384651219294],[-74.4911763255548,39.4384540863288],[-74.4911996267965,39.438437009873]]}},{"type":"Feature","id":380108,"properties":{"OBJECTID":380108,"PRIMENAME":"Morton Avenue","ELEVTYP_F":0,"ELEVTYP_T":0},"geometry":{"type":"LineString","coordinates":[[-74.5165717652032,39.4380245909457],[-74.5162465722548,39.4383057523317],[-74.5162406209019,39.4383108976177],[-74.5159574068949,39.4385561501261]]}},{"type":"Feature","id":380110,"properties":{"OBJECTID":380110,"PRIMENAME":"Delaware Avenue","ELEVTYP_F":0,"ELEVTYP_T":0},"geometry":{"type":"LineString","coordinates":[[-74.5023307441435,39.4297019608557],[-74.5025017155564,39.4298199925826],[-74.5028846249536,39.4300846357122]]}},{"type":"Feature","id":380130,"properties":{"OBJECTID":380130,"PRIMENAME":"Pitney Road","ELEVTYP_F":0,"ELEVTYP_T":0},"geometry":{"type":"LineString","coordinates":[[-74.4974015361843,39.4435617206823],[-74.4973392220831,39.4439417618069],[-74.4973318593183,39.4439848827756]]}},{"type":"Feature","id":380165,"properties":{"OBJECTID":380165,"PRIMENAME":"Pleasant Avenue","ELEVTYP_F":0,"ELEVTYP_T":0},"geometry":{"type":"LineString","coordinates":[[-74.5226941897631,39.4274609195363],[-74.5232769168966,39.4274465014895],[-74.5233234831333,39.427445824669],[-74.5249730560497,39.4274386640486],[-74.5249989950156,39.4274384521936],[-74.5264409794618,39.4274212478558],[-74.5273518822986,39.4274192977785],[-74.5274182205883,39.4274175472207],[-74.527739427458,39.4274012629811]]}},{"type":"Feature","id":380184,"properties":{"OBJECTID":380184,"PRIMENAME":"Creek Court","ELEVTYP_F":0,"ELEVTYP_T":0},"geometry":{"type":"LineString","coordinates":[[-74.4834586231219,39.4310197040593],[-74.4836553863493,39.4310944134842],[-74.4837676816268,39.4311363550789],[-74.4838758385552,39.4311621789016],[-74.4840047421443,39.4311847662059],[-74.484196065427,39.4312138133832],[-74.4844165267035,39.4312396798289],[-74.4845870319773,39.4312654843005],[-74.4847450754483,39.4312881016648],[-74.4847570412256,39.4312920018897]]}},{"type":"Feature","id":380216,"properties":{"OBJECTID":380216,"PRIMENAME":"North New Road","ELEVTYP_F":0,"ELEVTYP_T":0},"geometry":{"type":"LineString","coordinates":[[-74.5232985186821,39.4034204067508],[-74.5232729443049,39.4034602237577],[-74.5230832125299,39.4037809149762]]}},{"type":"Feature","id":380288,"properties":{"OBJECTID":380288,"PRIMENAME":"Park Avenue","ELEVTYP_F":0,"ELEVTYP_T":0},"geometry":{"type":"LineString","coordinates":[[-74.4928422165766,39.4199532220359],[-74.4931501448602,39.4200644939221],[-74.4934009422199,39.4201429519134],[-74.4935094736701,39.4201807655097]]}},{"type":"Feature","id":380384,"properties":{"OBJECTID":380384,"PRIMENAME":"Shore Road","ELEVTYP_F":0,"ELEVTYP_T":0},"geometry":{"type":"LineString","coordinates":[[-74.4867055884543,39.434697355141],[-74.4863761203045,39.4349144967464],[-74.4858885720831,39.4352409500036]]}},{"type":"Feature","id":380508,"properties":{"OBJECTID":380508,"PRIMENAME":"South Shore Road","ELEVTYP_F":0,"ELEVTYP_T":0},"geometry":{"type":"LineString","coordinates":[[-74.5015716414839,39.4171607531063],[-74.5014082496837,39.4174224693709],[-74.5011637973219,39.4178176533791]]}},{"type":"Feature","id":380514,"properties":{"OBJECTID":380514,"PRIMENAME":"New York Road","ELEVTYP_F":0,"ELEVTYP_T":0},"geometry":{"type":"LineString","coordinates":[[-74.4827263412696,39.4373315734804],[-74.482373121546,39.4375645973955],[-74.4823349118735,39.4375900571499]]}},{"type":"Feature","id":380587,"properties":{"OBJECTID":380587,"PRIMENAME":"Euclid Drive","ELEVTYP_F":0,"ELEVTYP_T":0},"geometry":{"type":"LineString","coordinates":[[-74.4943005351598,39.4255394524228],[-74.4942986215155,39.4255619939368],[-74.4942783679005,39.42559960853],[-74.4942621869555,39.4256309897875],[-74.4942176813851,39.4256968828717],[-74.4941691032821,39.4257659060125],[-74.4941488850146,39.4258098631128],[-74.4941367376767,39.425856895045],[-74.4941205494918,39.4259730072822],[-74.4941147299779,39.4261300307478]]}},{"type":"Feature","id":380600,"properties":{"OBJECTID":380600,"PRIMENAME":"East Village Drive","ELEVTYP_F":0,"ELEVTYP_T":0},"geometry":{"type":"LineString","coordinates":[[-74.4725319143072,39.4441884177813],[-74.4725154722165,39.4441804085179],[-74.4723826827951,39.4440820830388],[-74.4722408668527,39.4439743653483],[-74.4720718652396,39.4438409151067],[-74.4719843191556,39.4437753556911],[-74.471911886175,39.4437261916567],[-74.4718304231576,39.4436816924181],[-74.4717398540709,39.4436488877555],[-74.4716372065878,39.4436231360185],[-74.4716008264776,39.4436171395467],[-74.4715376015871,39.4436067198918],[-74.4714198627028,39.443594995079],[-74.4712659721387,39.4435785653692],[-74.4710908329521,39.4435668260302],[-74.4706742691364,39.4435292432099],[-74.4698742866811,39.4434611673491],[-74.4694667577337,39.4434166364996],[-74.4693808891878,39.4434084590156]]}},{"type":"Feature","id":380638,"properties":{"OBJECTID":380638,"PRIMENAME":"West Colorado Avenue","ELEVTYP_F":0,"ELEVTYP_T":0},"geometry":{"type":"LineString","coordinates":[[-74.5019701343572,39.4165211756922],[-74.5024894228603,39.4166784365631],[-74.5027431567457,39.4167567635983],[-74.5029140232237,39.416798933137],[-74.5044401082901,39.4170710969863]]}},{"type":"Feature","id":380644,"properties":{"OBJECTID":380644,"PRIMENAME":"Lazy Lane","ELEVTYP_F":0,"ELEVTYP_T":0},"geometry":{"type":"LineString","coordinates":[[-74.48088002504,39.4318643075037],[-74.4807144981646,39.4321422485931],[-74.4804286859603,39.4325910029847]]}},{"type":"Feature","id":380913,"properties":{"OBJECTID":380913,"PRIMENAME":"West California Avenue","ELEVTYP_F":0,"ELEVTYP_T":0},"geometry":{"type":"LineString","coordinates":[[-74.5160508963908,39.4158226017877],[-74.5160504573752,39.4158224523153],[-74.5154361323262,39.4156129740038]]}},{"type":"Feature","id":380940,"properties":{"OBJECTID":380940,"PRIMENAME":"Oak Drive","ELEVTYP_F":0,"ELEVTYP_T":0},"geometry":{"type":"LineString","coordinates":[[-74.5008164848869,39.4282543144861],[-74.5008324531221,39.4283085686028],[-74.500851287819,39.4283439869865],[-74.5008754689219,39.4283669130446],[-74.5009120761032,39.4283870384162],[-74.5009291054257,39.4283916782972],[-74.5009551621147,39.4283901133976],[-74.5009792010969,39.4283800089336],[-74.5010032759123,39.4283582634376],[-74.5010205880517,39.4283221034086],[-74.5010403415077,39.4282719944807],[-74.5010483776514,39.4282385801656],[-74.5010463598015,39.4282206786027],[-74.5010407306343,39.4281949797549],[-74.5010212932597,39.4281740858917],[-74.5009952713544,39.4281655465419],[-74.5009621700529,39.4281663161036],[-74.5009150829386,39.4281810877888],[-74.5008729882031,39.428206732063],[-74.5008164848869,39.4282543144861]]}},{"type":"Feature","id":381012,"properties":{"OBJECTID":381012,"PRIMENAME":"North New Road","ELEVTYP_F":0,"ELEVTYP_T":0},"geometry":{"type":"LineString","coordinates":[[-74.5141851801041,39.4124284303571],[-74.514176502708,39.4124322508137],[-74.5140093821216,39.4125197479023],[-74.5139476628217,39.4125603012985],[-74.5138465477479,39.412626737585],[-74.5137170186538,39.4127239764423],[-74.5136209392296,39.4128244234999],[-74.5135081951104,39.4129605657714],[-74.5134037304062,39.4130902275117],[-74.5132909549586,39.4132554465402],[-74.5132006921829,39.4133987256848],[-74.513107163305,39.4135471919383],[-74.512975507529,39.4137636980988]]}},{"type":"Feature","id":381017,"properties":{"OBJECTID":381017,"PRIMENAME":"Weilers Lane","ELEVTYP_F":0,"ELEVTYP_T":0},"geometry":{"type":"LineString","coordinates":[[-74.4850510707021,39.4307523382171],[-74.4850530016331,39.4307559263465],[-74.4850654538347,39.430804306242],[-74.4850446605973,39.430852681867],[-74.4849739372567,39.4309429769241],[-74.4848199757829,39.4312010195454],[-74.4847570412256,39.4312920018897]]}},{"type":"Feature","id":381032,"properties":{"OBJECTID":381032,"PRIMENAME":"Absecon Boulevard","ELEVTYP_F":0,"ELEVTYP_T":0},"geometry":{"type":"LineString","coordinates":[[-74.4972328018278,39.4199587635924],[-74.4971523768992,39.419889269405],[-74.4969655099031,39.4197532447199],[-74.4967557760205,39.4196141996134],[-74.4965460406413,39.4194988496821],[-74.4963058291937,39.419377566636],[-74.4960693321837,39.4192858546963],[-74.4957147133492,39.4191468297432],[-74.4954645285551,39.4190574977823],[-74.4952342197466,39.4189752635052],[-74.49456686194,39.4187445176173],[-74.4943638955299,39.4186714395242],[-74.4938766438573,39.418496002002],[-74.4937032951912,39.4184333600834],[-74.493541075859,39.4183747360949],[-74.4933122679898,39.4182741505784],[-74.4931254087126,39.4181794421179],[-74.4929156844785,39.418067050149],[-74.4926983524382,39.4179250867373],[-74.4926373102875,39.4178794915647],[-74.4924924212873,39.4177712628088],[-74.4924057726655,39.4176931946937],[-74.4923742031056,39.4176647516467],[-74.492221686785,39.4175286945116],[-74.4921920977618,39.4174977491221]]}},{"type":"Feature","id":381055,"properties":{"OBJECTID":381055,"PRIMENAME":"Oakborne Avenue","ELEVTYP_F":0,"ELEVTYP_T":0},"geometry":{"type":"LineString","coordinates":[[-74.5246842909609,39.445366489936],[-74.5244932655506,39.4452319396217],[-74.5238525456432,39.4447956819269],[-74.5232988934576,39.4444124484688],[-74.5227203798062,39.4440026950527],[-74.5223906977422,39.4437785227727]]}},{"type":"Feature","id":381156,"properties":{"OBJECTID":381156,"PRIMENAME":"Atlantic City Expressway","ELEVTYP_F":0,"ELEVTYP_T":0},"geometry":{"type":"LineString","coordinates":[[-74.5122787821655,39.3951072159005],[-74.5124817177731,39.3953118453189],[-74.5127131903895,39.3955413019287],[-74.5129318156637,39.3957574158856],[-74.5131648540068,39.395968755333],[-74.5132104669315,39.3960101222942],[-74.5133905099206,39.3961564724692],[-74.5135019642528,39.3962561822032],[-74.5136068469048,39.3963402438293],[-74.513630581511,39.3963592669335],[-74.5138191896934,39.3964989161525],[-74.5140035176622,39.3966485320735],[-74.514222137549,39.3968014936013],[-74.5144664894011,39.3969743845076],[-74.5146550953388,39.3970874271119],[-74.514803318342,39.3971790858653]]}},{"type":"Feature","id":381164,"properties":{"OBJECTID":381164,"PRIMENAME":"West White Horse Pike","ELEVTYP_F":0,"ELEVTYP_T":0},"geometry":{"type":"LineString","coordinates":[[-74.5114624420268,39.432105584363],[-74.5111551249359,39.431898647675]]}},{"type":"Feature","id":381169,"properties":{"OBJECTID":381169,"PRIMENAME":"Mill Road","ELEVTYP_F":0,"ELEVTYP_T":0},"geometry":{"type":"LineString","coordinates":[[-74.5004346849071,39.4325949821547],[-74.5003124328158,39.4325558194364],[-74.5001048796426,39.4324893300771],[-74.49970911514,39.4323540253338],[-74.4995729096986,39.4322946361725],[-74.4995091091393,39.4322517218816],[-74.4993565470765,39.4321234177062]]}},{"type":"Feature","id":381204,"properties":{"OBJECTID":381204,"PRIMENAME":"Woods Road","ELEVTYP_F":0,"ELEVTYP_T":0},"geometry":{"type":"LineString","coordinates":[[-74.4926686351582,39.4204683492367],[-74.4927495772678,39.4206324062605],[-74.4927940645253,39.4207265570679],[-74.4928264153536,39.420773647501],[-74.4928628379303,39.4208112644579],[-74.4929356500372,39.4208583573343],[-74.4930165343604,39.4209022924437],[-74.4931095964925,39.4209430709134],[-74.4932511902488,39.421012104832],[-74.493360393057,39.4210748761722],[-74.4934291701553,39.4211188103017],[-74.4934736284753,39.421162743029],[-74.4935262620572,39.4212317715872],[-74.4935667177069,39.4213070870337],[-74.4935950296682,39.4213949220193],[-74.4936071628406,39.421498515608],[-74.4935909413711,39.4215863481368],[-74.4935545067354,39.4216710762878],[-74.493493856887,39.4217620636358],[-74.4933886359158,39.4218906910623],[-74.4932794134321,39.4220193460846],[-74.4931661246329,39.4220977820593],[-74.4931491459483,39.4221069376938],[-74.4930730159244,39.4221479943569],[-74.4929961927783,39.422185632392],[-74.4928990870377,39.4222044892606],[-74.4928141246716,39.4222170042653],[-74.4927291632504,39.4222201292681],[-74.4926401665023,39.4222169933933],[-74.4925389941524,39.422195021842],[-74.4924500361586,39.4221667634111],[-74.4923165474246,39.4221102763109],[-74.4922465285791,39.4220759511836]]}},{"type":"Feature","id":381298,"properties":{"OBJECTID":381298,"PRIMENAME":"Davis Avenue","ELEVTYP_F":0,"ELEVTYP_T":0},"geometry":{"type":"LineString","coordinates":[[-74.4890805343095,39.4388390471866],[-74.4890150577927,39.4395142391377]]}},{"type":"Feature","id":381305,"properties":{"OBJECTID":381305,"PRIMENAME":"Pennsylvania Avenue","ELEVTYP_F":0,"ELEVTYP_T":0},"geometry":{"type":"LineString","coordinates":[[-74.4903370961135,39.4336327078144],[-74.4919903390337,39.4334950571673],[-74.4931549653352,39.4333951347853],[-74.4938948901783,39.4333308184208]]}},{"type":"Feature","id":381310,"properties":{"OBJECTID":381310,"PRIMENAME":"Seaside Avenue","ELEVTYP_F":0,"ELEVTYP_T":0},"geometry":{"type":"LineString","coordinates":[[-74.508345869973,39.4332881495313],[-74.5091720761996,39.4338622822579]]}},{"type":"Feature","id":381321,"properties":{"OBJECTID":381321,"PRIMENAME":"Cedarcrest Avenue","ELEVTYP_F":0,"ELEVTYP_T":0},"geometry":{"type":"LineString","coordinates":[[-74.5025633961945,39.4087426040022],[-74.5017198493952,39.4083864270516]]}},{"type":"Feature","id":381341,"properties":{"OBJECTID":381341,"PRIMENAME":"Saint Charles Avenue","ELEVTYP_F":0,"ELEVTYP_T":0},"geometry":{"type":"LineString","coordinates":[[-74.512132657033,39.4359120140389],[-74.5115903999727,39.4363878338618],[-74.5114962635991,39.436468729448]]}},{"type":"Feature","id":381363,"properties":{"OBJECTID":381363,"PRIMENAME":"East Wyoming Avenue","ELEVTYP_F":0,"ELEVTYP_T":0},"geometry":{"type":"LineString","coordinates":[[-74.4971237252226,39.432306133471],[-74.4969153264543,39.4323241396017],[-74.4961448960832,39.4323921809701],[-74.4953591333876,39.4324601886998],[-74.4946954847921,39.4325163368383],[-74.4944937768923,39.4325328012718]]}},{"type":"Feature","id":381372,"properties":{"OBJECTID":381372,"PRIMENAME":"Reed Road","ELEVTYP_F":0,"ELEVTYP_T":0},"geometry":{"type":"LineString","coordinates":[[-74.489948190512,39.4220717397596],[-74.4898239081557,39.4222479443672]]}},{"type":"Feature","id":381396,"properties":{"OBJECTID":381396,"PRIMENAME":"Unnamed Segment","ELEVTYP_F":0,"ELEVTYP_T":0},"geometry":{"type":"LineString","coordinates":[[-74.4975051729611,39.4375427824261],[-74.4974613554048,39.4375398268626],[-74.4973375683908,39.4375398240977],[-74.4972353095903,39.43754399511],[-74.4965363620078,39.4376406229947]]}},{"type":"Feature","id":381451,"properties":{"OBJECTID":381451,"PRIMENAME":"North New Road","ELEVTYP_F":0,"ELEVTYP_T":0},"geometry":{"type":"LineString","coordinates":[[-74.5227991032894,39.4042510657936],[-74.5227511018505,39.4043256472529],[-74.5224796673287,39.4047145937037],[-74.5222058931907,39.4050987089373]]}},{"type":"Feature","id":381485,"properties":{"OBJECTID":381485,"PRIMENAME":"South New Road","ELEVTYP_F":0,"ELEVTYP_T":0},"geometry":{"type":"LineString","coordinates":[[-74.5123712187138,39.4148145261254],[-74.5120397217315,39.4154016085254],[-74.5117804809794,39.4158601031866],[-74.5112794158486,39.4167377284844],[-74.5112620203739,39.4167681943559],[-74.5111247860071,39.4170107860356],[-74.5106139181424,39.4179070675164],[-74.5101106836884,39.4188033180276],[-74.5100208801967,39.4189646708937]]}},{"type":"Feature","id":381506,"properties":{"OBJECTID":381506,"PRIMENAME":"Pine Street","ELEVTYP_F":0,"ELEVTYP_T":0},"geometry":{"type":"LineString","coordinates":[[-74.4967189657246,39.4308447833071],[-74.4968236939994,39.4308310310152],[-74.4970649078106,39.4308052276613],[-74.4972479158778,39.4308148697767],[-74.4975848270601,39.4308536179033],[-74.4995410528101,39.4310514105828]]}},{"type":"Feature","id":381533,"properties":{"OBJECTID":381533,"PRIMENAME":"Shore Road","ELEVTYP_F":0,"ELEVTYP_T":0},"geometry":{"type":"LineString","coordinates":[[-74.4933326090693,39.4303123142466],[-74.49255588317,39.4308272943395],[-74.4924371977028,39.4309058120128]]}},{"type":"Feature","id":381552,"properties":{"OBJECTID":381552,"PRIMENAME":"Weilers Lane East","ELEVTYP_F":0,"ELEVTYP_T":0},"geometry":{"type":"LineString","coordinates":[[-74.483879246478,39.4303511722619],[-74.4840049228016,39.4303945162283],[-74.4842295102035,39.4304848780891],[-74.484329342354,39.4305268453806],[-74.4844083252674,39.4305493975806],[-74.4844748855856,39.4305494064817],[-74.4845622277481,39.4305591097979],[-74.4846620632918,39.4305816925154],[-74.4847701829854,39.4306107277525],[-74.4848616966934,39.4306462410756],[-74.4849365377337,39.4306688473262],[-74.4849905959708,39.4306913959005],[-74.4850321910176,39.4307172379686],[-74.4850510707021,39.4307523382171]]}},{"type":"Feature","id":381620,"properties":{"OBJECTID":381620,"PRIMENAME":"West Decatur Avenue","ELEVTYP_F":0,"ELEVTYP_T":0},"geometry":{"type":"LineString","coordinates":[[-74.5279847655964,39.3903296083812],[-74.5280874683005,39.3903669877582],[-74.5283533045801,39.3904637426978],[-74.530008992411,39.3910722868691],[-74.5306936067187,39.3913271351348],[-74.5307222627861,39.3913349452563],[-74.5307524212584,39.3913377373904],[-74.5308117293745,39.3913381630933]]}},{"type":"Feature","id":381621,"properties":{"OBJECTID":381621,"PRIMENAME":"New York Road","ELEVTYP_F":0,"ELEVTYP_T":0},"geometry":{"type":"LineString","coordinates":[[-74.4732168736667,39.4479654544064],[-74.4729887592731,39.4481896368139],[-74.4727130288535,39.4484586717482],[-74.4722500710432,39.4488886112105],[-74.4721173165888,39.4490336580466],[-74.4718677671091,39.4492652475239],[-74.4715296711608,39.4496020538893]]}},{"type":"Feature","id":381636,"properties":{"OBJECTID":381636,"PRIMENAME":"Marlborough Avenue","ELEVTYP_F":0,"ELEVTYP_T":0},"geometry":{"type":"LineString","coordinates":[[-74.5114962635991,39.436468729448],[-74.5106583571055,39.4358862128204],[-74.5095909697175,39.4351559108123]]}},{"type":"Feature","id":381639,"properties":{"OBJECTID":381639,"PRIMENAME":"Black Horse Pike","ELEVTYP_F":0,"ELEVTYP_T":0},"geometry":{"type":"LineString","coordinates":[[-74.5136301139188,39.3861354497303],[-74.5133670409693,39.38610448173],[-74.5129555060913,39.3860874228883],[-74.5127428592642,39.386089642539]]}},{"type":"Feature","id":381730,"properties":{"OBJECTID":381730,"PRIMENAME":"Alameda Avenue","ELEVTYP_F":0,"ELEVTYP_T":0},"geometry":{"type":"LineString","coordinates":[[-74.5031032798164,39.432385613967],[-74.5032217726796,39.4321643395001],[-74.5032826050191,39.432054345794],[-74.5038378030727,39.431050469808],[-74.5038506186661,39.4310274332593]]}},{"type":"Feature","id":381748,"properties":{"OBJECTID":381748,"PRIMENAME":"North 3rd Street","ELEVTYP_F":0,"ELEVTYP_T":0},"geometry":{"type":"LineString","coordinates":[[-74.5240712717713,39.3977919342731],[-74.5236902303324,39.3984083829811],[-74.5235536292845,39.3986144452489],[-74.5235028986242,39.3986659085159],[-74.5234674063247,39.3986923803928]]}},{"type":"Feature","id":381831,"properties":{"OBJECTID":381831,"PRIMENAME":"Hobart Avenue","ELEVTYP_F":0,"ELEVTYP_T":0},"geometry":{"type":"LineString","coordinates":[[-74.4941381911026,39.4351302401843],[-74.4946355928284,39.4350885851507],[-74.4951776212018,39.4350424105435]]}},{"type":"Feature","id":381871,"properties":{"OBJECTID":381871,"PRIMENAME":"Black Horse Pike","ELEVTYP_F":0,"ELEVTYP_T":0},"geometry":{"type":"LineString","coordinates":[[-74.5160442685774,39.3870001620336],[-74.5155489407947,39.3868188782171]]}},{"type":"Feature","id":381913,"properties":{"OBJECTID":381913,"PRIMENAME":"Birch Hill","ELEVTYP_F":0,"ELEVTYP_T":0},"geometry":{"type":"LineString","coordinates":[[-74.4888250705039,39.4218818036049],[-74.4898239081557,39.4222479443672]]}},{"type":"Feature","id":381927,"properties":{"OBJECTID":381927,"PRIMENAME":"White Horse Pike","ELEVTYP_F":0,"ELEVTYP_T":0},"geometry":{"type":"LineString","coordinates":[[-74.5126340763555,39.4330536146064],[-74.5141925820089,39.4341391733429]]}},{"type":"Feature","id":381934,"properties":{"OBJECTID":381934,"PRIMENAME":"Hammell Lane","ELEVTYP_F":0,"ELEVTYP_T":0},"geometry":{"type":"LineString","coordinates":[[-74.4878521037249,39.4381274611018],[-74.4878300141955,39.4385006520154],[-74.4878258597754,39.4385683870506]]}},{"type":"Feature","id":381944,"properties":{"OBJECTID":381944,"PRIMENAME":"Ritz Drive","ELEVTYP_F":0,"ELEVTYP_T":0},"geometry":{"type":"LineString","coordinates":[[-74.5156942462318,39.4413824059334],[-74.5161498825594,39.4406735855585]]}},{"type":"Feature","id":381965,"properties":{"OBJECTID":381965,"PRIMENAME":"Black Horse Pike","ELEVTYP_F":0,"ELEVTYP_T":0},"geometry":{"type":"LineString","coordinates":[[-74.5144147974994,39.3863462589749],[-74.5144108666248,39.3863449037494],[-74.51421954085,39.3862761489799],[-74.5140424068102,39.3862255127893],[-74.5139024260886,39.3861893424366],[-74.513715883739,39.3861495516714],[-74.5136301139188,39.3861354497303]]}},{"type":"Feature","id":381966,"properties":{"OBJECTID":381966,"PRIMENAME":"Absecon Boulevard","ELEVTYP_F":0,"ELEVTYP_T":0},"geometry":{"type":"LineString","coordinates":[[-74.4923876361923,39.3986192167292],[-74.4923724651239,39.3988408449764],[-74.4923495347643,39.3991573354349],[-74.4923255556622,39.3995277551117],[-74.4923030231198,39.3998758529442],[-74.4922846273084,39.4001600435227],[-74.4922196839677,39.4011450154817],[-74.492150955273,39.4021151876864],[-74.4921166021387,39.402638726746],[-74.4920898768131,39.402999613668],[-74.4920325832181,39.4039047140693],[-74.4919638412665,39.4049340540286],[-74.4919510409312,39.4051450841993]]}},{"type":"Feature","id":381972,"properties":{"OBJECTID":381972,"PRIMENAME":"Ohio Avenue","ELEVTYP_F":0,"ELEVTYP_T":0},"geometry":{"type":"LineString","coordinates":[[-74.5116503294322,39.4290671849903],[-74.5109592958541,39.4287284130064],[-74.5101531648438,39.4283369844854],[-74.5097883806133,39.4281553642124],[-74.5093000941341,39.4279122506682],[-74.508458752657,39.4274996173536],[-74.5078148168291,39.4271809911573],[-74.507453106722,39.4270020116678],[-74.5070999453111,39.4268276029839]]}},{"type":"Feature","id":381987,"properties":{"OBJECTID":381987,"PRIMENAME":"South Shore Road","ELEVTYP_F":0,"ELEVTYP_T":0},"geometry":{"type":"LineString","coordinates":[[-74.5031098210199,39.4146859334112],[-74.5030593496002,39.4147692093198],[-74.5029178420049,39.4149965805861]]}},{"type":"Feature","id":381998,"properties":{"OBJECTID":381998,"PRIMENAME":"West Church Street","ELEVTYP_F":0,"ELEVTYP_T":0},"geometry":{"type":"LineString","coordinates":[[-74.5046267807667,39.4296398406096],[-74.504049031216,39.4292394101965],[-74.5039316613879,39.4291575117805]]}},{"type":"Feature","id":382033,"properties":{"OBJECTID":382033,"PRIMENAME":"Traymore Avenue","ELEVTYP_F":0,"ELEVTYP_T":0},"geometry":{"type":"LineString","coordinates":[[-74.5146777173497,39.4396637707468],[-74.5145555939429,39.4396875103954],[-74.5145102386453,39.4396963276628],[-74.5143792976122,39.439714245472],[-74.5142598974551,39.439711267725],[-74.5141174074292,39.4396993684613],[-74.5139749150538,39.4396754713036],[-74.5137630528505,39.4396337076796],[-74.5135127286893,39.439556091005],[-74.5133239888424,39.4395083110689],[-74.5132123030312,39.4394814440176],[-74.5130967946101,39.4394635555368],[-74.512985075713,39.4394515973682],[-74.5129030662147,39.4394436443482]]}},{"type":"Feature","id":382034,"properties":{"OBJECTID":382034,"PRIMENAME":"Seminole Avenue","ELEVTYP_F":0,"ELEVTYP_T":0},"geometry":{"type":"LineString","coordinates":[[-74.5004346849071,39.4325949821547],[-74.500387630744,39.4326158213934],[-74.5003431251515,39.4326440741766],[-74.5003107641547,39.4326817168335],[-74.5002945843707,39.4327350648615],[-74.5001893954601,39.4333061307226],[-74.500108457148,39.4338081709436],[-74.5000518073147,39.4341721601295],[-74.4999951929056,39.4344451317184],[-74.4999466143842,39.4345737918068],[-74.4998737817443,39.4347400953014],[-74.4997975858621,39.4348852290838]]}},{"type":"Feature","id":382065,"properties":{"OBJECTID":382065,"PRIMENAME":"Kesler Avenue","ELEVTYP_F":0,"ELEVTYP_T":0},"geometry":{"type":"LineString","coordinates":[[-74.4858885720831,39.4352409500036],[-74.48575089902,39.4351168852255],[-74.485285063411,39.4347039653528],[-74.4851020823409,39.4345329714807],[-74.4849773363192,39.4344039377232],[-74.4849191146717,39.4343039614111],[-74.4848817100965,39.4342071729977],[-74.4848277030481,39.4339362265822],[-74.4847778387631,39.4336652806711],[-74.4847365624287,39.4334701425352]]}},{"type":"Feature","id":382072,"properties":{"OBJECTID":382072,"PRIMENAME":"New Jersey Avenue","ELEVTYP_F":0,"ELEVTYP_T":0},"geometry":{"type":"LineString","coordinates":[[-74.5128493305766,39.4352881831059],[-74.5118589114392,39.4346007532804],[-74.5113609295218,39.4342543037747],[-74.5109403595959,39.4339657220471]]}},{"type":"Feature","id":382089,"properties":{"OBJECTID":382089,"PRIMENAME":"Huron Avenue","ELEVTYP_F":0,"ELEVTYP_T":0},"geometry":{"type":"LineString","coordinates":[[-74.5021501274654,39.4279133710962],[-74.501599096481,39.4289144686551],[-74.5014847456894,39.4291180048081]]}},{"type":"Feature","id":382104,"properties":{"OBJECTID":382104,"PRIMENAME":"Shore Road","ELEVTYP_F":0,"ELEVTYP_T":0},"geometry":{"type":"LineString","coordinates":[[-74.4893707158789,39.4329389646818],[-74.4891599230511,39.4330742505555]]}},{"type":"Feature","id":382187,"properties":{"OBJECTID":382187,"PRIMENAME":"West Faunce Landing Road","ELEVTYP_F":0,"ELEVTYP_T":0},"geometry":{"type":"LineString","coordinates":[[-74.495921356996,39.4285340269482],[-74.4960422363893,39.4285655221561],[-74.4961458487119,39.4285925171764],[-74.4968903099953,39.428798956647],[-74.4971897875375,39.4288957208867],[-74.4972980516721,39.4289211755258]]}},{"type":"Feature","id":382201,"properties":{"OBJECTID":382201,"PRIMENAME":"East White Horse Pike","ELEVTYP_F":0,"ELEVTYP_T":0},"geometry":{"type":"LineString","coordinates":[[-74.5213118228125,39.4411244111877],[-74.521302720897,39.4411179874694],[-74.5206361717745,39.440658804694],[-74.520610808196,39.4406413328254],[-74.5202776764774,39.4404096874266],[-74.5199699487897,39.4401963634253],[-74.5197523046897,39.4400454864228],[-74.5191287654676,39.4396118630485],[-74.5189707358404,39.4394893786904],[-74.518855416571,39.4393900602113],[-74.5187742763416,39.4393205533984],[-74.5186021973319,39.4391597896126]]}},{"type":"Feature","id":382324,"properties":{"OBJECTID":382324,"PRIMENAME":"Saint Charles Avenue","ELEVTYP_F":0,"ELEVTYP_T":0},"geometry":{"type":"LineString","coordinates":[[-74.5108581243872,39.4370173144881],[-74.5106662380078,39.4371822349842],[-74.5102196575247,39.437570426116]]}},{"type":"Feature","id":382332,"properties":{"OBJECTID":382332,"PRIMENAME":"Connecticut Avenue","ELEVTYP_F":0,"ELEVTYP_T":0},"geometry":{"type":"LineString","coordinates":[[-74.4960205625643,39.4359332884023],[-74.4966363006042,39.4358821497081],[-74.4969506885697,39.4358553353076]]}},{"type":"Feature","id":382343,"properties":{"OBJECTID":382343,"PRIMENAME":"North New Road","ELEVTYP_F":0,"ELEVTYP_T":0},"geometry":{"type":"LineString","coordinates":[[-74.4998680238339,39.4320461849341],[-74.4996463772525,39.4320905253832],[-74.4993641241755,39.4321230601307],[-74.4993565470765,39.4321234177062]]}},{"type":"Feature","id":382405,"properties":{"OBJECTID":382405,"PRIMENAME":"Woods Road","ELEVTYP_F":0,"ELEVTYP_T":0},"geometry":{"type":"LineString","coordinates":[[-74.4922465285791,39.4220759511836],[-74.4918877298242,39.4219000139771],[-74.4915542372164,39.4217304254367],[-74.4915236599605,39.4217148763038],[-74.4914710234043,39.4216834894816],[-74.4914224952243,39.4216395556931],[-74.4913739694254,39.4215673691879],[-74.4912850298874,39.4214010586343],[-74.4911636351628,39.4211782680766],[-74.4911272528971,39.42111236997],[-74.4910908326972,39.4210621773005],[-74.4910332067804,39.4210174733645]]}},{"type":"Feature","id":382509,"properties":{"OBJECTID":382509,"PRIMENAME":"Seaside Avenue","ELEVTYP_F":0,"ELEVTYP_T":0},"geometry":{"type":"LineString","coordinates":[[-74.5091720761996,39.4338622822579],[-74.5095836445129,39.4341482894389],[-74.5102221252003,39.4345921772336]]}},{"type":"Feature","id":382525,"properties":{"OBJECTID":382525,"PRIMENAME":"Delilah Road","ELEVTYP_F":1,"ELEVTYP_T":1},"geometry":{"type":"LineString","coordinates":[[-74.49247195096,39.3961341294021],[-74.4925918735951,39.3961828444758]]}},{"type":"Feature","id":382537,"properties":{"OBJECTID":382537,"PRIMENAME":"Woodcrest Court","ELEVTYP_F":0,"ELEVTYP_T":0},"geometry":{"type":"LineString","coordinates":[[-74.5028626119459,39.4354675986437],[-74.5032596533265,39.4358961275076]]}},{"type":"Feature","id":382550,"properties":{"OBJECTID":382550,"PRIMENAME":"Black Horse Pike","ELEVTYP_F":0,"ELEVTYP_T":0},"geometry":{"type":"LineString","coordinates":[[-74.510684027331,39.3862637323539],[-74.5104138433567,39.3862367669155],[-74.5102130709645,39.3862124908876],[-74.5102039512819,39.386211388201],[-74.5100313883403,39.3861861157931],[-74.5098149128347,39.3861396779094]]}},{"type":"Feature","id":382592,"properties":{"OBJECTID":382592,"PRIMENAME":"West California Avenue","ELEVTYP_F":0,"ELEVTYP_T":0},"geometry":{"type":"LineString","coordinates":[[-74.5083650413508,39.4143487357197],[-74.5082937004627,39.4143406327166],[-74.5081877581908,39.4143289162946],[-74.5080386296147,39.4143082253835],[-74.507977279398,39.4142994233744],[-74.5079309044139,39.4142927705253],[-74.5078440876523,39.414280315629],[-74.50780104203,39.4142726572093],[-74.5076430660937,39.4142445518885],[-74.5075968592184,39.4142346956458],[-74.5074701155499,39.4142076618008],[-74.5072856595067,39.4141640999417],[-74.5071408473752,39.4141249835193],[-74.5069854138909,39.414082974181],[-74.5069815954422,39.414081942092],[-74.5067849586544,39.4140208370627],[-74.5067784133914,39.414018803435],[-74.5065225967167,39.4139384269496],[-74.5063081948545,39.4138728442244],[-74.506187420464,39.4138353728725],[-74.5061028567382,39.413814317506],[-74.5060062587869,39.4137955705533],[-74.5059753727244,39.4137917617546],[-74.5058733788315,39.4137791854581],[-74.505768439861,39.4137656687815],[-74.505668823187,39.4137528372607],[-74.5052300110709,39.4136986584073],[-74.504725073054,39.4136385416205],[-74.5047184606159,39.4136377545886],[-74.5044729596678,39.4136075829412]]}},{"type":"Feature","id":382610,"properties":{"OBJECTID":382610,"PRIMENAME":"Lillan Street","ELEVTYP_F":0,"ELEVTYP_T":0},"geometry":{"type":"LineString","coordinates":[[-74.494876606381,39.4307741815484],[-74.4945984541341,39.4313825206607],[-74.4945169907138,39.431535127452]]}},{"type":"Feature","id":382623,"properties":{"OBJECTID":382623,"PRIMENAME":"10th Avenue","ELEVTYP_F":0,"ELEVTYP_T":0},"geometry":{"type":"LineString","coordinates":[[-74.5080990344294,39.4453501297846],[-74.5075842594305,39.4457921015371],[-74.507509758531,39.4458559701347]]}},{"type":"Feature","id":382647,"properties":{"OBJECTID":382647,"PRIMENAME":"Pitney Road","ELEVTYP_F":0,"ELEVTYP_T":0},"geometry":{"type":"LineString","coordinates":[[-74.4975796038616,39.4425358223277],[-74.4975566705709,39.4426677102247],[-74.4974919906956,39.4430396613837],[-74.4974069792236,39.4435285183363],[-74.4974015361843,39.4435617206823]]}},{"type":"Feature","id":382750,"properties":{"OBJECTID":382750,"PRIMENAME":"Natalie Terrace","ELEVTYP_F":0,"ELEVTYP_T":0},"geometry":{"type":"LineString","coordinates":[[-74.494091489033,39.4267557068212],[-74.4935179633188,39.4266046671837],[-74.4933234788141,39.4265534484455]]}},{"type":"Feature","id":382786,"properties":{"OBJECTID":382786,"PRIMENAME":"Absecon Boulevard","ELEVTYP_F":0,"ELEVTYP_T":0},"geometry":{"type":"LineString","coordinates":[[-74.4913929416403,39.4151312012127],[-74.4913969652296,39.4150585699122],[-74.491405941217,39.4148961381057],[-74.4914288771022,39.4146210540218],[-74.4914785248804,39.4138608696497],[-74.4915251236122,39.4131645751799],[-74.4915434526878,39.4128906995313],[-74.4915702262156,39.4124736375665],[-74.4916236962661,39.411692778828],[-74.4916771693447,39.4108763914355],[-74.4917168106325,39.4102882210891]]}},{"type":"Feature","id":382795,"properties":{"OBJECTID":382795,"PRIMENAME":"West Church Street","ELEVTYP_F":0,"ELEVTYP_T":0},"geometry":{"type":"LineString","coordinates":[[-74.5021501274654,39.4279133710962],[-74.5018169513606,39.4276803391317],[-74.5017029389649,39.4276005958065],[-74.501535089626,39.4274874226311]]}},{"type":"Feature","id":382807,"properties":{"OBJECTID":382807,"PRIMENAME":"Irelan Avenue","ELEVTYP_F":0,"ELEVTYP_T":0},"geometry":{"type":"LineString","coordinates":[[-74.4951776212018,39.4350424105435],[-74.4953078379372,39.4359811572767]]}},{"type":"Feature","id":382881,"properties":{"OBJECTID":382881,"PRIMENAME":"FR US 30 WB to TURNER AVE","ELEVTYP_F":0,"ELEVTYP_T":0},"geometry":{"type":"LineString","coordinates":[[-74.4944372032658,39.4187944320598],[-74.4951608282505,39.4191169906347],[-74.4955653580625,39.4192644750036],[-74.4957352690734,39.4193303767123],[-74.49581618823,39.4193743107888],[-74.4958808953331,39.4194245309228],[-74.49592946005,39.4194810101196],[-74.4959698823552,39.4195374899148],[-74.4960063036499,39.419615933776],[-74.4960143702145,39.4196849596894],[-74.4960103307174,39.4197696897421],[-74.4960089656194,39.419879700849]]}},{"type":"Feature","id":382933,"properties":{"OBJECTID":382933,"PRIMENAME":"North New Road","ELEVTYP_F":0,"ELEVTYP_T":0},"geometry":{"type":"LineString","coordinates":[[-74.5249829474845,39.4007210797455],[-74.5247923747987,39.4010241309476],[-74.524631441512,39.4012800878595],[-74.5245723578453,39.4013740568398]]}},{"type":"Feature","id":382941,"properties":{"OBJECTID":382941,"PRIMENAME":"15th Street","ELEVTYP_F":0,"ELEVTYP_T":0},"geometry":{"type":"LineString","coordinates":[[-74.5081508464332,39.4380931116081],[-74.5075374890898,39.4386596870843]]}},{"type":"Feature","id":382943,"properties":{"OBJECTID":382943,"PRIMENAME":"Saint Charles Avenue","ELEVTYP_F":0,"ELEVTYP_T":0},"geometry":{"type":"LineString","coordinates":[[-74.5102196575247,39.437570426116],[-74.5098999598803,39.4378482840899],[-74.5097563244438,39.4379705047403],[-74.5097337012169,39.437992663555],[-74.5097198947072,39.4380110058499],[-74.5097060897491,39.4380405774859],[-74.5096986722946,39.4380654743489],[-74.5096936317204,39.4380823944504],[-74.5096603252597,39.4381786321308]]}},{"type":"Feature","id":383039,"properties":{"OBJECTID":383039,"PRIMENAME":"South Main Street","ELEVTYP_F":0,"ELEVTYP_T":0},"geometry":{"type":"LineString","coordinates":[[-74.5280753259113,39.3855397585164],[-74.527638062213,39.3860286845197]]}},{"type":"Feature","id":383095,"properties":{"OBJECTID":383095,"PRIMENAME":"North New Road","ELEVTYP_F":0,"ELEVTYP_T":0},"geometry":{"type":"LineString","coordinates":[[-74.5245723578453,39.4013740568398],[-74.5244711789456,39.4015349733414],[-74.5243952398963,39.4016606648558]]}},{"type":"Feature","id":383142,"properties":{"OBJECTID":383142,"PRIMENAME":"Lazy Lane","ELEVTYP_F":0,"ELEVTYP_T":0},"geometry":{"type":"LineString","coordinates":[[-74.4813521471781,39.4310978288387],[-74.481301213736,39.431177910673],[-74.481230442595,39.4312972523957],[-74.4810640387195,39.4315552609969],[-74.48088002504,39.4318643075037]]}},{"type":"Feature","id":383168,"properties":{"OBJECTID":383168,"PRIMENAME":"Pitney Road","ELEVTYP_F":0,"ELEVTYP_T":0},"geometry":{"type":"LineString","coordinates":[[-74.4991985565928,39.4330864765648],[-74.4991886426612,39.4331494612191],[-74.4990808230727,39.4337513324187]]}},{"type":"Feature","id":383178,"properties":{"OBJECTID":383178,"PRIMENAME":"North New Road","ELEVTYP_F":0,"ELEVTYP_T":1},"geometry":{"type":"LineString","coordinates":[[-74.5243952398963,39.4016606648558],[-74.5243896872762,39.4016698569154],[-74.5243270069652,39.401773603837],[-74.5241887150825,39.4020025069498]]}},{"type":"Feature","id":383228,"properties":{"OBJECTID":383228,"PRIMENAME":"Kesler Lane","ELEVTYP_F":0,"ELEVTYP_T":0},"geometry":{"type":"LineString","coordinates":[[-74.4817757707867,39.4337149857677],[-74.481624476289,39.4336576711989],[-74.4786327598154,39.4328825258632]]}},{"type":"Feature","id":383249,"properties":{"OBJECTID":383249,"PRIMENAME":"Black Horse Pike","ELEVTYP_F":0,"ELEVTYP_T":0},"geometry":{"type":"LineString","coordinates":[[-74.5116623740432,39.3861999388181],[-74.5114073073937,39.3862294258583],[-74.5111414127523,39.3862547660676],[-74.5109688202029,39.3862656551932],[-74.5108056008369,39.3862656704684],[-74.510684027331,39.3862637323539]]}},{"type":"Feature","id":383279,"properties":{"OBJECTID":383279,"PRIMENAME":"Sooy Lane","ELEVTYP_F":0,"ELEVTYP_T":0},"geometry":{"type":"LineString","coordinates":[[-74.482182530317,39.4330683116144],[-74.4821117992095,39.4330294781521],[-74.48201199917,39.4329939613992],[-74.4818123583387,39.4329423398347],[-74.4806810756308,39.432655100947],[-74.4804286859603,39.4325910029847]]}},{"type":"Feature","id":383335,"properties":{"OBJECTID":383335,"PRIMENAME":"West California Avenue","ELEVTYP_F":0,"ELEVTYP_T":0},"geometry":{"type":"LineString","coordinates":[[-74.5129434158397,39.4149161057619],[-74.5128365587246,39.4148958567834],[-74.5125104374125,39.4148326596765],[-74.5123712187138,39.4148145261254]]}},{"type":"Feature","id":383345,"properties":{"OBJECTID":383345,"PRIMENAME":"East White Horse Pike","ELEVTYP_F":0,"ELEVTYP_T":0},"geometry":{"type":"LineString","coordinates":[[-74.5185211885721,39.4392381890319],[-74.5185263910195,39.4392436605475],[-74.5185522115596,39.4392709208666],[-74.5186333544355,39.4393470441915],[-74.5187529595105,39.4394529794581],[-74.518915274889,39.4395820797725],[-74.5191245523695,39.4397409903378],[-74.519470498363,39.4399826312678],[-74.5198821701365,39.440271902207],[-74.519927478629,39.440303738536],[-74.5203118499708,39.4405453703495],[-74.5205728038119,39.4407267008969]]}},{"type":"Feature","id":383379,"properties":{"OBJECTID":383379,"PRIMENAME":"Traymore Avenue","ELEVTYP_F":0,"ELEVTYP_T":0},"geometry":{"type":"LineString","coordinates":[[-74.5124624836443,39.4391258018928],[-74.5122339958533,39.4389679253699],[-74.5109397999628,39.4380811308752],[-74.5102196575247,39.437570426116]]}},{"type":"Feature","id":383394,"properties":{"OBJECTID":383394,"PRIMENAME":"Seaside Avenue","ELEVTYP_F":0,"ELEVTYP_T":0},"geometry":{"type":"LineString","coordinates":[[-74.514375576186,39.43745752476],[-74.5151799958537,39.4380149514301],[-74.5159574068949,39.4385561501261]]}},{"type":"Feature","id":383411,"properties":{"OBJECTID":383411,"PRIMENAME":"Shore Road","ELEVTYP_F":0,"ELEVTYP_T":0},"geometry":{"type":"LineString","coordinates":[[-74.4858885720831,39.4352409500036],[-74.4857047125699,39.435364014401],[-74.4850638239219,39.4357839615729],[-74.4849862396442,39.4358357258491],[-74.4846323919327,39.4360718130121],[-74.4845867052324,39.4361020053171],[-74.4844560163967,39.4361883753479]]}},{"type":"Feature","id":383439,"properties":{"OBJECTID":383439,"PRIMENAME":"North New Road","ELEVTYP_F":0,"ELEVTYP_T":0},"geometry":{"type":"LineString","coordinates":[[-74.5213017293928,39.4063439034293],[-74.5212295206403,39.4064424752334]]}},{"type":"Feature","id":383441,"properties":{"OBJECTID":383441,"PRIMENAME":"North New Road","ELEVTYP_F":0,"ELEVTYP_T":0},"geometry":{"type":"LineString","coordinates":[[-74.5186172185729,39.4101176741218],[-74.5185167714518,39.41026029971],[-74.5182328008362,39.4106654099491],[-74.5179362627591,39.4110770837466],[-74.5177107343288,39.4113882282069],[-74.5175854373274,39.41153085584],[-74.5174684867269,39.4116540436819],[-74.5173849368796,39.4117252780844],[-74.5173474587104,39.4117498296247]]}},{"type":"Feature","id":383527,"properties":{"OBJECTID":383527,"PRIMENAME":"Sycamore Avenue","ELEVTYP_F":0,"ELEVTYP_T":0},"geometry":{"type":"LineString","coordinates":[[-74.4970265711627,39.4298212715427],[-74.4970067417545,39.4298859583027],[-74.4967945660726,39.4306084680701],[-74.4967488144316,39.4307761982303],[-74.4967189657246,39.4308447833071]]}},{"type":"Feature","id":383544,"properties":{"OBJECTID":383544,"PRIMENAME":"South New Road","ELEVTYP_F":0,"ELEVTYP_T":0},"geometry":{"type":"LineString","coordinates":[[-74.533204559312,39.3904795097542],[-74.5331336575134,39.3904978154074],[-74.5330084095114,39.390527065014],[-74.5326618078722,39.3905790014536],[-74.5324544249733,39.3906075861781],[-74.5323318675787,39.3906244788649],[-74.5320436812691,39.3906699447489],[-74.5319727204208,39.3906820503708],[-74.5318724685905,39.3906991499325],[-74.531755533818,39.3907251286925],[-74.5315383773817,39.390799705046],[-74.531400583072,39.3908645669405],[-74.5313481544863,39.3908917088182]]}},{"type":"Feature","id":383661,"properties":{"OBJECTID":383661,"PRIMENAME":"New York Avenue","ELEVTYP_F":0,"ELEVTYP_T":0},"geometry":{"type":"LineString","coordinates":[[-74.5049004804986,39.4380763806537],[-74.505553272964,39.4385256195867],[-74.5067566530507,39.4393401659484]]}},{"type":"Feature","id":383664,"properties":{"OBJECTID":383664,"PRIMENAME":"New York Road","ELEVTYP_F":0,"ELEVTYP_T":0},"geometry":{"type":"LineString","coordinates":[[-74.4788493840699,39.4401733258044],[-74.4788100577012,39.4402444302854],[-74.4787317257199,39.4403816425413],[-74.4786807063068,39.4404792408869],[-74.4786296106883,39.4405900457822],[-74.4785649118044,39.44072456974],[-74.4784900388394,39.4408908043417],[-74.4783373691135,39.4412187796656],[-74.4783095406529,39.4412785639864],[-74.4781257125135,39.4416610791594],[-74.4780336219892,39.4418513614813]]}},{"type":"Feature","id":383676,"properties":{"OBJECTID":383676,"PRIMENAME":"North New Road","ELEVTYP_F":0,"ELEVTYP_T":0},"geometry":{"type":"LineString","coordinates":[[-74.5230832125299,39.4037809149762],[-74.5228721503534,39.4041376556898],[-74.5227991032894,39.4042510657936]]}},{"type":"Feature","id":383715,"properties":{"OBJECTID":383715,"PRIMENAME":"Seaside Avenue","ELEVTYP_F":0,"ELEVTYP_T":0},"geometry":{"type":"LineString","coordinates":[[-74.512132657033,39.4359120140389],[-74.5122642819789,39.4360025241185],[-74.5133273204466,39.4367400227805],[-74.5141631322012,39.4373103028306],[-74.514375576186,39.43745752476]]}},{"type":"Feature","id":383795,"properties":{"OBJECTID":383795,"PRIMENAME":"Chelsea Road","ELEVTYP_F":0,"ELEVTYP_T":0},"geometry":{"type":"LineString","coordinates":[[-74.5053658150716,39.4361688560222],[-74.5044735759433,39.4355533217936]]}},{"type":"Feature","id":383856,"properties":{"OBJECTID":383856,"PRIMENAME":"East White Horse Pike","ELEVTYP_F":0,"ELEVTYP_T":0},"geometry":{"type":"LineString","coordinates":[[-74.5259491026217,39.4442987400911],[-74.525411705769,39.4439381923877],[-74.5250528632942,39.4436932499372],[-74.5246774328882,39.4434379858583],[-74.5246001266683,39.4433854236299],[-74.5240789644005,39.44303123581],[-74.5240553411427,39.4430153245196],[-74.5236168503883,39.4427199755445]]}},{"type":"Feature","id":383896,"properties":{"OBJECTID":383896,"PRIMENAME":"South Mill Road","ELEVTYP_F":0,"ELEVTYP_T":0},"geometry":{"type":"LineString","coordinates":[[-74.5226941897631,39.4274609195363],[-74.522772324212,39.4276756403858],[-74.5228183527629,39.4278385922438],[-74.5228319769385,39.4278868237627],[-74.5229171882397,39.4281970098011],[-74.5229476277858,39.42831169084],[-74.5230109110538,39.4285501081445],[-74.523057778288,39.428741497042],[-74.5230833445925,39.4288635907748],[-74.5230961686392,39.4289956264465],[-74.5230940337558,39.4290696221026]]}},{"type":"Feature","id":383982,"properties":{"OBJECTID":383982,"PRIMENAME":"Hobart Avenue","ELEVTYP_F":0,"ELEVTYP_T":0},"geometry":{"type":"LineString","coordinates":[[-74.4951776212018,39.4350424105435],[-74.4956216728425,39.4350057989437],[-74.4970439539361,39.4348822542555],[-74.4974875331136,39.4348457751435]]}},{"type":"Feature","id":384027,"properties":{"OBJECTID":384027,"PRIMENAME":"Elm Street","ELEVTYP_F":0,"ELEVTYP_T":0},"geometry":{"type":"LineString","coordinates":[[-74.5208822709517,39.4181454298836],[-74.5203571416865,39.4184102277508],[-74.520248303291,39.4184680565296],[-74.5196773470076,39.4187735556513]]}},{"type":"Feature","id":384121,"properties":{"OBJECTID":384121,"PRIMENAME":"West California Avenue","ELEVTYP_F":0,"ELEVTYP_T":0},"geometry":{"type":"LineString","coordinates":[[-74.524461380688,39.422314046197],[-74.5240951545087,39.4218808324002]]}},{"type":"Feature","id":384177,"properties":{"OBJECTID":384177,"PRIMENAME":"Pitney Road","ELEVTYP_F":0,"ELEVTYP_T":0},"geometry":{"type":"LineString","coordinates":[[-74.5000520151517,39.4280872182154],[-74.4999591517084,39.4286357418229],[-74.4998661799411,39.4291871217378]]}},{"type":"Feature","id":384179,"properties":{"OBJECTID":384179,"PRIMENAME":"Shelburne Avenue","ELEVTYP_F":0,"ELEVTYP_T":0},"geometry":{"type":"LineString","coordinates":[[-74.5070713976148,39.434407959578],[-74.5084361914522,39.435348853973],[-74.509248823825,39.4359012695962],[-74.5094145814354,39.4360165178934]]}},{"type":"Feature","id":384180,"properties":{"OBJECTID":384180,"PRIMENAME":"Sooy Lane","ELEVTYP_F":0,"ELEVTYP_T":0},"geometry":{"type":"LineString","coordinates":[[-74.4834550802829,39.4334267236274],[-74.4831307759449,39.4333554004873],[-74.4822823219412,39.4331424049092],[-74.4822365838033,39.4331133760129],[-74.482182530317,39.4330683116144]]}},{"type":"Feature","id":384234,"properties":{"OBJECTID":384234,"PRIMENAME":"Woodcrest Avenue","ELEVTYP_F":0,"ELEVTYP_T":0},"geometry":{"type":"LineString","coordinates":[[-74.5007639158446,39.4352151701469],[-74.501047209526,39.4353080258001],[-74.5012495631621,39.4353770492482],[-74.5013426130364,39.4354021705653],[-74.5014194833651,39.4354209774127],[-74.5015085322231,39.4354272908841],[-74.5017351035493,39.4354460954819],[-74.5018866461787,39.4354640775516]]}},{"type":"Feature","id":384281,"properties":{"OBJECTID":384281,"PRIMENAME":"North New Road","ELEVTYP_F":0,"ELEVTYP_T":0},"geometry":{"type":"LineString","coordinates":[[-74.5054879734841,39.4280753368303],[-74.5052403625868,39.4285623706996]]}},{"type":"Feature","id":384284,"properties":{"OBJECTID":384284,"PRIMENAME":"Station Avenue","ELEVTYP_F":0,"ELEVTYP_T":0},"geometry":{"type":"LineString","coordinates":[[-74.5004519793945,39.4242706643012],[-74.5002581204743,39.4243446331667],[-74.4998800659918,39.4244956704885]]}},{"type":"Feature","id":384285,"properties":{"OBJECTID":384285,"PRIMENAME":"Morton Avenue","ELEVTYP_F":0,"ELEVTYP_T":0},"geometry":{"type":"LineString","coordinates":[[-74.5103197400056,39.4434552741578],[-74.5102325234418,39.4435253251184],[-74.5099910193073,39.4437192957631],[-74.50969830517,39.443969503316]]}},{"type":"Feature","id":384337,"properties":{"OBJECTID":384337,"PRIMENAME":"Hobart Avenue","ELEVTYP_F":0,"ELEVTYP_T":0},"geometry":{"type":"LineString","coordinates":[[-74.4893177352331,39.4355763933366],[-74.4898104682331,39.4355366258647],[-74.4903928191598,39.4354850569803],[-74.4905991417484,39.4354481726434]]}},{"type":"Feature","id":384348,"properties":{"OBJECTID":384348,"PRIMENAME":"West Faunce Landing Road","ELEVTYP_F":0,"ELEVTYP_T":0},"geometry":{"type":"LineString","coordinates":[[-74.4972980516721,39.4289211755258],[-74.4973270470251,39.4289279853349],[-74.4974559523548,39.4289408921687],[-74.4982129216723,39.4290150933488],[-74.4998661799411,39.4291871217378]]}},{"type":"Feature","id":384391,"properties":{"OBJECTID":384391,"PRIMENAME":"South Mill Road","ELEVTYP_F":0,"ELEVTYP_T":0},"geometry":{"type":"LineString","coordinates":[[-74.5187963521294,39.4302902560841],[-74.518675272463,39.4303064746532],[-74.5184880601885,39.4303362399308],[-74.5181901813115,39.4303956756626],[-74.5177178775163,39.4305112570965],[-74.5175330755938,39.4305544738984],[-74.5170540769435,39.4306664576546],[-74.516750592463,39.4307374819966],[-74.516517935129,39.4307919289195],[-74.516499203406,39.4307961320027],[-74.5161647546028,39.4308711902776],[-74.5157327906058,39.4309769285136],[-74.5156115831074,39.4310065982385],[-74.5155811721902,39.4310134384779]]}},{"type":"Feature","id":384432,"properties":{"OBJECTID":384432,"PRIMENAME":"Cedar Hill Drive","ELEVTYP_F":0,"ELEVTYP_T":0},"geometry":{"type":"LineString","coordinates":[[-74.4879765326309,39.4232716182898],[-74.4875586849965,39.4231202345718],[-74.4875115658684,39.4231027945415],[-74.4869963439134,39.422912108116]]}},{"type":"Feature","id":384459,"properties":{"OBJECTID":384459,"PRIMENAME":"Spruce Street","ELEVTYP_F":0,"ELEVTYP_T":0},"geometry":{"type":"LineString","coordinates":[[-74.4970265711627,39.4298212715427],[-74.4997046988646,39.4301028195664]]}},{"type":"Feature","id":384542,"properties":{"OBJECTID":384542,"PRIMENAME":"West Wyoming Avenue","ELEVTYP_F":0,"ELEVTYP_T":0},"geometry":{"type":"LineString","coordinates":[[-74.5036365294498,39.4283956615885],[-74.5036648846839,39.4283483804554],[-74.5039106703659,39.4279613467987]]}},{"type":"Feature","id":384766,"properties":{"OBJECTID":384766,"PRIMENAME":"Yarmouth Avenue","ELEVTYP_F":0,"ELEVTYP_T":0},"geometry":{"type":"LineString","coordinates":[[-74.5013363322625,39.4328068007258],[-74.5010998065938,39.4341219372207],[-74.5010026944045,39.4346930306277],[-74.5009784419427,39.4347934391977],[-74.5009379729622,39.4349001075391],[-74.5008327815898,39.4350977938849],[-74.5007639158446,39.4352151701469]]}},{"type":"Feature","id":384783,"properties":{"OBJECTID":384783,"PRIMENAME":"White Horse Pike","ELEVTYP_F":0,"ELEVTYP_T":0},"geometry":{"type":"LineString","coordinates":[[-74.5141925820089,39.4341391733429],[-74.5152276771853,39.4348601259346]]}},{"type":"Feature","id":384843,"properties":{"OBJECTID":384843,"PRIMENAME":"Linden Place","ELEVTYP_F":0,"ELEVTYP_T":0},"geometry":{"type":"LineString","coordinates":[[-74.494428594285,39.4320998933304],[-74.494469428024,39.4323920854873],[-74.4944937768923,39.4325328012718]]}},{"type":"Feature","id":385150,"properties":{"OBJECTID":385150,"PRIMENAME":"Oakborne Avenue","ELEVTYP_F":0,"ELEVTYP_T":0},"geometry":{"type":"LineString","coordinates":[[-74.521883807328,39.4434106600073],[-74.5215487385498,39.4431777657172],[-74.5215134159648,39.4431481621651],[-74.5215030158772,39.4431147030904],[-74.5215093976933,39.4430812427137],[-74.5215357620543,39.4430552147156]]}},{"type":"Feature","id":385168,"properties":{"OBJECTID":385168,"PRIMENAME":"South Mill Road","ELEVTYP_F":0,"ELEVTYP_T":0},"geometry":{"type":"LineString","coordinates":[[-74.5229304864131,39.4298866466526],[-74.5227815724136,39.4298767644254],[-74.5226368746388,39.4298767926768],[-74.5224241007298,39.4298966298485],[-74.5222581645118,39.4299098683335],[-74.5221937194838,39.4299155592843],[-74.522081182548,39.4299254975979]]}},{"type":"Feature","id":385355,"properties":{"OBJECTID":385355,"PRIMENAME":"Pitney Road","ELEVTYP_F":0,"ELEVTYP_T":0},"geometry":{"type":"LineString","coordinates":[[-74.4997046988646,39.4301028195664],[-74.499615865477,39.4306234476842],[-74.4995410528101,39.4310514105828]]}},{"type":"Feature","id":385431,"properties":{"OBJECTID":385431,"PRIMENAME":"Keefer Avenue","ELEVTYP_F":0,"ELEVTYP_T":0},"geometry":{"type":"LineString","coordinates":[[-74.5070999453111,39.4268276029839],[-74.507544436717,39.4259282123561],[-74.5077204181007,39.4255700312093]]}},{"type":"Feature","id":385539,"properties":{"OBJECTID":385539,"PRIMENAME":"Davis Avenue","ELEVTYP_F":0,"ELEVTYP_T":0},"geometry":{"type":"LineString","coordinates":[[-74.4891523699708,39.4384028192908],[-74.4891278506407,39.4385104731173],[-74.489108945012,39.4386452747969],[-74.4891070423493,39.4386588451332],[-74.4890816280736,39.4388277819159],[-74.4890805343095,39.4388390471866]]}},{"type":"Feature","id":385632,"properties":{"OBJECTID":385632,"PRIMENAME":"Mechanic Street","ELEVTYP_F":0,"ELEVTYP_T":0},"geometry":{"type":"LineString","coordinates":[[-74.5019579069081,39.42610811501],[-74.5019129105166,39.4261080608108],[-74.5018319808971,39.4261080621152],[-74.5017834430225,39.4261049055684],[-74.5014071845888,39.4260641378504],[-74.5005292378827,39.4259606072851],[-74.4998414045476,39.4258727750407],[-74.4994489700922,39.4258288166382],[-74.4993559323251,39.4258193983035],[-74.4992871452778,39.4258193979038],[-74.499222394381,39.4258225277687],[-74.4991313401874,39.4258368318224]]}},{"type":"Feature","id":385646,"properties":{"OBJECTID":385646,"PRIMENAME":"Delray Lane","ELEVTYP_F":0,"ELEVTYP_T":0},"geometry":{"type":"LineString","coordinates":[[-74.526146206411,39.4300987423264],[-74.5255861442879,39.4299258324271],[-74.5254664597697,39.4298926887776],[-74.5253440175484,39.429866289486],[-74.5248247047313,39.4297697520696],[-74.5247339123541,39.4297515539646],[-74.5246440052481,39.4297308809019],[-74.5245550955571,39.4297077586679],[-74.5244672941804,39.4296822161036],[-74.5239528705473,39.4295244671798]]}},{"type":"Feature","id":385803,"properties":{"OBJECTID":385803,"PRIMENAME":"Unnamed Segment","ELEVTYP_F":0,"ELEVTYP_T":0},"geometry":{"type":"LineString","coordinates":[[-74.4954538306731,39.4377359153605],[-74.4954107768064,39.437690005419],[-74.4953946351572,39.4376190570566],[-74.4954054042908,39.4375439372617],[-74.4954377001253,39.437493857784],[-74.4955022881684,39.437447953846],[-74.4955453439725,39.4374437821062],[-74.4956206918875,39.4374646510436],[-74.4959920443035,39.4376691599097],[-74.4960952376393,39.4377016047444]]}},{"type":"Feature","id":385889,"properties":{"OBJECTID":385889,"PRIMENAME":"Absecon Boulevard","ELEVTYP_F":0,"ELEVTYP_T":0},"geometry":{"type":"LineString","coordinates":[[-74.4912889214681,39.4151316069403],[-74.4912609436096,39.4155646100358],[-74.4912647430106,39.4157450272653],[-74.4912837999537,39.4159254726569],[-74.49130890554,39.4160658076243],[-74.4913218964695,39.416138427568],[-74.4913790716938,39.4163602801842],[-74.4914515059571,39.4165643691904],[-74.491539196033,39.4167684322305],[-74.4916162104538,39.4169039326721],[-74.4916535421605,39.4169696145495],[-74.4917793943087,39.4171619012534],[-74.491943334294,39.4173689888137],[-74.4920958460554,39.4175375544161],[-74.492256040239,39.417691376919],[-74.4923349008493,39.4177567559535]]}},{"type":"Feature","id":386048,"properties":{"OBJECTID":386048,"PRIMENAME":"Atlantic City Expressway","ELEVTYP_F":0,"ELEVTYP_T":0},"geometry":{"type":"LineString","coordinates":[[-74.5204966073972,39.4002238862533],[-74.5207842812507,39.4003752566706],[-74.520986745732,39.4004817898723],[-74.5213296903016,39.4006646428385],[-74.5216383750822,39.4008308624264],[-74.5221228343916,39.4010835088028],[-74.522572964248,39.4013228711666],[-74.5228644839165,39.4014724520742],[-74.5238934242343,39.4020209641757],[-74.524110405405,39.4021321181557]]}},{"type":"Feature","id":386257,"properties":{"OBJECTID":386257,"PRIMENAME":"Sooy Lane","ELEVTYP_F":0,"ELEVTYP_T":0},"geometry":{"type":"LineString","coordinates":[[-74.4887632986975,39.4333338680515],[-74.4885921143269,39.4333076859036],[-74.4884149367802,39.4332987189648],[-74.4884007814429,39.4332980023206],[-74.4882177675655,39.4332915315125],[-74.4880305782088,39.4332753682977],[-74.4878101423336,39.4332592283269],[-74.4875564251192,39.4332430843836],[-74.4873775526173,39.4332495175335],[-74.4870905458021,39.4332720546433],[-74.4870789457357,39.4332729784755],[-74.4868077182971,39.4332945924196],[-74.4863003026221,39.4333461522237],[-74.4857012922861,39.4333880060028],[-74.4853810026568,39.4334169872169],[-74.48501082403,39.4334492013037],[-74.4847529207079,39.4334684971201],[-74.4847365624287,39.4334701425352]]}},{"type":"Feature","id":386468,"properties":{"OBJECTID":386468,"PRIMENAME":"Oakhurst Avenue","ELEVTYP_F":0,"ELEVTYP_T":0},"geometry":{"type":"LineString","coordinates":[[-74.4973517129448,39.4338891641064],[-74.4974474272806,39.4345629461805],[-74.4974875331136,39.4348457751435]]}},{"type":"Feature","id":386597,"properties":{"OBJECTID":386597,"PRIMENAME":"Tremont Avenue","ELEVTYP_F":0,"ELEVTYP_T":0},"geometry":{"type":"LineString","coordinates":[[-74.4957144774571,39.4259044089439],[-74.4943005351598,39.4255394524228]]}},{"type":"Feature","id":386753,"properties":{"OBJECTID":386753,"PRIMENAME":"Cedarcrest Avenue","ELEVTYP_F":0,"ELEVTYP_T":0},"geometry":{"type":"LineString","coordinates":[[-74.5040000264943,39.4093359533246],[-74.5033206956392,39.4090550947138]]}},{"type":"Feature","id":386978,"properties":{"OBJECTID":386978,"PRIMENAME":"South Shore Road","ELEVTYP_F":0,"ELEVTYP_T":0},"geometry":{"type":"LineString","coordinates":[[-74.5020857376556,39.4163349366789],[-74.5019701343572,39.4165211756922]]}},{"type":"Feature","id":387138,"properties":{"OBJECTID":387138,"PRIMENAME":"Ritz Drive","ELEVTYP_F":0,"ELEVTYP_T":0},"geometry":{"type":"LineString","coordinates":[[-74.5147567089177,39.4426485402812],[-74.5148589205202,39.442556082085],[-74.5148859013365,39.4425281827561],[-74.5150270482078,39.4423822346028],[-74.5151344884304,39.4422373058641],[-74.5152783859321,39.4420200526544]]}},{"type":"Feature","id":387289,"properties":{"OBJECTID":387289,"PRIMENAME":"Lisbon Avenue","ELEVTYP_F":0,"ELEVTYP_T":0},"geometry":{"type":"LineString","coordinates":[[-74.4892742515714,39.4286695959464],[-74.4892999988568,39.4279211909911],[-74.4893250754346,39.4273857384233],[-74.4893364966381,39.4270122500707]]}},{"type":"Feature","id":387312,"properties":{"OBJECTID":387312,"PRIMENAME":"North New Road","ELEVTYP_F":0,"ELEVTYP_T":0},"geometry":{"type":"LineString","coordinates":[[-74.51957573638,39.4087478238474],[-74.5193566014274,39.4090636853442],[-74.519151536411,39.4093592661406],[-74.5189821356286,39.4095996756314]]}},{"type":"Feature","id":387736,"properties":{"OBJECTID":387736,"PRIMENAME":"Woodcrest Avenue","ELEVTYP_F":0,"ELEVTYP_T":0},"geometry":{"type":"LineString","coordinates":[[-74.498915354457,39.4347242750208],[-74.4989715093312,39.4347217776165],[-74.4990366227337,39.4347217781726],[-74.4991251755958,39.4347306742519],[-74.499287054563,39.4347526404145],[-74.4994043928918,39.4347683464871],[-74.4995540932896,39.4348059897055],[-74.4997200103079,39.4348593381857],[-74.4997975858621,39.4348852290838]]}},{"type":"Feature","id":388100,"properties":{"OBJECTID":388100,"PRIMENAME":"Haddon Avenue","ELEVTYP_F":0,"ELEVTYP_T":0},"geometry":{"type":"LineString","coordinates":[[-74.514375576186,39.43745752476],[-74.514665614969,39.4372065443211],[-74.5146907236282,39.4371848166132],[-74.5149780028194,39.4369198535492]]}},{"type":"Feature","id":388251,"properties":{"OBJECTID":388251,"PRIMENAME":"White Horse Pike","ELEVTYP_F":0,"ELEVTYP_T":0},"geometry":{"type":"LineString","coordinates":[[-74.5080450894339,39.4298568621842],[-74.5085695084567,39.4302222148566]]}},{"type":"Feature","id":388337,"properties":{"OBJECTID":388337,"PRIMENAME":"Ohio Avenue","ELEVTYP_F":0,"ELEVTYP_T":0},"geometry":{"type":"LineString","coordinates":[[-74.5044784576265,39.4255313236574],[-74.5040018592376,39.4252967530151],[-74.5035792542318,39.4250843366298],[-74.503434491632,39.4250054588747],[-74.50325057268,39.4248810313044],[-74.5030001670481,39.4247050425017],[-74.5028906308917,39.424623114844],[-74.5027262548189,39.4244774351828],[-74.50221758889,39.4240313618611],[-74.5017467042877,39.423618863934]]}},{"type":"Feature","id":388464,"properties":{"OBJECTID":388464,"PRIMENAME":"West Delray Lane","ELEVTYP_F":0,"ELEVTYP_T":0},"geometry":{"type":"LineString","coordinates":[[-74.5275523942303,39.4296020127008],[-74.5280346427857,39.4291846645189],[-74.5280529814492,39.4291663483592],[-74.5280678220727,39.4291462166795],[-74.5280788705952,39.4291246683853],[-74.5280859080962,39.4291021304514],[-74.528088795133,39.429079049462],[-74.528087474504,39.429055882761],[-74.528081972381,39.4290330893906],[-74.5280723977912,39.4290111209948]]}},{"type":"Feature","id":388510,"properties":{"OBJECTID":388510,"PRIMENAME":"Davis Avenue","ELEVTYP_F":0,"ELEVTYP_T":0},"geometry":{"type":"LineString","coordinates":[[-74.4893177352331,39.4355763933366],[-74.4893237944534,39.4357817127737],[-74.4893237449565,39.4361060612774],[-74.4893237442452,39.4361107220056],[-74.4893195238897,39.4363848740484],[-74.4893028354795,39.4366880729595],[-74.4892611159738,39.437439604682],[-74.4892429342596,39.4377807485915]]}},{"type":"Feature","id":388538,"properties":{"OBJECTID":388538,"PRIMENAME":"Ambassador Drive","ELEVTYP_F":0,"ELEVTYP_T":0},"geometry":{"type":"LineString","coordinates":[[-74.5053658150716,39.4361688560222],[-74.505170096312,39.4363669080064],[-74.503960418063,39.4374249316951]]}},{"type":"Feature","id":388594,"properties":{"OBJECTID":388594,"PRIMENAME":"Sooy Lane","ELEVTYP_F":0,"ELEVTYP_T":0},"geometry":{"type":"LineString","coordinates":[[-74.4847365624287,39.4334701425352],[-74.4844534476956,39.4334975064309],[-74.4841872237821,39.4335200670762],[-74.4840499866396,39.4335297130071],[-74.48394599841,39.433529698704]]}},{"type":"Feature","id":388630,"properties":{"OBJECTID":388630,"PRIMENAME":"Highland Boulevard","ELEVTYP_F":0,"ELEVTYP_T":0},"geometry":{"type":"LineString","coordinates":[[-74.5099148715806,39.4403812693585],[-74.5100064434633,39.441139853447],[-74.5100141363904,39.4412036337246],[-74.5100237833671,39.4412915434844]]}},{"type":"Feature","id":388956,"properties":{"OBJECTID":388956,"PRIMENAME":"Oak Drive","ELEVTYP_F":0,"ELEVTYP_T":0},"geometry":{"type":"LineString","coordinates":[[-74.5000520151517,39.4280872182154],[-74.5008164848869,39.4282543144861]]}},{"type":"Feature","id":388973,"properties":{"OBJECTID":388973,"PRIMENAME":"New Jersey Avenue","ELEVTYP_F":0,"ELEVTYP_T":0},"geometry":{"type":"LineString","coordinates":[[-74.5092202020061,39.4328552877096],[-74.5091648573336,39.4328123780481],[-74.5089808708034,39.4326722822154]]}},{"type":"Feature","id":389047,"properties":{"OBJECTID":389047,"PRIMENAME":"Woodcrest Avenue","ELEVTYP_F":0,"ELEVTYP_T":0},"geometry":{"type":"LineString","coordinates":[[-74.4997975858621,39.4348852290838],[-74.5000113385762,39.4349566166026],[-74.5002621970775,39.4350507361893],[-74.5007639158446,39.4352151701469]]}},{"type":"Feature","id":389106,"properties":{"OBJECTID":389106,"PRIMENAME":"North New Road","ELEVTYP_F":0,"ELEVTYP_T":0},"geometry":{"type":"LineString","coordinates":[[-74.5173474587104,39.4117498296247],[-74.5172262137641,39.4118290046895],[-74.5170925794593,39.411900356184],[-74.5169338511881,39.4119814038057],[-74.5167750811146,39.412039771733],[-74.5165661925279,39.4121013588502],[-74.5163781813097,39.4121402919974],[-74.5162737335268,39.4121597729799],[-74.5161107761312,39.4121727275722],[-74.5158559297328,39.4121792420561],[-74.5154924909972,39.4121857713966],[-74.5151917024904,39.4121922905355],[-74.5149953312461,39.4122085151318],[-74.5148157044282,39.412231244656],[-74.5146360448761,39.4122701459981],[-74.5144773048738,39.4123122837431],[-74.5143852985175,39.4123449330014]]}},{"type":"Feature","id":389343,"properties":{"OBJECTID":389343,"PRIMENAME":"Morton Avenue","ELEVTYP_F":0,"ELEVTYP_T":0},"geometry":{"type":"LineString","coordinates":[[-74.5140192185889,39.4402379922673],[-74.5134157268375,39.4407642362216]]}},{"type":"Feature","id":389638,"properties":{"OBJECTID":389638,"PRIMENAME":"Iroquois Avenue","ELEVTYP_F":0,"ELEVTYP_T":0},"geometry":{"type":"LineString","coordinates":[[-74.5063246066194,39.4368302591734],[-74.5053760699241,39.4376602442762],[-74.5049004804986,39.4380763806537]]}},{"type":"Feature","id":390147,"properties":{"OBJECTID":390147,"PRIMENAME":"East White Horse Pike","ELEVTYP_F":0,"ELEVTYP_T":0},"geometry":{"type":"LineString","coordinates":[[-74.5282529143006,39.4458663989613],[-74.5282308811642,39.4458513033614],[-74.527731112644,39.4455137105273],[-74.5273039630881,39.4452257395916],[-74.5272204120004,39.4451680973929],[-74.5269921466434,39.4450106102961],[-74.5264709962488,39.4446597275061],[-74.5260481393627,39.4443651616108],[-74.5259491026217,39.4442987400911]]}},{"type":"Feature","id":390476,"properties":{"OBJECTID":390476,"PRIMENAME":"Blenheim Avenue","ELEVTYP_F":0,"ELEVTYP_T":0},"geometry":{"type":"LineString","coordinates":[[-74.5058034343704,39.4355200136631],[-74.5061294132953,39.4357372315746],[-74.5071924172864,39.4364688005399],[-74.5080705641032,39.4370779452533],[-74.5092568079307,39.4379020966673],[-74.5096603252597,39.4381786321308]]}},{"type":"Feature","id":390556,"properties":{"OBJECTID":390556,"PRIMENAME":"Wynnewood Drive","ELEVTYP_F":0,"ELEVTYP_T":0},"geometry":{"type":"LineString","coordinates":[[-74.4913335629388,39.4194054183709],[-74.4914592203147,39.4191952204567],[-74.4919497970987,39.4183901261641],[-74.4921551509307,39.4180531083162],[-74.4923349008493,39.4177567559535]]}},{"type":"Feature","id":390783,"properties":{"OBJECTID":390783,"PRIMENAME":"Richmond Circle","ELEVTYP_F":0,"ELEVTYP_T":0},"geometry":{"type":"LineString","coordinates":[[-74.4944940996913,39.4306740033677],[-74.4943739276905,39.4307793199097],[-74.4942366185015,39.4308857614765],[-74.4941035233726,39.4309889638208],[-74.4940161727288,39.431056694019],[-74.4939579270258,39.4311179741455],[-74.4939204956735,39.4312050632133],[-74.4938913452936,39.4313437720684],[-74.4938632907482,39.431475931264],[-74.4938372592607,39.4315985646116]]}},{"type":"Feature","id":391028,"properties":{"OBJECTID":391028,"PRIMENAME":"East Bolton Avenue","ELEVTYP_F":0,"ELEVTYP_T":0},"geometry":{"type":"LineString","coordinates":[[-74.4988113827943,39.4169241920884],[-74.5007435471691,39.4176454777761],[-74.5010267339869,39.4177584315272],[-74.5011637973219,39.4178176533791]]}},{"type":"Feature","id":391245,"properties":{"OBJECTID":391245,"PRIMENAME":"West Church Street","ELEVTYP_F":0,"ELEVTYP_T":0},"geometry":{"type":"LineString","coordinates":[[-74.4991313401874,39.4258368318224],[-74.4987844716431,39.4255950478259],[-74.4985870711801,39.4254651485036],[-74.4984998410942,39.4254177581499],[-74.4984202232344,39.4253820088667],[-74.4983301252482,39.4253519425237]]}},{"type":"Feature","id":391719,"properties":{"OBJECTID":391719,"PRIMENAME":"Park Circle","ELEVTYP_F":0,"ELEVTYP_T":0},"geometry":{"type":"LineString","coordinates":[[-74.4935094736701,39.4201807655097],[-74.493599173753,39.4202119886157],[-74.4936881991581,39.4202559237105],[-74.4938337908523,39.420337531417],[-74.4943533932096,39.4206301890802],[-74.4944689363493,39.420695266641]]}},{"type":"Feature","id":391942,"properties":{"OBJECTID":391942,"PRIMENAME":"Pitney Road","ELEVTYP_F":0,"ELEVTYP_T":0},"geometry":{"type":"LineString","coordinates":[[-74.4993565470765,39.4321234177062],[-74.499340472011,39.4322181095566],[-74.4992687365874,39.4326406953138],[-74.4991985565928,39.4330864765648]]}},{"type":"Feature","id":392024,"properties":{"OBJECTID":392024,"PRIMENAME":"Franklin Boulevard","ELEVTYP_F":0,"ELEVTYP_T":0},"geometry":{"type":"LineString","coordinates":[[-74.4988113827943,39.4169241920884],[-74.4983948766735,39.4175998913124]]}},{"type":"Feature","id":392976,"properties":{"OBJECTID":392976,"PRIMENAME":"Absecon Boulevard","ELEVTYP_F":0,"ELEVTYP_T":0},"geometry":{"type":"LineString","coordinates":[[-74.4925918735951,39.3961828444758],[-74.492571008301,39.3960604418829],[-74.492525273016,39.3958652229875],[-74.4924261815041,39.3956019628672],[-74.4923270870391,39.3953830726638],[-74.4922127385429,39.3951790076854],[-74.4920678526245,39.3949719201135],[-74.4918468228255,39.3947027210903],[-74.4915838264072,39.3944365110798],[-74.4915701089203,39.3944222647666],[-74.4913246182723,39.394167307372],[-74.4910844825695,39.3939218001981],[-74.4906706424532,39.3934926920629],[-74.4906194664941,39.3934396260589],[-74.4899842746107,39.3927878914605]]}},{"type":"Feature","id":393024,"properties":{"OBJECTID":393024,"PRIMENAME":"New York Avenue","ELEVTYP_F":0,"ELEVTYP_T":0},"geometry":{"type":"LineString","coordinates":[[-74.5018866461787,39.4354640775516],[-74.5018350312496,39.4357585204133],[-74.5018256854772,39.4358381988419],[-74.5018350344847,39.4358816621953],[-74.5018490569576,39.4359287493835],[-74.5018817391083,39.4359722123588],[-74.5019471374723,39.4360265203877],[-74.5021433346107,39.4361605583648],[-74.502862660658,39.4366567617837],[-74.5030497617888,39.4367876969942]]}},{"type":"Feature","id":393032,"properties":{"OBJECTID":393032,"PRIMENAME":"North New Road","ELEVTYP_F":0,"ELEVTYP_T":0},"geometry":{"type":"LineString","coordinates":[[-74.5271244949683,39.397283424381],[-74.5267714331605,39.3978496604939],[-74.526557925579,39.3981947839447]]}},{"type":"Feature","id":393043,"properties":{"OBJECTID":393043,"PRIMENAME":"Hay Road","ELEVTYP_F":0,"ELEVTYP_T":0},"geometry":{"type":"LineString","coordinates":[[-74.4813521471781,39.4310978288387],[-74.481126564754,39.4310295083186],[-74.4803897019995,39.4307818208383],[-74.4802241074125,39.4307261576765]]}},{"type":"Feature","id":393369,"properties":{"OBJECTID":393369,"PRIMENAME":"Andrea Lane","ELEVTYP_F":0,"ELEVTYP_T":0},"geometry":{"type":"LineString","coordinates":[[-74.4912269940568,39.4308410668293],[-74.4913001897525,39.4307275131331],[-74.4914000597897,39.4304985339102],[-74.4915123974853,39.4302211501775],[-74.4915973930459,39.4299763786753],[-74.4916288833615,39.4298856957219]]}},{"type":"Feature","id":393775,"properties":{"OBJECTID":393775,"PRIMENAME":"Traymore Avenue","ELEVTYP_F":0,"ELEVTYP_T":0},"geometry":{"type":"LineString","coordinates":[[-74.5102196575247,39.437570426116],[-74.5099461002178,39.4373764423338],[-74.50953280929,39.4370713821616]]}},{"type":"Feature","id":394031,"properties":{"OBJECTID":394031,"PRIMENAME":"Haddon Avenue","ELEVTYP_F":0,"ELEVTYP_T":0},"geometry":{"type":"LineString","coordinates":[[-74.5150796397394,39.4368260763742],[-74.5155545116223,39.4364348621975]]}},{"type":"Feature","id":394316,"properties":{"OBJECTID":394316,"PRIMENAME":"Cherokee Lane","ELEVTYP_F":0,"ELEVTYP_T":0},"geometry":{"type":"LineString","coordinates":[[-74.4913347387804,39.4316346199702],[-74.4914872510174,39.4317467905612],[-74.4915912300107,39.4318016288305],[-74.4916910347609,39.4318338972002],[-74.4917652594556,39.4318722773964],[-74.4917659122309,39.4318726152421],[-74.4918241131971,39.4319177853858],[-74.4918864913719,39.431972620459],[-74.4919364057762,39.4320371193026],[-74.4920359026856,39.4321657520774],[-74.4921110714797,39.4322629326387]]}},{"type":"Feature","id":395500,"properties":{"OBJECTID":395500,"PRIMENAME":"South Mill Road","ELEVTYP_F":0,"ELEVTYP_T":0},"geometry":{"type":"LineString","coordinates":[[-74.5141427702623,39.4313422210266],[-74.5137137496385,39.4314424060824],[-74.5132413941239,39.4315514070089],[-74.5127788089537,39.4316569467765]]}},{"type":"Feature","id":396629,"properties":{"OBJECTID":396629,"PRIMENAME":"Shore Road","ELEVTYP_F":0,"ELEVTYP_T":0},"geometry":{"type":"LineString","coordinates":[[-74.4994870424253,39.4237895180803],[-74.4994671464089,39.4238203514682],[-74.499226874173,39.4241427436665],[-74.4990338967877,39.424402699522]]}},{"type":"Feature","id":397096,"properties":{"OBJECTID":397096,"PRIMENAME":"North New Road","ELEVTYP_F":0,"ELEVTYP_T":0},"geometry":{"type":"LineString","coordinates":[[-74.5212295206403,39.4064424752334],[-74.5210682677663,39.4066625687946],[-74.5207159683854,39.4071403753369]]}},{"type":"Feature","id":397123,"properties":{"OBJECTID":397123,"PRIMENAME":"White Horse Pike","ELEVTYP_F":0,"ELEVTYP_T":0},"geometry":{"type":"LineString","coordinates":[[-74.5001462501105,39.4237395751598],[-74.5002642790126,39.4238499229267],[-74.5005464645193,39.4241013405634],[-74.5006592899456,39.4241915343541]]}},{"type":"Feature","id":397216,"properties":{"OBJECTID":397216,"PRIMENAME":"Manor Drive","ELEVTYP_F":0,"ELEVTYP_T":0},"geometry":{"type":"LineString","coordinates":[[-74.5114995968789,39.414709442521],[-74.511499774403,39.414708493059],[-74.5115122439574,39.4146415055435],[-74.5115391717081,39.414496843203],[-74.5115417558445,39.4144841830856],[-74.5115937168617,39.4142295997658],[-74.5115999530535,39.4142086537122],[-74.5116098869628,39.4141885819672],[-74.5116233293612,39.4141697818021],[-74.5116400190145,39.4141526144633],[-74.5117756348694,39.4140525253891],[-74.5118104593791,39.4140222765527],[-74.511838511671,39.4139880558614],[-74.5118590556414,39.4139507632955],[-74.511871543336,39.4139113843916],[-74.5118992549542,39.4137863719506],[-74.5119355695871,39.4136016868311]]}},{"type":"Feature","id":397388,"properties":{"OBJECTID":397388,"PRIMENAME":"Minnetonka Avenue","ELEVTYP_F":0,"ELEVTYP_T":0},"geometry":{"type":"LineString","coordinates":[[-74.5149840255346,39.4311483277718],[-74.5154360552798,39.4323355932446],[-74.5154790582574,39.4324272374687],[-74.5155292414081,39.4324883481532],[-74.5155937291792,39.4325466842408],[-74.515973444533,39.4328105162053],[-74.5165645727568,39.4332215110547]]}},{"type":"Feature","id":397426,"properties":{"OBJECTID":397426,"PRIMENAME":"North New Road","ELEVTYP_F":0,"ELEVTYP_T":0},"geometry":{"type":"LineString","coordinates":[[-74.5124936791619,39.4145953949394],[-74.5123837453706,39.4147926425294],[-74.5123712187138,39.4148145261254]]}},{"type":"Feature","id":397513,"properties":{"OBJECTID":397513,"PRIMENAME":"Sycamore Avenue","ELEVTYP_F":0,"ELEVTYP_T":0},"geometry":{"type":"LineString","coordinates":[[-74.4967189657246,39.4308447833071],[-74.4966323548822,39.4310438942808],[-74.4962371982569,39.4317405886696],[-74.4961314667933,39.4319511207455]]}},{"type":"Feature","id":397569,"properties":{"OBJECTID":397569,"PRIMENAME":"West Merion Avenue","ELEVTYP_F":0,"ELEVTYP_T":0},"geometry":{"type":"LineString","coordinates":[[-74.5219458421197,39.39989653744],[-74.5225020726932,39.4001910020304]]}},{"type":"Feature","id":397583,"properties":{"OBJECTID":397583,"PRIMENAME":"New Jersey Avenue","ELEVTYP_F":0,"ELEVTYP_T":0},"geometry":{"type":"LineString","coordinates":[[-74.5166767294003,39.4379338331942],[-74.516191837643,39.4375934146181],[-74.5157542140021,39.4372907139162],[-74.5154810141253,39.4371017407198],[-74.5150796397394,39.4368260763742]]}},{"type":"Feature","id":397620,"properties":{"OBJECTID":397620,"PRIMENAME":"Delilah Road","ELEVTYP_F":0,"ELEVTYP_T":0},"geometry":{"type":"LineString","coordinates":[[-74.5307381657597,39.412398945992],[-74.529242848112,39.4117599812463]]}},{"type":"Feature","id":397831,"properties":{"OBJECTID":397831,"PRIMENAME":"Osage Lane","ELEVTYP_F":0,"ELEVTYP_T":0},"geometry":{"type":"LineString","coordinates":[[-74.501530092146,39.4320720107128],[-74.50156510932,39.4321106139671],[-74.5016096142923,39.4321419962786],[-74.5016703002842,39.4321702480665],[-74.5017957429299,39.4321922112659],[-74.5021639270772,39.4322486823555],[-74.5031032798164,39.432385613967]]}},{"type":"Feature","id":397865,"properties":{"OBJECTID":397865,"PRIMENAME":"New Jersey Avenue","ELEVTYP_F":0,"ELEVTYP_T":0},"geometry":{"type":"LineString","coordinates":[[-74.5083617423422,39.4321907705256],[-74.5081945061035,39.432053445787],[-74.5080702014123,39.43194253285],[-74.5078838618663,39.4317762672257],[-74.5076072117823,39.4315221775752],[-74.507188540354,39.4311311422959]]}},{"type":"Feature","id":398146,"properties":{"OBJECTID":398146,"PRIMENAME":"Shady Lane","ELEVTYP_F":0,"ELEVTYP_T":0},"geometry":{"type":"LineString","coordinates":[[-74.4944940996913,39.4306740033677],[-74.494876606381,39.4307741815484]]}},{"type":"Feature","id":398249,"properties":{"OBJECTID":398249,"PRIMENAME":"Absecon Boulevard","ELEVTYP_F":0,"ELEVTYP_T":0},"geometry":{"type":"LineString","coordinates":[[-74.4917805425211,39.4076872991238],[-74.491780498319,39.4076879540039],[-74.4917575680875,39.408025011881],[-74.4917245979602,39.4085186140302],[-74.4917002705186,39.4088828039086],[-74.49165699731,39.4095318161027],[-74.4916480131253,39.4096665484165],[-74.4916353842552,39.4098559402282],[-74.491566582498,39.4109858254896],[-74.4915245657091,39.4115951364564],[-74.4915051698152,39.4118872172871],[-74.4914558091547,39.4126304056267],[-74.4914175360217,39.4131600777005],[-74.491394682608,39.413476335689],[-74.4913297455982,39.4144997709051],[-74.4912938549384,39.415055240089],[-74.4912889214681,39.4151316069403]]}},{"type":"Feature","id":398255,"properties":{"OBJECTID":398255,"PRIMENAME":"Vassar Square","ELEVTYP_F":0,"ELEVTYP_T":0},"geometry":{"type":"LineString","coordinates":[[-74.496221573073,39.4247362101607],[-74.4957144774571,39.4259044089439]]}},{"type":"Feature","id":398298,"properties":{"OBJECTID":398298,"PRIMENAME":"Westcoat Road","ELEVTYP_F":0,"ELEVTYP_T":0},"geometry":{"type":"LineString","coordinates":[[-74.5229304864131,39.4298866466526],[-74.5231876798227,39.429931350053],[-74.5233363892616,39.42996470752],[-74.5235907606592,39.4300405178809],[-74.5236757379012,39.4300670183305]]}},{"type":"Feature","id":398546,"properties":{"OBJECTID":398546,"PRIMENAME":"Woodland Avenue","ELEVTYP_F":0,"ELEVTYP_T":0},"geometry":{"type":"LineString","coordinates":[[-74.5231798487882,39.3995449748184],[-74.523393111233,39.3996898678198],[-74.5239599938242,39.4000574145034]]}},{"type":"Feature","id":398582,"properties":{"OBJECTID":398582,"PRIMENAME":"North New Road","ELEVTYP_F":0,"ELEVTYP_T":0},"geometry":{"type":"LineString","coordinates":[[-74.512975507529,39.4137636980988],[-74.5127563514751,39.4141240915209],[-74.5126100229741,39.4143866451135],[-74.5124936791619,39.4145953949394]]}},{"type":"Feature","id":398587,"properties":{"OBJECTID":398587,"PRIMENAME":"White Horse Pike","ELEVTYP_F":0,"ELEVTYP_T":0},"geometry":{"type":"LineString","coordinates":[[-74.5007623788071,39.4241497447203],[-74.5006403138144,39.4240526320373],[-74.5004930776869,39.4239149662284],[-74.5003138043089,39.4237404810295],[-74.5001231332606,39.4235393354894],[-74.5000820142382,39.4234920029979],[-74.499953032601,39.4233435214741],[-74.4998790425085,39.4232583462883],[-74.4997215437254,39.4230678538631]]}},{"type":"Feature","id":398666,"properties":{"OBJECTID":398666,"PRIMENAME":"Absecon Boulevard","ELEVTYP_F":0,"ELEVTYP_T":0},"geometry":{"type":"LineString","coordinates":[[-74.4994503787341,39.4227411832046],[-74.4994437899416,39.4227332957688],[-74.4993832551171,39.422660865741],[-74.4991849783208,39.422400357665],[-74.4991125154648,39.4222881696974],[-74.4989714111691,39.4220900159444],[-74.4986472224059,39.4216640530842],[-74.4985443475361,39.4215277526734]]}},{"type":"Feature","id":398718,"properties":{"OBJECTID":398718,"PRIMENAME":"4th Street","ELEVTYP_F":0,"ELEVTYP_T":0},"geometry":{"type":"LineString","coordinates":[[-74.481525047759,39.4341131449831],[-74.4816062168445,39.4339842482154],[-74.4817757707867,39.4337149857677]]}},{"type":"Feature","id":398743,"properties":{"OBJECTID":398743,"PRIMENAME":"Fourth Street","ELEVTYP_F":0,"ELEVTYP_T":0},"geometry":{"type":"LineString","coordinates":[[-74.5233121653101,39.4006268475952],[-74.5236337161358,39.4003328487573]]}},{"type":"Feature","id":398890,"properties":{"OBJECTID":398890,"PRIMENAME":"Highland Boulevard","ELEVTYP_F":0,"ELEVTYP_T":0},"geometry":{"type":"LineString","coordinates":[[-74.5096603252597,39.4381786321308],[-74.5097712181772,39.4391401449336],[-74.5097798684464,39.4392159787385]]}},{"type":"Feature","id":399038,"properties":{"OBJECTID":399038,"PRIMENAME":"Reed Road","ELEVTYP_F":0,"ELEVTYP_T":0},"geometry":{"type":"LineString","coordinates":[[-74.4951036353137,39.4196423792352],[-74.4946613321911,39.4197883065757]]}},{"type":"Feature","id":399122,"properties":{"OBJECTID":399122,"PRIMENAME":"Absecon Boulevard","ELEVTYP_F":0,"ELEVTYP_T":0},"geometry":{"type":"LineString","coordinates":[[-74.4890433592661,39.3919652485868],[-74.4890670614866,39.3919907715153],[-74.4895674748023,39.392498928959],[-74.4898083434667,39.3927433962559]]}},{"type":"Feature","id":399145,"properties":{"OBJECTID":399145,"PRIMENAME":"Haddon Avenue","ELEVTYP_F":0,"ELEVTYP_T":0},"geometry":{"type":"LineString","coordinates":[[-74.5118260985631,39.4396763141062],[-74.5124624836443,39.4391258018928]]}},{"type":"Feature","id":399190,"properties":{"OBJECTID":399190,"PRIMENAME":"Stone Circle","ELEVTYP_F":0,"ELEVTYP_T":0},"geometry":{"type":"LineString","coordinates":[[-74.4927977910491,39.4312960725894],[-74.4932978685041,39.4312264644245],[-74.4935211982755,39.4311953769989]]}},{"type":"Feature","id":399192,"properties":{"OBJECTID":399192,"PRIMENAME":"Meadowview Avenue","ELEVTYP_F":0,"ELEVTYP_T":0},"geometry":{"type":"LineString","coordinates":[[-74.5091395494505,39.4193186743286],[-74.5086407994445,39.419220390978],[-74.5071356402014,39.4189313216819],[-74.5069837403951,39.4188992065531],[-74.5069331183839,39.4188885017657],[-74.5068824964908,39.4188670332901],[-74.5068410407966,39.4188278004659],[-74.5068180281356,39.4187921084948],[-74.5068134214306,39.4187492495732],[-74.5068180149148,39.418656446123],[-74.5068318114418,39.4185671849797],[-74.5068410020476,39.4184315220616]]}},{"type":"Feature","id":399199,"properties":{"OBJECTID":399199,"PRIMENAME":"Pitney Road","ELEVTYP_F":0,"ELEVTYP_T":0},"geometry":{"type":"LineString","coordinates":[[-74.5003138174927,39.4266569305315],[-74.5002795128777,39.4267723022998],[-74.5001727044647,39.4273845803031],[-74.5000582815725,39.42805009718],[-74.5000520151517,39.4280872182154]]}},{"type":"Feature","id":399251,"properties":{"OBJECTID":399251,"PRIMENAME":"North New Road","ELEVTYP_F":0,"ELEVTYP_T":0},"geometry":{"type":"LineString","coordinates":[[-74.5055298497227,39.4279970022522],[-74.5055076550257,39.428038516635],[-74.5054879734841,39.4280753368303]]}},{"type":"Feature","id":399327,"properties":{"OBJECTID":399327,"PRIMENAME":"Haddon Avenue","ELEVTYP_F":0,"ELEVTYP_T":0},"geometry":{"type":"LineString","coordinates":[[-74.5130931928972,39.4385743265348],[-74.5136241272897,39.4381077001573],[-74.5137305484584,39.438015626127]]}},{"type":"Feature","id":399420,"properties":{"OBJECTID":399420,"PRIMENAME":"North New Road","ELEVTYP_F":0,"ELEVTYP_T":0},"geometry":{"type":"LineString","coordinates":[[-74.5289669816367,39.3943244259358],[-74.5286829110387,39.3947839542711]]}},{"type":"Feature","id":399436,"properties":{"OBJECTID":399436,"PRIMENAME":"New York Road","ELEVTYP_F":0,"ELEVTYP_T":0},"geometry":{"type":"LineString","coordinates":[[-74.4749818665575,39.4462350278986],[-74.4744763470467,39.4467310262202],[-74.4744270451963,39.4467796547853],[-74.474425723707,39.4467809588477]]}},{"type":"Feature","id":399446,"properties":{"OBJECTID":399446,"PRIMENAME":"South Mill Road","ELEVTYP_F":0,"ELEVTYP_T":0},"geometry":{"type":"LineString","coordinates":[[-74.5246135476996,39.4221935519095],[-74.5245267120895,39.4222631552538],[-74.524461380688,39.422314046197]]}},{"type":"Feature","id":399458,"properties":{"OBJECTID":399458,"PRIMENAME":"East White Horse Pike","ELEVTYP_F":0,"ELEVTYP_T":0},"geometry":{"type":"LineString","coordinates":[[-74.5281778635555,39.4459261066384],[-74.5284701686223,39.4461260554771],[-74.5288716848248,39.4464007939512],[-74.5294013978876,39.4467582521356],[-74.5303838991705,39.4474201919894],[-74.5305015789488,39.4475066754465]]}},{"type":"Feature","id":399493,"properties":{"OBJECTID":399493,"PRIMENAME":"East Curran Drive","ELEVTYP_F":0,"ELEVTYP_T":0},"geometry":{"type":"LineString","coordinates":[[-74.4834550802829,39.4334267236274],[-74.4834219187385,39.4335135360459],[-74.4832720909483,39.4337650697257],[-74.4829184151138,39.4343488238565],[-74.4828102095931,39.4345068736739],[-74.4827833904699,39.4345510817816],[-74.4827769489016,39.4345616994366],[-74.4827394796725,39.4345971673141],[-74.4827062276519,39.4346165196269],[-74.4826438026644,39.4346294142637],[-74.4825855957352,39.4346229531484],[-74.4825314960165,39.4346132533506],[-74.482394267046,39.4345809985039],[-74.4822902870545,39.434542270021],[-74.4822071222618,39.4345229000801],[-74.4821363822245,39.4345132245762],[-74.4820656721007,39.4345228783604],[-74.4820199218778,39.4345422285499],[-74.4819824531027,39.4345744839375],[-74.4819242246076,39.4346519012064],[-74.4818368735141,39.4347970223915],[-74.4817952151826,39.4348712029088],[-74.481774417637,39.4349227901603],[-74.4817910467451,39.4349711710258],[-74.48184088981,39.4350098924152]]}},{"type":"Feature","id":399531,"properties":{"OBJECTID":399531,"PRIMENAME":"Oak Lane","ELEVTYP_F":0,"ELEVTYP_T":0},"geometry":{"type":"LineString","coordinates":[[-74.4961314667933,39.4319511207455],[-74.496969233501,39.4318793194985],[-74.4978676476766,39.4318019130785],[-74.4994324610672,39.4316725837345]]}},{"type":"Feature","id":399540,"properties":{"OBJECTID":399540,"PRIMENAME":"Coolidge Avenue","ELEVTYP_F":0,"ELEVTYP_T":0},"geometry":{"type":"LineString","coordinates":[[-74.4973517129448,39.4338891641064],[-74.4990808230727,39.4337513324187]]}},{"type":"Feature","id":399542,"properties":{"OBJECTID":399542,"PRIMENAME":"Katie Court","ELEVTYP_F":0,"ELEVTYP_T":0},"geometry":{"type":"LineString","coordinates":[[-74.5075374890898,39.4386596870843],[-74.5064037284152,39.4378715103376]]}},{"type":"Feature","id":399605,"properties":{"OBJECTID":399605,"PRIMENAME":"Cynwyd Drive","ELEVTYP_F":0,"ELEVTYP_T":0},"geometry":{"type":"LineString","coordinates":[[-74.4888250705039,39.4218818036049],[-74.4895252492578,39.4207263087325],[-74.4896662812393,39.4204907179226]]}},{"type":"Feature","id":399609,"properties":{"OBJECTID":399609,"PRIMENAME":"Black Horse Pike","ELEVTYP_F":0,"ELEVTYP_T":0},"geometry":{"type":"LineString","coordinates":[[-74.5127428592642,39.386089642539],[-74.5126099409302,39.3860991740341],[-74.5124099864342,39.3861135111395],[-74.5121301545558,39.3861461038777],[-74.511817664105,39.3861823241068],[-74.5116623740432,39.3861999388181]]}},{"type":"Feature","id":399610,"properties":{"OBJECTID":399610,"PRIMENAME":"Hendricks Street","ELEVTYP_F":0,"ELEVTYP_T":0},"geometry":{"type":"LineString","coordinates":[[-74.5231798487882,39.3995449748184],[-74.523661941379,39.3989333014696],[-74.5236658428504,39.3989274850876],[-74.5236692891338,39.3989214994469],[-74.5236722709482,39.398915365268],[-74.523674775529,39.3989091032721],[-74.5236767947568,39.3989027359809],[-74.5236783181901,39.3988962868173],[-74.5236793446753,39.398889777401],[-74.5236798684165,39.3988832347574],[-74.5236798882592,39.3988766778034],[-74.5236794042123,39.3988701326624],[-74.523678416283,39.398863620053],[-74.5236769314468,39.3988571669977],[-74.5236749520324,39.3988507924129],[-74.5236724861755,39.3988445206187],[-74.5236695420115,39.398838375935],[-74.523666129996,39.3988323754751],[-74.5236622640709,39.3988265471608],[-74.5236579558516,39.3988209054028],[-74.5236532227624,39.3988154754198],[-74.5236480787407,39.3988102716218],[-74.5236425446929,39.3988053165248],[-74.5234674063247,39.3986923803928]]}},{"type":"Feature","id":399619,"properties":{"OBJECTID":399619,"PRIMENAME":"East Lee Avenue","ELEVTYP_F":0,"ELEVTYP_T":0},"geometry":{"type":"LineString","coordinates":[[-74.5017050508148,39.4169470848628],[-74.4993513137663,39.4160591535831]]}},{"type":"Feature","id":399669,"properties":{"OBJECTID":399669,"PRIMENAME":"Shelburne Avenue","ELEVTYP_F":0,"ELEVTYP_T":0},"geometry":{"type":"LineString","coordinates":[[-74.5130931928972,39.4385743265348],[-74.5141673978479,39.4393111295244],[-74.5146777173497,39.4396637707468]]}},{"type":"Feature","id":399671,"properties":{"OBJECTID":399671,"PRIMENAME":"Cherry Court","ELEVTYP_F":0,"ELEVTYP_T":0},"geometry":{"type":"LineString","coordinates":[[-74.4998800659918,39.4244956704885],[-74.499978979076,39.4246301797588],[-74.5001448715549,39.4248874741753],[-74.500351195671,39.4252294713152],[-74.5003997321993,39.4253173585701],[-74.5004156992554,39.4253405595078],[-74.5004287973807,39.4253516519059],[-74.500433683766,39.4253549632269]]}},{"type":"Feature","id":399685,"properties":{"OBJECTID":399685,"PRIMENAME":"Bayberry Lane","ELEVTYP_F":0,"ELEVTYP_T":0},"geometry":{"type":"LineString","coordinates":[[-74.4826417521179,39.4323316990777],[-74.48088002504,39.4318643075037]]}},{"type":"Feature","id":399707,"properties":{"OBJECTID":399707,"PRIMENAME":"Michigan Avenue","ELEVTYP_F":0,"ELEVTYP_T":0},"geometry":{"type":"LineString","coordinates":[[-74.5080102301414,39.4305994507063],[-74.5081502458343,39.4305086152394],[-74.5082469653565,39.4304613831438],[-74.5083400732677,39.4304030317662],[-74.5084188771542,39.4303419357152],[-74.5085155935568,39.4302724635734],[-74.5085695084567,39.4302222148566]]}},{"type":"Feature","id":399710,"properties":{"OBJECTID":399710,"PRIMENAME":"Summit Avenue","ELEVTYP_F":0,"ELEVTYP_T":0},"geometry":{"type":"LineString","coordinates":[[-74.5022906780293,39.4160048784318],[-74.5048570569058,39.4164787802993]]}},{"type":"Feature","id":399724,"properties":{"OBJECTID":399724,"PRIMENAME":"North New Road","ELEVTYP_F":0,"ELEVTYP_T":0},"geometry":{"type":"LineString","coordinates":[[-74.528493927728,39.3950878627107],[-74.5280552016982,39.3957919279989]]}},{"type":"Feature","id":399735,"properties":{"OBJECTID":399735,"PRIMENAME":"Absecon Boulevard","ELEVTYP_F":0,"ELEVTYP_T":0},"geometry":{"type":"LineString","coordinates":[[-74.4923349008493,39.4177567559535],[-74.4924237774372,39.4178303995323],[-74.4925716890277,39.4179428641307],[-74.4926144178924,39.4179753542283],[-74.4928012728955,39.4180996070733],[-74.4929576192675,39.4181912938286],[-74.4931025329743,39.4182652699541],[-74.4932741364115,39.4183510542379],[-74.4935143776163,39.4184575434124],[-74.4935959332201,39.4184877229487],[-74.4936405422822,39.4185042226578],[-74.493762230178,39.4185492341443],[-74.4939033245566,39.4185965768925],[-74.4943172810252,39.4187486259607],[-74.4944372032658,39.4187944320598]]}},{"type":"Feature","id":399751,"properties":{"OBJECTID":399751,"PRIMENAME":"North New Road","ELEVTYP_F":0,"ELEVTYP_T":0},"geometry":{"type":"LineString","coordinates":[[-74.5052403625868,39.4285623706996],[-74.5050280091958,39.429031994541],[-74.5050039732957,39.4290801261693]]}},{"type":"Feature","id":399807,"properties":{"OBJECTID":399807,"PRIMENAME":"Delilah Road","ELEVTYP_F":0,"ELEVTYP_T":0},"geometry":{"type":"LineString","coordinates":[[-74.529242848112,39.4117599812463],[-74.5285596845309,39.4114647411684]]}},{"type":"Feature","id":399808,"properties":{"OBJECTID":399808,"PRIMENAME":"Delaware Avenue","ELEVTYP_F":0,"ELEVTYP_T":0},"geometry":{"type":"LineString","coordinates":[[-74.5028846249536,39.4300846357122],[-74.5034318209603,39.4304627509625]]}},{"type":"Feature","id":399820,"properties":{"OBJECTID":399820,"PRIMENAME":"White Horse Pike","ELEVTYP_F":0,"ELEVTYP_T":0},"geometry":{"type":"LineString","coordinates":[[-74.5175243107303,39.4376118661839],[-74.5175292071067,39.4376252179698],[-74.5175708159254,39.4377387058896],[-74.5176891194276,39.4380345026884],[-74.5177960030165,39.438256306886],[-74.5178210618458,39.438301217716],[-74.5179030910667,39.4384482432016],[-74.5179181129622,39.4384751702304],[-74.5180669530307,39.4386792580116],[-74.5182004931222,39.4388655833637],[-74.5182259152067,39.4388939076612],[-74.518322583693,39.4390016107323],[-74.5184331336606,39.4391485115234],[-74.5184351857976,39.439150601949],[-74.5185193781136,39.4392362760265],[-74.5185211885721,39.4392381890319]]}},{"type":"Feature","id":399865,"properties":{"OBJECTID":399865,"PRIMENAME":"Reed Road","ELEVTYP_F":0,"ELEVTYP_T":0},"geometry":{"type":"LineString","coordinates":[[-74.4898239081557,39.4222479443672],[-74.4897839338161,39.4223046381204],[-74.4897287143759,39.4223853746692],[-74.4895006665207,39.4227187935453],[-74.489379285097,39.4228976336606],[-74.4892376428129,39.4231517849503],[-74.4890878906084,39.4234184825376],[-74.4890312331701,39.4235188857681],[-74.4890069762742,39.4235628136862],[-74.4889624730162,39.4235910072107],[-74.4889544368043,39.4235916658336]]}},{"type":"Feature","id":399874,"properties":{"OBJECTID":399874,"PRIMENAME":"Cedarcrest Avenue","ELEVTYP_F":0,"ELEVTYP_T":0},"geometry":{"type":"LineString","coordinates":[[-74.5060691310427,39.4102326760816],[-74.5059681085178,39.4101526450585],[-74.5045722916401,39.4095725531087],[-74.5040000264943,39.4093359533246]]}},{"type":"Feature","id":399883,"properties":{"OBJECTID":399883,"PRIMENAME":"Shore Road","ELEVTYP_F":0,"ELEVTYP_T":0},"geometry":{"type":"LineString","coordinates":[[-74.4967661392924,39.427457103041],[-74.4964769468691,39.4278429952319],[-74.4962595536959,39.428141741195],[-74.4961375099904,39.4282984861667],[-74.4960383373931,39.4284167919869],[-74.495921356996,39.4285340269482]]}},{"type":"Feature","id":399890,"properties":{"OBJECTID":399890,"PRIMENAME":"Delaware Avenue","ELEVTYP_F":0,"ELEVTYP_T":0},"geometry":{"type":"LineString","coordinates":[[-74.5039614243136,39.4308285079588],[-74.5043384343584,39.431088683],[-74.5048264069885,39.4314254318488],[-74.5048717283865,39.4314563183435]]}},{"type":"Feature","id":399955,"properties":{"OBJECTID":399955,"PRIMENAME":"Absecon Boulevard","ELEVTYP_F":0,"ELEVTYP_T":0},"geometry":{"type":"LineString","coordinates":[[-74.4924976680922,39.3985319666195],[-74.4925135844918,39.3982847762833],[-74.492560514151,39.397601109721],[-74.4925899287346,39.3971725982731],[-74.4926128616353,39.3968265378669],[-74.4926204871878,39.3966608922023],[-74.4926243238611,39.3965218803659],[-74.4926166956925,39.3963710330354],[-74.4926052771622,39.39626159092],[-74.4925918735951,39.3961828444758]]}},{"type":"Feature","id":399966,"properties":{"OBJECTID":399966,"PRIMENAME":"Keefer Avenue","ELEVTYP_F":0,"ELEVTYP_T":0},"geometry":{"type":"LineString","coordinates":[[-74.5077204181007,39.4255700312093],[-74.5081037186494,39.4247899946494],[-74.5081531787841,39.4246893376389]]}},{"type":"Feature","id":399982,"properties":{"OBJECTID":399982,"PRIMENAME":"Blenheim Avenue","ELEVTYP_F":0,"ELEVTYP_T":0},"geometry":{"type":"LineString","coordinates":[[-74.5096603252597,39.4381786321308],[-74.5102196955741,39.4385619853744],[-74.511425289621,39.4394010218561],[-74.5118260985631,39.4396763141062]]}},{"type":"Feature","id":399986,"properties":{"OBJECTID":399986,"PRIMENAME":"Mill Road","ELEVTYP_F":0,"ELEVTYP_T":0},"geometry":{"type":"LineString","coordinates":[[-74.5051674369365,39.4329521031231],[-74.504126364968,39.4330403617225],[-74.5037816535671,39.433070053853],[-74.5036028890566,39.4330832931601],[-74.503428444191,39.4330898886771],[-74.5032412173015,39.4330800095882],[-74.5031706164787,39.4330727628109]]}},{"type":"Feature","id":400015,"properties":{"OBJECTID":400015,"PRIMENAME":"West Church Street","ELEVTYP_F":0,"ELEVTYP_T":0},"geometry":{"type":"LineString","coordinates":[[-74.5033835178871,39.428774951579],[-74.5028353803809,39.428392388769]]}},{"type":"Feature","id":400018,"properties":{"OBJECTID":400018,"PRIMENAME":"New York Road","ELEVTYP_F":0,"ELEVTYP_T":0},"geometry":{"type":"LineString","coordinates":[[-74.4766768696498,39.4445053572754],[-74.4766514683458,39.4445391230436],[-74.4765391299826,39.4446815443034],[-74.4764497668038,39.4447833612961]]}},{"type":"Feature","id":400043,"properties":{"OBJECTID":400043,"PRIMENAME":"East Faunce Landing Road","ELEVTYP_F":0,"ELEVTYP_T":0},"geometry":{"type":"LineString","coordinates":[[-74.4893364966381,39.4270122500707],[-74.4903457000023,39.427219030186]]}},{"type":"Feature","id":400085,"properties":{"OBJECTID":400085,"PRIMENAME":"Black Horse Pike","ELEVTYP_F":0,"ELEVTYP_T":0},"geometry":{"type":"LineString","coordinates":[[-74.5315189170418,39.3915195930266],[-74.5314371062119,39.3915105557671],[-74.5313435118895,39.3915063805662],[-74.5312142475169,39.3915006222426],[-74.5309613509475,39.3915006898171],[-74.5307584600021,39.3915166950842],[-74.530690029955,39.3915259391979]]}},{"type":"Feature","id":400100,"properties":{"OBJECTID":400100,"PRIMENAME":"Cynwyd Drive","ELEVTYP_F":0,"ELEVTYP_T":0},"geometry":{"type":"LineString","coordinates":[[-74.4879765326309,39.4232716182898],[-74.4883071971897,39.4227375145595],[-74.4888008855348,39.4219217229388],[-74.4888250705039,39.4218818036049]]}},{"type":"Feature","id":400122,"properties":{"OBJECTID":400122,"PRIMENAME":"East Village Drive","ELEVTYP_F":0,"ELEVTYP_T":0},"geometry":{"type":"LineString","coordinates":[[-74.4752548230519,39.4449465330433],[-74.4749424496897,39.4447614380629],[-74.4747673755576,39.4446560781846],[-74.4746798514542,39.4446162745853],[-74.4746074083741,39.4445905050203],[-74.4745138257138,39.4445600628525],[-74.47445044488,39.4445436571535],[-74.4743779985293,39.4445272503242],[-74.4742904644825,39.4445155341672],[-74.4741606507284,39.4444991145092],[-74.4736263472215,39.4444311222756],[-74.4732942690872,39.4443959298564],[-74.4731855943735,39.4443865419762],[-74.4730799317099,39.4443724876643],[-74.4729712613333,39.444349041753],[-74.4728475089453,39.4443185921301],[-74.4727539276686,39.4442904816087],[-74.4727270191194,39.4442788892568]]}},{"type":"Feature","id":400132,"properties":{"OBJECTID":400132,"PRIMENAME":"Hobart Avenue","ELEVTYP_F":0,"ELEVTYP_T":0},"geometry":{"type":"LineString","coordinates":[[-74.4905991417484,39.4354481726434],[-74.4907172636492,39.4354270403982],[-74.4917030817465,39.4353400230166],[-74.4932878844433,39.4352014158425],[-74.4941381911026,39.4351302401843]]}},{"type":"Feature","id":400154,"properties":{"OBJECTID":400154,"PRIMENAME":"Bayview Drive","ELEVTYP_F":0,"ELEVTYP_T":0},"geometry":{"type":"LineString","coordinates":[[-74.4867055884543,39.434697355141],[-74.4871651657372,39.4354879309105]]}},{"type":"Feature","id":400161,"properties":{"OBJECTID":400161,"PRIMENAME":"West California Avenue","ELEVTYP_F":0,"ELEVTYP_T":0},"geometry":{"type":"LineString","coordinates":[[-74.5172819413981,39.416226058121],[-74.5170947119054,39.4161666896729],[-74.5170939732394,39.4161664483668]]}},{"type":"Feature","id":400179,"properties":{"OBJECTID":400179,"PRIMENAME":"Orchard Street","ELEVTYP_F":0,"ELEVTYP_T":0},"geometry":{"type":"LineString","coordinates":[[-74.5069225602793,39.4252376395607],[-74.5071181663486,39.4253254881401],[-74.5073939628869,39.425456026515],[-74.5074870740946,39.4254948990663],[-74.5076088610655,39.4255309961082],[-74.5077204181007,39.4255700312093]]}},{"type":"Feature","id":400213,"properties":{"OBJECTID":400213,"PRIMENAME":"White Horse Pike","ELEVTYP_F":0,"ELEVTYP_T":0},"geometry":{"type":"LineString","coordinates":[[-74.4996826726988,39.4232675989391],[-74.4999920422367,39.4235938645755]]}},{"type":"Feature","id":400219,"properties":{"OBJECTID":400219,"PRIMENAME":"Morton Avenue","ELEVTYP_F":0,"ELEVTYP_T":0},"geometry":{"type":"LineString","coordinates":[[-74.5146777173497,39.4396637707468],[-74.5145703403091,39.4397574050175],[-74.5140192185889,39.4402379922673]]}},{"type":"Feature","id":400226,"properties":{"OBJECTID":400226,"PRIMENAME":"Euclid Drive","ELEVTYP_F":0,"ELEVTYP_T":0},"geometry":{"type":"LineString","coordinates":[[-74.4941147299779,39.4261300307478],[-74.494091489033,39.4267557068212]]}},{"type":"Feature","id":400240,"properties":{"OBJECTID":400240,"PRIMENAME":"East Colorado Avenue","ELEVTYP_F":0,"ELEVTYP_T":0},"geometry":{"type":"LineString","coordinates":[[-74.5020857376556,39.4163349366789],[-74.5019950123721,39.4163119840615],[-74.5017749800464,39.4162616058324],[-74.5012205818254,39.4161470365],[-74.5002762640708,39.4159669400428],[-74.500202798373,39.4159496655342],[-74.5001617105429,39.4159350185746],[-74.5001366583495,39.4159227614075],[-74.5001117211315,39.4159076504972],[-74.5000242893991,39.4158513090479],[-74.4999632651811,39.4158206682981],[-74.4997527216865,39.415736294514],[-74.4995931873705,39.4156753674875]]}},{"type":"Feature","id":400282,"properties":{"OBJECTID":400282,"PRIMENAME":"East Church Street","ELEVTYP_F":0,"ELEVTYP_T":0},"geometry":{"type":"LineString","coordinates":[[-74.4983301252482,39.4253519425237],[-74.4981826404569,39.4253329956003],[-74.4979520331211,39.4252702258606],[-74.4967827894155,39.4249093949481],[-74.496221573073,39.4247362101607]]}},{"type":"Feature","id":400295,"properties":{"OBJECTID":400295,"PRIMENAME":"Mohawk Lane","ELEVTYP_F":0,"ELEVTYP_T":0},"geometry":{"type":"LineString","coordinates":[[-74.5039316613879,39.4291575117805],[-74.5028846249536,39.4300846357122]]}},{"type":"Feature","id":400307,"properties":{"OBJECTID":400307,"PRIMENAME":"Absecon Boulevard","ELEVTYP_F":0,"ELEVTYP_T":0},"geometry":{"type":"LineString","coordinates":[[-74.4899842746107,39.3927878914605],[-74.4897199128387,39.3925166523436],[-74.4891279005912,39.3919126360051],[-74.489111992623,39.3918960723214]]}},{"type":"Feature","id":400310,"properties":{"OBJECTID":400310,"PRIMENAME":"White Horse Pike","ELEVTYP_F":0,"ELEVTYP_T":0},"geometry":{"type":"LineString","coordinates":[[-74.5174553773196,39.437141767346],[-74.5174256864006,39.4370643716531],[-74.5173500468946,39.4368993847365],[-74.5173226281406,39.4368395749503],[-74.5172501098089,39.4366857745054],[-74.5171318355266,39.4364876119628],[-74.5170576632072,39.4363743826669],[-74.5170059137869,39.4362953812648],[-74.5168723497856,39.4361208603189],[-74.5167426151541,39.4359700611763],[-74.5165175095903,39.4357334474403],[-74.5164203665308,39.4356464513194]]}},{"type":"Feature","id":400344,"properties":{"OBJECTID":400344,"PRIMENAME":"Shore Road","ELEVTYP_F":0,"ELEVTYP_T":0},"geometry":{"type":"LineString","coordinates":[[-74.4910155686019,39.4318463122555],[-74.49038161242,39.4322676073876],[-74.4898246636267,39.432637287341],[-74.4893707158789,39.4329389646818]]}},{"type":"Feature","id":400364,"properties":{"OBJECTID":400364,"PRIMENAME":"Mill Road","ELEVTYP_F":0,"ELEVTYP_T":0},"geometry":{"type":"LineString","coordinates":[[-74.5109927221182,39.431910277135],[-74.5104711700327,39.4319476660668],[-74.5104132118335,39.4319522842603]]}},{"type":"Feature","id":400395,"properties":{"OBJECTID":400395,"PRIMENAME":"Strand Court","ELEVTYP_F":0,"ELEVTYP_T":0},"geometry":{"type":"LineString","coordinates":[[-74.511376023464,39.4436775994531],[-74.5113152911554,39.4441310078807],[-74.5112996269716,39.4442479580309]]}},{"type":"Feature","id":400438,"properties":{"OBJECTID":400438,"PRIMENAME":"Seminole Avenue","ELEVTYP_F":0,"ELEVTYP_T":0},"geometry":{"type":"LineString","coordinates":[[-74.501530092146,39.4320720107128],[-74.5008570023652,39.4323930378999],[-74.5005575775916,39.432540507643],[-74.5004346849071,39.4325949821547]]}},{"type":"Feature","id":400516,"properties":{"OBJECTID":400516,"PRIMENAME":"West California Avenue","ELEVTYP_F":0,"ELEVTYP_T":0},"geometry":{"type":"LineString","coordinates":[[-74.5240951545087,39.4218808324002],[-74.5238813215306,39.42162789219],[-74.5235912322478,39.4212948742196],[-74.5235911032807,39.4212947265145],[-74.5234817950602,39.4211692428428],[-74.5234808365173,39.4211681233416],[-74.5231449789523,39.4207760470874],[-74.5231447523909,39.4207757849996],[-74.522898240626,39.4204902836982],[-74.5228874273502,39.4204777728091]]}},{"type":"Feature","id":400548,"properties":{"OBJECTID":400548,"PRIMENAME":"Cortez Avenue","ELEVTYP_F":0,"ELEVTYP_T":0},"geometry":{"type":"LineString","coordinates":[[-74.4891231842327,39.4323078018795],[-74.4884287401861,39.432294803024],[-74.4882834364651,39.4322901763939],[-74.4882560336548,39.4322872901751],[-74.488239711819,39.432281577464],[-74.4882204527959,39.4322729269494],[-74.4882071067981,39.4322614214998],[-74.4881967359465,39.4322482138413],[-74.4881929869257,39.4322238873973],[-74.4881971400699,39.4321593654231],[-74.4882013454583,39.4319916344613],[-74.4882347527508,39.431246553093],[-74.488251474194,39.4307595064407],[-74.4882597894664,39.4305821111814],[-74.4882600755984,39.4305659670949],[-74.4882653182674,39.4305491361988],[-74.4882764370788,39.4305337345616],[-74.4882922654686,39.4305218203894],[-74.488316270384,39.4305154253296],[-74.4883485254418,39.4305119415721],[-74.4883970652607,39.4305111501167],[-74.4885384707744,39.4305144043057],[-74.4888587418374,39.430517647663],[-74.4890858733201,39.4305226109725],[-74.489199440816,39.4305250924612]]}},{"type":"Feature","id":400627,"properties":{"OBJECTID":400627,"PRIMENAME":"South Mill Road","ELEVTYP_F":0,"ELEVTYP_T":0},"geometry":{"type":"LineString","coordinates":[[-74.5149840255346,39.4311483277718],[-74.5145307562884,39.4312509078836],[-74.5141520450698,39.4313400507752],[-74.5141427702623,39.4313422210266]]}},{"type":"Feature","id":400631,"properties":{"OBJECTID":400631,"PRIMENAME":"New Jersey Avenue","ELEVTYP_F":0,"ELEVTYP_T":0},"geometry":{"type":"LineString","coordinates":[[-74.5170857363354,39.4383819710665],[-74.5171367840787,39.4383357544433],[-74.5171497402387,39.4383204047449],[-74.5171554388599,39.4383129083679],[-74.517159861337,39.4382982454337],[-74.5171602831771,39.438284627114],[-74.5171567754075,39.4382727118814],[-74.5171495488061,39.4382598360461],[-74.5170601592961,39.4381872548177],[-74.5167792196332,39.4380058083959],[-74.5166767294003,39.4379338331942]]}},{"type":"Feature","id":400633,"properties":{"OBJECTID":400633,"PRIMENAME":"Morton Avenue","ELEVTYP_F":0,"ELEVTYP_T":0},"geometry":{"type":"LineString","coordinates":[[-74.5127984535031,39.4413033572111],[-74.5121911196161,39.4418339063532]]}},{"type":"Feature","id":400653,"properties":{"OBJECTID":400653,"PRIMENAME":"Bayview Drive","ELEVTYP_F":0,"ELEVTYP_T":0},"geometry":{"type":"LineString","coordinates":[[-74.4903370961135,39.4336327078144],[-74.4903099299382,39.4334433109105],[-74.4902483995767,39.4328973904364]]}},{"type":"Feature","id":400667,"properties":{"OBJECTID":400667,"PRIMENAME":"Absecon Boulevard","ELEVTYP_F":0,"ELEVTYP_T":0},"geometry":{"type":"LineString","coordinates":[[-74.4918886682051,39.4076855762689],[-74.491895796015,39.4075715775287]]}},{"type":"Feature","id":400755,"properties":{"OBJECTID":400755,"PRIMENAME":"Reed Road","ELEVTYP_F":0,"ELEVTYP_T":0},"geometry":{"type":"LineString","coordinates":[[-74.4917907965413,39.4207561440626],[-74.4916774771325,39.4207923788118],[-74.4910332067804,39.4210174733645]]}},{"type":"Feature","id":400793,"properties":{"OBJECTID":400793,"PRIMENAME":"South Shore Road","ELEVTYP_F":0,"ELEVTYP_T":0},"geometry":{"type":"LineString","coordinates":[[-74.5022906780293,39.4160048784318],[-74.5020857376556,39.4163349366789]]}},{"type":"Feature","id":400794,"properties":{"OBJECTID":400794,"PRIMENAME":"New Jersey Avenue","ELEVTYP_F":0,"ELEVTYP_T":0},"geometry":{"type":"LineString","coordinates":[[-74.5062472545783,39.4302561337521],[-74.5059517088158,39.4299778510587],[-74.5053984746708,39.4294663657134],[-74.5050039732957,39.4290801261693]]}},{"type":"Feature","id":400799,"properties":{"OBJECTID":400799,"PRIMENAME":"Oakborne Avenue","ELEVTYP_F":0,"ELEVTYP_T":0},"geometry":{"type":"LineString","coordinates":[[-74.5292718710041,39.4485694137108],[-74.5289817804539,39.4483604071158],[-74.5286613712595,39.4481362504715],[-74.5282912308512,39.4478807771588],[-74.5276224393202,39.4474156362091],[-74.5271465324866,39.4470805890425],[-74.5269824184106,39.4469633057364]]}},{"type":"Feature","id":400824,"properties":{"OBJECTID":400824,"PRIMENAME":"10th Avenue","ELEVTYP_F":0,"ELEVTYP_T":0},"geometry":{"type":"LineString","coordinates":[[-74.5057359313346,39.4473916486691],[-74.5051353252073,39.4479087337185]]}},{"type":"Feature","id":400829,"properties":{"OBJECTID":400829,"PRIMENAME":"Shore Road","ELEVTYP_F":0,"ELEVTYP_T":0},"geometry":{"type":"LineString","coordinates":[[-74.4874015918803,39.4342385542999],[-74.4873946874661,39.4342431935635],[-74.4872177298613,39.4343598204145],[-74.4867055884543,39.434697355141]]}},{"type":"Feature","id":400865,"properties":{"OBJECTID":400865,"PRIMENAME":"West Black Horse Pike","ELEVTYP_F":0,"ELEVTYP_T":0},"geometry":{"type":"LineString","coordinates":[[-74.526001842174,39.3906911930454],[-74.5252822975418,39.3903980053961],[-74.5243607581014,39.390029102552],[-74.5241447559175,39.389929205961]]}},{"type":"Feature","id":400942,"properties":{"OBJECTID":400942,"PRIMENAME":"Stone Circle","ELEVTYP_F":0,"ELEVTYP_T":0},"geometry":{"type":"LineString","coordinates":[[-74.4924371977028,39.4309058120128],[-74.4926435832035,39.4311372548407],[-74.4927558759252,39.4312566150065],[-74.4927977910491,39.4312960725894]]}},{"type":"Feature","id":400945,"properties":{"OBJECTID":400945,"PRIMENAME":"West California Avenue","ELEVTYP_F":0,"ELEVTYP_T":0},"geometry":{"type":"LineString","coordinates":[[-74.5044729596678,39.4136075829412],[-74.5041688250227,39.4135702055806],[-74.5039529771689,39.4135450627443],[-74.5038335496304,39.413533425687]]}},{"type":"Feature","id":400974,"properties":{"OBJECTID":400974,"PRIMENAME":"Wellington Avenue","ELEVTYP_F":0,"ELEVTYP_T":0},"geometry":{"type":"LineString","coordinates":[[-74.5206956301592,39.4034711168905],[-74.5209972684256,39.4035906363221],[-74.5226263862745,39.4042275966681],[-74.5227991032894,39.4042510657936]]}},{"type":"Feature","id":400977,"properties":{"OBJECTID":400977,"PRIMENAME":"Unnamed Segment","ELEVTYP_F":0,"ELEVTYP_T":0},"geometry":{"type":"LineString","coordinates":[[-74.4975796038616,39.4425358223277],[-74.4972485321936,39.4425018873596],[-74.4965895823443,39.4424343425794],[-74.4955455292873,39.4423249883898],[-74.4954581026979,39.4423638066562],[-74.4954328415402,39.4424303871717],[-74.4954303120196,39.4424891352459],[-74.4954580910025,39.4425439696427],[-74.4955414316295,39.442618388598],[-74.4965743869248,39.4432783671686],[-74.4966173207268,39.443323410966],[-74.4966577287192,39.4433958677222],[-74.496698136927,39.4434409105155],[-74.4967663285779,39.4434761615079],[-74.4968597781387,39.4434977057201],[-74.4970824855514,39.4435240210856],[-74.4974015361843,39.4435617206823]]}},{"type":"Feature","id":401016,"properties":{"OBJECTID":401016,"PRIMENAME":"West California Avenue","ELEVTYP_F":0,"ELEVTYP_T":0},"geometry":{"type":"LineString","coordinates":[[-74.5123712187138,39.4148145261254],[-74.5121329927608,39.4147834978994],[-74.5116558712353,39.4147273439017],[-74.5114995968789,39.414709442521]]}},{"type":"Feature","id":401055,"properties":{"OBJECTID":401055,"PRIMENAME":"Plymouth Landing Road","ELEVTYP_F":0,"ELEVTYP_T":0},"geometry":{"type":"LineString","coordinates":[[-74.5051353252073,39.4479087337185],[-74.506080497528,39.4485633839718],[-74.5068162357825,39.4490799613414],[-74.5069895991003,39.4491904624888],[-74.5070215807816,39.4492112455257],[-74.5070456634088,39.4492260153195],[-74.5070511860563,39.4492282714783],[-74.507064752738,39.4492338114501],[-74.5070848329196,39.449239274456],[-74.5071069319762,39.4492400414862],[-74.5071290295522,39.4492376791474],[-74.5071521546805,39.4492283698035],[-74.5071812623657,39.449208132531],[-74.5072796692926,39.4491216671224],[-74.5075981179894,39.4488410154948],[-74.5076221264576,39.4488150673975],[-74.5076289244348,39.4488030683499],[-74.5076366428696,39.4487827783156],[-74.5076376323063,39.4487677592799],[-74.5076356829579,39.4487490066381],[-74.5076320696758,39.4487396737286],[-74.5076269687777,39.4487264936171],[-74.5076017860621,39.4487024710384],[-74.5075146262465,39.4486408919874],[-74.5062576022596,39.4477690084952],[-74.5057359313346,39.4473916486691]]}},{"type":"Feature","id":401078,"properties":{"OBJECTID":401078,"PRIMENAME":"Cynwyd Drive","ELEVTYP_F":0,"ELEVTYP_T":0},"geometry":{"type":"LineString","coordinates":[[-74.490497830991,39.4191059126217],[-74.4911033509228,39.418106380777]]}},{"type":"Feature","id":401092,"properties":{"OBJECTID":401092,"PRIMENAME":"North New Road","ELEVTYP_F":1,"ELEVTYP_T":1},"geometry":{"type":"LineString","coordinates":[[-74.5241887150825,39.4020025069498],[-74.524110405405,39.4021321181557]]}},{"type":"Feature","id":401133,"properties":{"OBJECTID":401133,"PRIMENAME":"New Jersey Avenue","ELEVTYP_F":0,"ELEVTYP_T":0},"geometry":{"type":"LineString","coordinates":[[-74.5010689365604,39.4251907532544],[-74.5009838817332,39.4250597227945],[-74.5008403411102,39.4248385983303],[-74.5005390321504,39.4243803804354],[-74.5004519793945,39.4242706643012]]}},{"type":"Feature","id":401164,"properties":{"OBJECTID":401164,"PRIMENAME":"Absecon Boulevard","ELEVTYP_F":0,"ELEVTYP_T":0},"geometry":{"type":"LineString","coordinates":[[-74.4970297870748,39.419945825799],[-74.4970609370059,39.4199695491684],[-74.4972918404518,39.4201618324142],[-74.4974612555348,39.4203330000115],[-74.4976213970212,39.4205222876674],[-74.49778539682,39.4207352707218],[-74.4979760533044,39.4209837004936],[-74.498227738121,39.4213090907527],[-74.4984276700176,39.421580236279],[-74.4988646070299,39.4221727957779],[-74.4992612289958,39.4227200331792],[-74.4995839374321,39.4231426946154],[-74.4996654670682,39.4232494774997],[-74.4996826726988,39.4232675989391]]}},{"type":"Feature","id":401165,"properties":{"OBJECTID":401165,"PRIMENAME":"4th Street","ELEVTYP_F":0,"ELEVTYP_T":0},"geometry":{"type":"LineString","coordinates":[[-74.483879246478,39.4303511722619],[-74.4842920766594,39.4296688276661],[-74.4846332447601,39.4291269931212],[-74.4849369745026,39.4286399843226],[-74.4853447140316,39.4279917078576],[-74.4856581940637,39.4274824215425],[-74.4857358034747,39.4273563327005],[-74.4859646197929,39.426975759317],[-74.4862267150774,39.4265790452761],[-74.4862802217029,39.4265100539682],[-74.4863076644835,39.4264866364168],[-74.486336025158,39.4264675031686],[-74.4863502940122,39.4264626171059]]}},{"type":"Feature","id":401168,"properties":{"OBJECTID":401168,"PRIMENAME":"Morton Avenue","ELEVTYP_F":0,"ELEVTYP_T":0},"geometry":{"type":"LineString","coordinates":[[-74.5121911196161,39.4418339063532],[-74.5120232998336,39.4419805132234],[-74.5115788199276,39.4423685162656]]}},{"type":"Feature","id":401170,"properties":{"OBJECTID":401170,"PRIMENAME":"Oakborne Avenue","ELEVTYP_F":0,"ELEVTYP_T":0},"geometry":{"type":"LineString","coordinates":[[-74.5269824184106,39.4469633057364],[-74.5267856795755,39.4468226927872],[-74.5263595543307,39.4465383150923],[-74.5257156930064,39.446097236602],[-74.5251775666494,39.4457140087405],[-74.5246842909609,39.445366489936]]}},{"type":"Feature","id":401212,"properties":{"OBJECTID":401212,"PRIMENAME":"Delaware Avenue","ELEVTYP_F":0,"ELEVTYP_T":0},"geometry":{"type":"LineString","coordinates":[[-74.5034318209603,39.4304627509625],[-74.5037195650081,39.4306616087526],[-74.5039614243136,39.4308285079588]]}},{"type":"Feature","id":401213,"properties":{"OBJECTID":401213,"PRIMENAME":"Shore Road","ELEVTYP_F":0,"ELEVTYP_T":0},"geometry":{"type":"LineString","coordinates":[[-74.4913347387804,39.4316346199702],[-74.4912360559882,39.4316997664407],[-74.4910155686019,39.4318463122555]]}},{"type":"Feature","id":401215,"properties":{"OBJECTID":401215,"PRIMENAME":"Franklin Boulevard","ELEVTYP_F":0,"ELEVTYP_T":0},"geometry":{"type":"LineString","coordinates":[[-74.4993513137663,39.4160591535831],[-74.4990484822922,39.4165395567776],[-74.4988113827943,39.4169241920884]]}},{"type":"Feature","id":401229,"properties":{"OBJECTID":401229,"PRIMENAME":"Highland Boulevard","ELEVTYP_F":0,"ELEVTYP_T":0},"geometry":{"type":"LineString","coordinates":[[-74.5093206398614,39.4351773348543],[-74.5094145814354,39.4360165178934]]}},{"type":"Feature","id":401310,"properties":{"OBJECTID":401310,"PRIMENAME":"East White Horse Pike","ELEVTYP_F":0,"ELEVTYP_T":0},"geometry":{"type":"LineString","coordinates":[[-74.5292742886766,39.4465601873956],[-74.5290510540054,39.4464106607463],[-74.5285299175172,39.4460564939538],[-74.5282529143006,39.4458663989613]]}},{"type":"Feature","id":401322,"properties":{"OBJECTID":401322,"PRIMENAME":"Julianna Drive","ELEVTYP_F":0,"ELEVTYP_T":0},"geometry":{"type":"LineString","coordinates":[[-74.4892361464392,39.4296566780418],[-74.4897031989726,39.4296629799634],[-74.4898612423529,39.4296726585138],[-74.489973506533,39.4296984770313],[-74.490056736764,39.4297307453853],[-74.4901191138831,39.4297694373091],[-74.4901814897113,39.4298178208943],[-74.4902480397064,39.4298952528566],[-74.4903270430523,39.4300307296905],[-74.4904268280859,39.430175899874],[-74.4905016963645,39.4302726626122],[-74.4905682120076,39.4303436428615],[-74.4907761564675,39.4305146032164],[-74.4910215197894,39.4307210116176],[-74.4911088549434,39.4307855686604],[-74.4912269940568,39.4308410668293]]}},{"type":"Feature","id":401327,"properties":{"OBJECTID":401327,"PRIMENAME":"Mill Road","ELEVTYP_F":0,"ELEVTYP_T":0},"geometry":{"type":"LineString","coordinates":[[-74.5067373607108,39.4328333011275],[-74.5064881405048,39.4328521500946],[-74.5058625924485,39.432898392474],[-74.5054115233951,39.4329314168938],[-74.5051674369365,39.4329521031231]]}},{"type":"Feature","id":401337,"properties":{"OBJECTID":401337,"PRIMENAME":"Atlantic City Expressway","ELEVTYP_F":0,"ELEVTYP_T":0},"geometry":{"type":"LineString","coordinates":[[-74.4861058573031,39.3791678785974],[-74.4862029485077,39.3792062284825],[-74.4868113844303,39.3794423986589],[-74.4869445441037,39.3794903528028],[-74.4878183114143,39.3798050182325],[-74.4893394196509,39.3803738223825],[-74.4899607554622,39.3805966885282],[-74.4908305893196,39.3809226702928],[-74.4916233434995,39.3811987245299],[-74.492737408769,39.3816278093193],[-74.4934701376134,39.3819071963789],[-74.4939543713706,39.3820801440158],[-74.4944214470645,39.3822630832571],[-74.4948413651988,39.3824160640279],[-74.4950770632479,39.3825025345166],[-74.4959640670264,39.3828318016006],[-74.4964954385928,39.3830313455697],[-74.4972410781074,39.3832874260693],[-74.4977382080809,39.383473675741],[-74.4984623791749,39.3837596754553],[-74.4988994749556,39.383925957482],[-74.5000736695965,39.3843616167292],[-74.5003864780494,39.3844746825623],[-74.5015864139777,39.384926938175],[-74.5029577594526,39.3854324147654],[-74.5033520271601,39.385582015293],[-74.5036991309102,39.3857083878143],[-74.5039605393099,39.3858014846828],[-74.5043162449516,39.3859511381899],[-74.5045819736622,39.386084127479],[-74.5048348257659,39.3862271390578],[-74.5050191037074,39.386323558892],[-74.5052419158689,39.3864466090204],[-74.5054733630255,39.3865829208742],[-74.5057005296229,39.3867159373276],[-74.5059148534845,39.3868489530874],[-74.5061333897196,39.3869952587122],[-74.5063433992581,39.3871415634873],[-74.5065533733765,39.3872845457111],[-74.5067505064515,39.3874342005644],[-74.5069562734959,39.387593794051],[-74.5071406003813,39.3877534155117],[-74.5073334201707,39.3879163583111],[-74.5075219951219,39.3880859454012],[-74.5076977263998,39.3882488886914],[-74.5078691783231,39.3884218264359],[-74.5080406314679,39.3885980311434],[-74.5081992055433,39.3887742914504],[-74.5083577812063,39.3889571688511],[-74.5085163924726,39.3891300786177],[-74.5089107330531,39.3895956311276],[-74.5091250544605,39.3898716356096],[-74.509253627514,39.3900412245273],[-74.50939508853,39.3902640237114],[-74.509515143789,39.3904901466367],[-74.5097637884103,39.390985634513],[-74.5101710450007,39.3918069913098],[-74.510225963065,39.3919208157895],[-74.5107069459086,39.3929176714412],[-74.5108784070381,39.3932601765671],[-74.5110327668166,39.3935228942837],[-74.5112471134041,39.3938287941689],[-74.5114957559279,39.3941646465097],[-74.5116929361324,39.3944173646454],[-74.5118429731646,39.3946169037566],[-74.5118453094958,39.3946195671971],[-74.5119758751778,39.3947698503293],[-74.5120926755235,39.3949057488982],[-74.5121767602087,39.3950035827868],[-74.5121816558951,39.3950092780597],[-74.5122787821655,39.3951072159005]]}},{"type":"Feature","id":401360,"properties":{"OBJECTID":401360,"PRIMENAME":"Pitney Road","ELEVTYP_F":0,"ELEVTYP_T":0},"geometry":{"type":"LineString","coordinates":[[-74.498915354457,39.4347242750208],[-74.4987804751389,39.4355334957137],[-74.4987504828078,39.4357066350736]]}},{"type":"Feature","id":401472,"properties":{"OBJECTID":401472,"PRIMENAME":"Creek Road","ELEVTYP_F":0,"ELEVTYP_T":0},"geometry":{"type":"LineString","coordinates":[[-74.4996387735176,39.423467811495],[-74.4994530238928,39.4234158634469],[-74.4992507425274,39.4233562266697],[-74.4990646404665,39.4232997469747],[-74.498898787266,39.4232526859382],[-74.4986924349813,39.4231836582117],[-74.4985022978002,39.42312717757],[-74.4982595549145,39.4230487316383],[-74.49815841552,39.4230298943567],[-74.4980694176717,39.4230204759531],[-74.4979682766616,39.4230204742328],[-74.4978792779956,39.4230393074721],[-74.4977659941025,39.423073790678],[-74.4976284242299,39.4231428405775],[-74.4975474950105,39.4231961869746]]}},{"type":"Feature","id":401494,"properties":{"OBJECTID":401494,"PRIMENAME":"Absecon Boulevard","ELEVTYP_F":0,"ELEVTYP_T":0},"geometry":{"type":"LineString","coordinates":[[-74.4944372032658,39.4187944320598],[-74.4948376127637,39.4189397451388],[-74.4953896290682,39.4191422889967],[-74.4956841928341,39.4192503675294],[-74.496000689846,39.4193657506612],[-74.496237149556,39.4194633386596],[-74.4963135285293,39.4195001964545],[-74.4964087610867,39.419546152867],[-74.4965383893817,39.4196171587877],[-74.4967176101055,39.4197207019834],[-74.4968739645694,39.4198271827004],[-74.4969146827915,39.4198581875358],[-74.4970297870748,39.419945825799]]}},{"type":"Feature","id":401508,"properties":{"OBJECTID":401508,"PRIMENAME":"Lenape Lane","ELEVTYP_F":0,"ELEVTYP_T":0},"geometry":{"type":"LineString","coordinates":[[-74.5028353803809,39.428392388769],[-74.5017712404314,39.429315768505]]}},{"type":"Feature","id":401511,"properties":{"OBJECTID":401511,"PRIMENAME":"North Main Street","ELEVTYP_F":0,"ELEVTYP_T":0},"geometry":{"type":"LineString","coordinates":[[-74.5038335496304,39.413533425687],[-74.5033919113923,39.4142451382405]]}},{"type":"Feature","id":401575,"properties":{"OBJECTID":401575,"PRIMENAME":"Applegate Court","ELEVTYP_F":0,"ELEVTYP_T":0},"geometry":{"type":"LineString","coordinates":[[-74.5036365294498,39.4283956615885],[-74.5037538949478,39.4284487860878],[-74.5038186506426,39.4284927141488],[-74.5038914798006,39.4285491891337],[-74.5039926315828,39.4286182112343],[-74.5040735700214,39.428699809111],[-74.5041666157666,39.4287876661494],[-74.5043163123199,39.4289288411185],[-74.5044903344685,39.4291045281671],[-74.5046513288222,39.429269255451],[-74.5046805019714,39.4292991049563],[-74.5048002468853,39.4294282818501]]}},{"type":"Feature","id":401632,"properties":{"OBJECTID":401632,"PRIMENAME":"North 3rd Street","ELEVTYP_F":0,"ELEVTYP_T":0},"geometry":{"type":"LineString","coordinates":[[-74.5234674063247,39.3986923803928],[-74.5234169970341,39.3987295982472],[-74.5233077055859,39.3988023249613],[-74.5231046888051,39.3989356672866],[-74.523074033594,39.3989564747289],[-74.5228687248151,39.399095833561],[-74.5226840448826,39.3992211877171]]}},{"type":"Feature","id":401762,"properties":{"OBJECTID":401762,"PRIMENAME":"Ritz Drive","ELEVTYP_F":0,"ELEVTYP_T":0},"geometry":{"type":"LineString","coordinates":[[-74.5170403538834,39.4392995147171],[-74.5173948405744,39.4388306070799]]}},{"type":"Feature","id":401764,"properties":{"OBJECTID":401764,"PRIMENAME":"Delilah Road","ELEVTYP_F":1,"ELEVTYP_T":0},"geometry":{"type":"LineString","coordinates":[[-74.4925918735951,39.3961828444758],[-74.4927764463733,39.3962577849622],[-74.4932274414841,39.3964327932705],[-74.4935678216898,39.3965681457762],[-74.4938528938899,39.3966771089247],[-74.4941251935395,39.3967860707286],[-74.4947057427395,39.3970034634857],[-74.4947336318356,39.3970139068705],[-74.4951534268681,39.3971630685154]]}},{"type":"Feature","id":401816,"properties":{"OBJECTID":401816,"PRIMENAME":"Fourth Street","ELEVTYP_F":0,"ELEVTYP_T":0},"geometry":{"type":"LineString","coordinates":[[-74.5251877189445,39.3982082944523],[-74.5254559580145,39.397779090432]]}},{"type":"Feature","id":410906,"properties":{"OBJECTID":410906,"PRIMENAME":"Upland Avenue","ELEVTYP_F":0,"ELEVTYP_T":0},"geometry":{"type":"LineString","coordinates":[[-74.500037978969,39.4457106782565],[-74.5000365914953,39.4457050117701],[-74.5000355122349,39.4456993050985],[-74.5000347430927,39.4456935683149],[-74.5000342854262,39.4456878115455],[-74.5000341400432,39.4456820449519],[-74.5000343072004,39.445676278713],[-74.5000347866024,39.4456705230071],[-74.5000355774031,39.4456647879939],[-74.5000366782065,39.4456590837965],[-74.5000380870694,39.4456534204837],[-74.500039801505,39.4456478080522],[-74.5000418184868,39.4456422564085],[-74.5000441344546,39.4456367753524],[-74.5000467453202,39.4456313745585],[-74.5000496464751,39.4456260635602],[-74.5000528327982,39.4456208517321],[-74.5000957805788,39.4455542531211]]}},{"type":"Feature","id":410907,"properties":{"OBJECTID":410907,"PRIMENAME":"Douglas Avenue","ELEVTYP_F":0,"ELEVTYP_T":0},"geometry":{"type":"LineString","coordinates":[[-74.5000957805788,39.4455542531211],[-74.4998285701009,39.4455709844329]]}},{"type":"Feature","id":410908,"properties":{"OBJECTID":410908,"PRIMENAME":"Pitney Road","ELEVTYP_F":0,"ELEVTYP_T":0},"geometry":{"type":"LineString","coordinates":[[-74.4973318593183,39.4439848827756],[-74.4973213345934,39.4440465069354]]}},{"type":"Feature","id":415012,"properties":{"OBJECTID":415012,"PRIMENAME":"Skyline Condos","ELEVTYP_F":0,"ELEVTYP_T":0},"geometry":{"type":"LineString","coordinates":[[-74.512021158809,39.4004019309729],[-74.5118818637399,39.4003249770344],[-74.5115896562854,39.4001635437983],[-74.5113898727625,39.4000780592646],[-74.5111372001877,39.3999512487955],[-74.5103126672443,39.3995215532457],[-74.5102096034904,39.3994875804229],[-74.5098668867807,39.3992905943416]]}},{"type":"Feature","id":415013,"properties":{"OBJECTID":415013,"PRIMENAME":"North Franklin Boulevard","ELEVTYP_F":0,"ELEVTYP_T":0},"geometry":{"type":"LineString","coordinates":[[-74.512021158809,39.4004019309729],[-74.5120066641881,39.4004165371962],[-74.5119090871164,39.4005148672197],[-74.5116795885624,39.400745525889],[-74.5115565966362,39.4008774121854]]}},{"type":"Feature","id":415014,"properties":{"OBJECTID":415014,"PRIMENAME":"Clearview Avenue","ELEVTYP_F":0,"ELEVTYP_T":0},"geometry":{"type":"LineString","coordinates":[[-74.5103998783249,39.3987054335907],[-74.5098668867807,39.3992905943416]]}},{"type":"Feature","id":415337,"properties":{"OBJECTID":415337,"PRIMENAME":"Boulder Court","ELEVTYP_F":0,"ELEVTYP_T":0},"geometry":{"type":"LineString","coordinates":[[-74.4967777239285,39.4398810736327],[-74.4967882807583,39.4401039239705],[-74.4968084626443,39.4401732390745],[-74.4970637911887,39.4405070668418],[-74.4970728150772,39.4405162964535],[-74.4970842838519,39.4405237168909],[-74.4970976104187,39.4405289482964],[-74.4971121125809,39.4405317228704],[-74.4972577984035,39.440546323812]]}},{"type":"Feature","id":415338,"properties":{"OBJECTID":415338,"PRIMENAME":"Stoney Brook Drive","ELEVTYP_F":0,"ELEVTYP_T":0},"geometry":{"type":"LineString","coordinates":[[-74.4980518167465,39.4397812602498],[-74.4974881850199,39.4397934507559],[-74.4972728951352,39.4398017927003],[-74.4969015169873,39.4398643834176],[-74.4967777239285,39.4398810736327]]}},{"type":"Feature","id":415339,"properties":{"OBJECTID":415339,"PRIMENAME":"School View Drive","ELEVTYP_F":0,"ELEVTYP_T":0},"geometry":{"type":"LineString","coordinates":[[-74.4955576479396,39.4400517597724],[-74.4955097654909,39.4399894569922],[-74.4955013884201,39.4399809097135],[-74.4954907646085,39.4399740257381],[-74.4954784288545,39.4399691516023],[-74.4954650021342,39.4399665326675],[-74.4953571400124,39.439955255837],[-74.4953453466563,39.4399523243474],[-74.4953355826812,39.4399464170137],[-74.4953290479169,39.4399382597492],[-74.4953265453758,39.4399288549457],[-74.4953060288741,39.4393462210923],[-74.4953035143725,39.4393307883906],[-74.49529715771,39.4393160345755],[-74.4952872041669,39.439302528937],[-74.4952740378117,39.4392907926028],[-74.4952581666818,39.43928127843],[-74.4952402031799,39.4392743535316],[-74.495220840444,39.4392702851108],[-74.4952008256024,39.4392692301511],[-74.4948147438974,39.4392783638893],[-74.4947267743999,39.4392903963913],[-74.4946206934933,39.4393204844751],[-74.4945560090427,39.4393365309744],[-74.492075066288,39.4394033510299]]}},{"type":"Feature","id":415340,"properties":{"OBJECTID":415340,"PRIMENAME":"Stoney Brook Drive","ELEVTYP_F":0,"ELEVTYP_T":0},"geometry":{"type":"LineString","coordinates":[[-74.4967777239285,39.4398810736327],[-74.4961372364958,39.4399060945037],[-74.4959380931776,39.4399102611181],[-74.4957820024607,39.4399686830809],[-74.4955576479396,39.4400517597724]]}},{"type":"Feature","id":415341,"properties":{"OBJECTID":415341,"PRIMENAME":"Rolling Stone Drive","ELEVTYP_F":0,"ELEVTYP_T":0},"geometry":{"type":"LineString","coordinates":[[-74.492075066288,39.4394033510299],[-74.4921252553565,39.440430574148]]}},{"type":"Feature","id":433582,"properties":{"OBJECTID":433582,"PRIMENAME":"Chelsea Road","ELEVTYP_F":0,"ELEVTYP_T":0},"geometry":{"type":"LineString","coordinates":[[-74.5031553568907,39.4346537839673],[-74.5038153999744,39.4350992718903],[-74.5044735759433,39.4355533217936]]}},{"type":"Feature","id":433706,"properties":{"OBJECTID":433706,"PRIMENAME":"Winding Way","ELEVTYP_F":0,"ELEVTYP_T":0},"geometry":{"type":"LineString","coordinates":[[-74.4925599170559,39.4454131641293],[-74.4925605967226,39.4454131317441],[-74.4926154859296,39.4454322996854],[-74.4926556784035,39.4454381501999],[-74.4926946318351,39.4454381526522],[-74.4927310719031,39.4454303576403],[-74.4927624837155,39.4454216011545],[-74.4927875923023,39.4454050460748],[-74.4928039188034,39.445387502273],[-74.4928164933273,39.4453631500176],[-74.4928227988819,39.4453368471498],[-74.4928215269675,39.4453115319881],[-74.492812500896,39.445288183687],[-74.4928102336352,39.4452823175603],[-74.4927939106148,39.4452550530442],[-74.492767531703,39.4452316586236],[-74.4927348480953,39.4452150999479],[-74.492695930147,39.445210265639],[-74.4926632448296,39.4452102635826],[-74.4926230513597,39.4452150929135],[-74.4925853712208,39.4452277476099],[-74.4925627406954,39.4452452909787],[-74.4925388712509,39.4452667058868],[-74.4925213037012,39.4452969066633],[-74.4925187868247,39.445322220684],[-74.4925238121445,39.4453504735875],[-74.4925599170559,39.4454131641293]]}},{"type":"Feature","id":434543,"properties":{"OBJECTID":434543,"PRIMENAME":"East Pennsylvania Avenue","ELEVTYP_F":0,"ELEVTYP_T":0},"geometry":{"type":"LineString","coordinates":[[-74.4770819877158,39.4438356945939],[-74.4758390628362,39.4434789230512]]}},{"type":"Feature","id":434544,"properties":{"OBJECTID":434544,"PRIMENAME":"East Pennsylvania Avenue","ELEVTYP_F":0,"ELEVTYP_T":0},"geometry":{"type":"LineString","coordinates":[[-74.4758390628362,39.4434789230512],[-74.4755333522841,39.443391190911],[-74.4749679043338,39.4432277588547],[-74.474589553097,39.4431184002626]]}},{"type":"Feature","id":434545,"properties":{"OBJECTID":434545,"PRIMENAME":"East Pennsylvania Avenue","ELEVTYP_F":0,"ELEVTYP_T":0},"geometry":{"type":"LineString","coordinates":[[-74.4740450355606,39.4429610117288],[-74.4738512303209,39.442904988306],[-74.4738090113106,39.4428927847212],[-74.4722910066076,39.4424608198183]]}},{"type":"Feature","id":434549,"properties":{"OBJECTID":434549,"PRIMENAME":"East Pennsylvania Avenue","ELEVTYP_F":0,"ELEVTYP_T":0},"geometry":{"type":"LineString","coordinates":[[-74.474589553097,39.4431184002626],[-74.4741810674259,39.443000332056],[-74.4740450355606,39.4429610117288]]}},{"type":"Feature","id":436041,"properties":{"OBJECTID":436041,"PRIMENAME":"FR US 40 EB TO US 9 SB","ELEVTYP_F":0,"ELEVTYP_T":0},"geometry":{"type":"LineString","coordinates":[[-74.5315189170418,39.3915195930266],[-74.5310835860656,39.3914492392856],[-74.5310659069188,39.3914452093028],[-74.5310466667801,39.3914395663924],[-74.5310243078732,39.3914327145296],[-74.5310014279848,39.3914238449986],[-74.5309827067009,39.3914153779162],[-74.5309634648851,39.3914032807259],[-74.5309580173385,39.3913995132082],[-74.5309442225412,39.3913899728509],[-74.5309270458781,39.3913749312751],[-74.5309157732469,39.3913642047847],[-74.5309049718866,39.3913556489688],[-74.5308923538603,39.3913487506923],[-74.5308783356283,39.3913437376336],[-74.5308633798642,39.3913407752494],[-74.5308533199394,39.3913395239973],[-74.5308117293745,39.3913381630933]]}},{"type":"Feature","id":436042,"properties":{"OBJECTID":436042,"PRIMENAME":"FR US 40 WB TO US 9 NB","ELEVTYP_F":0,"ELEVTYP_T":0},"geometry":{"type":"LineString","coordinates":[[-74.5301514273208,39.3917569625983],[-74.5302006759006,39.3917617204869],[-74.5302331733149,39.3917661250893],[-74.5302656709338,39.3917736806976],[-74.53027659071,39.3917765820511],[-74.5302889600448,39.3917817734212],[-74.5303007566122,39.3917877134492],[-74.5303119053135,39.3917943643198],[-74.5303223351739,39.3918016836927],[-74.5303319797951,39.3918096249716],[-74.5303407777777,39.3918181376009],[-74.5303486731119,39.3918271673879],[-74.5303556155343,39.3918366568475],[-74.5303597647395,39.3918448008414],[-74.5303770044209,39.391892738972],[-74.5303900044037,39.3919433409859],[-74.5303956334126,39.3919826848647]]}},{"type":"Feature","id":436043,"properties":{"OBJECTID":436043,"PRIMENAME":"South New Road","ELEVTYP_F":0,"ELEVTYP_T":0},"geometry":{"type":"LineString","coordinates":[[-74.5306145332552,39.3916412215657],[-74.5304904849063,39.3918305672717],[-74.5303956334126,39.3919826848647]]}},{"type":"Feature","id":436044,"properties":{"OBJECTID":436044,"PRIMENAME":"West Black Horse Pike","ELEVTYP_F":0,"ELEVTYP_T":0},"geometry":{"type":"LineString","coordinates":[[-74.5301514273208,39.3917569625983],[-74.5303871670921,39.3916837568195],[-74.5306145332552,39.3916412215657]]}},{"type":"Feature","id":466069,"properties":{"OBJECTID":466069,"PRIMENAME":"FR MORTON AV TO US 30 WB","ELEVTYP_F":0,"ELEVTYP_T":0},"geometry":{"type":"LineString","coordinates":[[-74.5170736083544,39.4375881044217],[-74.5171932421179,39.4375065519967],[-74.5172153160616,39.4374954211776],[-74.5172445643586,39.4374834344338],[-74.5172716053382,39.4374757267994],[-74.5172958884734,39.4374727280383],[-74.5173229326192,39.4374731518922],[-74.5173494247586,39.437477427633],[-74.5173691273714,39.437483810447],[-74.5173844787699,39.4374920333369],[-74.5173974209992,39.4375009159692],[-74.5174082214713,39.4375113609037],[-74.5174366403617,39.4375369005662],[-74.5175243107303,39.4376118661839]]}},{"type":"Feature","id":466070,"properties":{"OBJECTID":466070,"PRIMENAME":"Morton Avenue","ELEVTYP_F":0,"ELEVTYP_T":0},"geometry":{"type":"LineString","coordinates":[[-74.5173500971736,39.4371535439147],[-74.5173364916112,39.4372380407704],[-74.517322886315,39.4372909178221],[-74.517314645614,39.4373154883068],[-74.5173021694221,39.4373401098657],[-74.5172867348839,39.4373619375885],[-74.5172615674299,39.4373918955525],[-74.5172282550192,39.4374250939862],[-74.5171838736884,39.4374710493414],[-74.5171266710481,39.4375323813829],[-74.5170736083544,39.4375881044217]]}},{"type":"Feature","id":466071,"properties":{"OBJECTID":466071,"PRIMENAME":"White Horse Pike","ELEVTYP_F":0,"ELEVTYP_T":0},"geometry":{"type":"LineString","coordinates":[[-74.5173500971736,39.4371535439147],[-74.5173875953624,39.4372388907009],[-74.5175243107303,39.4376118661839]]}},{"type":"Feature","id":466072,"properties":{"OBJECTID":466072,"PRIMENAME":"FR US 9 NB TO HURON AV","ELEVTYP_F":0,"ELEVTYP_T":0},"geometry":{"type":"LineString","coordinates":[[-74.5001985509386,39.4319606612172],[-74.5001485071274,39.4319535251668],[-74.5001349629361,39.4319505525484],[-74.5001269500302,39.4319486250602],[-74.5001190711056,39.4319463899619],[-74.5001113457852,39.4319438528199],[-74.5001037933095,39.4319410199533],[-74.5000964324882,39.4319378984173],[-74.5000892816539,39.4319344959865],[-74.5000823586162,39.4319308211348],[-74.5000756806172,39.4319268830145],[-74.500069264289,39.4319226914339],[-74.5000631256116,39.4319182568323],[-74.5000572798738,39.4319135902543],[-74.5000517416346,39.4319087033224],[-74.5000465246873,39.4319036082076],[-74.500041642025,39.4318983175997],[-74.500037105808,39.4318928446753],[-74.500032927334,39.431887203065],[-74.5000149238,39.4318614267182],[-74.4999877053716,39.4318238219821]]}},{"type":"Feature","id":466073,"properties":{"OBJECTID":466073,"PRIMENAME":"Huron Avenue","ELEVTYP_F":0,"ELEVTYP_T":0},"geometry":{"type":"LineString","coordinates":[[-74.4999877053716,39.4318238219821],[-74.4999614104027,39.431853667235],[-74.4999497621029,39.4318675338684],[-74.4999389113978,39.4318817843188],[-74.4999288792812,39.4318963910153],[-74.4999196851631,39.4319113256976],[-74.4999113468323,39.431926559471],[-74.499903880422,39.431942062862],[-74.4998973003784,39.4319578058756],[-74.4998916194327,39.4319737580528],[-74.4998680238339,39.4320461849341]]}},{"type":"Feature","id":466074,"properties":{"OBJECTID":466074,"PRIMENAME":"North New Road","ELEVTYP_F":0,"ELEVTYP_T":0},"geometry":{"type":"LineString","coordinates":[[-74.5001985509386,39.4319606612172],[-74.5001422310862,39.4319781476023],[-74.4998680238339,39.4320461849341]]}},{"type":"Feature","id":466075,"properties":{"OBJECTID":466075,"PRIMENAME":"FR CO 585 TO US 30 EB","ELEVTYP_F":null,"ELEVTYP_T":null},"geometry":{"type":"LineString","coordinates":[[-74.4997760782872,39.422698996214],[-74.4997356344826,39.4227336985486],[-74.4997087226512,39.42275419799],[-74.4996750837601,39.4227691070421],[-74.499656061646,39.4227743478421],[-74.4996385610198,39.4227791697717],[-74.4996239872427,39.4227805263306],[-74.4996025179822,39.422782524234],[-74.4995640731143,39.4227802883116],[-74.4995246677719,39.4227728331375],[-74.499482858309,39.4227579247204],[-74.4994503787341,39.4227411832046]]}},{"type":"Feature","id":466076,"properties":{"OBJECTID":466076,"PRIMENAME":"Absecon Boulevard","ELEVTYP_F":0,"ELEVTYP_T":0},"geometry":{"type":"LineString","coordinates":[[-74.4997215437254,39.4230678538631],[-74.4995586997173,39.4228708529186],[-74.4994503787341,39.4227411832046]]}},{"type":"Feature","id":466077,"properties":{"OBJECTID":466077,"PRIMENAME":"South Shore Road","ELEVTYP_F":0,"ELEVTYP_T":0},"geometry":{"type":"LineString","coordinates":[[-74.4997760782872,39.422698996214],[-74.4997570509305,39.4228856527403],[-74.4997501878369,39.4229208722026],[-74.4997215437254,39.4230678538631]]}}]}
